Index,demand
0,0.07733282
1,0.022371296
2,0.046965476
3,0.048692208
4,0.064359464
5,0.015829062
6,0.040136933
7,0.09245267
8,0.039479923
9,0.035475362
10,0.030585958
11,0.23548914
12,0.23111962
13,0.02304366
14,0.099183455
15,0.0123447105
16,0.14456844
17,0.025306256
18,0.10755989
19,0.049080934
20,0.009627224
21,0.019173322
22,0.0779972
23,0.049626194
24,0.4770468
25,0.10072366
26,0.03850326
27,0.09840745
28,0.037618473
29,0.0
30,0.023705741
31,0.029406102
32,0.024337722
33,0.0974176
34,0.26592535
35,0.4255597
36,0.035247643
37,0.06242065
38,0.0966807
39,0.133042
40,0.0077558784
41,0.005019348
42,0.010361065
43,0.051261995
44,0.030171815
45,0.0385387
46,0.05815566
47,0.3798818
48,0.0866848
49,0.054909255
50,0.2756984
51,0.068126954
52,0.004007288
53,0.20534073
54,0.016193593
55,0.043508075
56,0.112321496
57,0.03332089
58,0.037436903
59,0.033365127
60,0.025689363
61,0.09722458
62,0.069607854
63,0.06001847
64,0.01865055
65,0.3727859
66,0.030312708
67,0.045691974
68,0.033279166
69,0.049661227
70,0.02865711
71,0.03800281
72,0.0
73,0.035658617
74,0.053639494
75,0.029981133
76,0.048360884
77,0.1044556
78,0.116558306
79,0.045622665
80,0.04071537
81,0.015114695
82,0.011838946
83,0.07488622
84,0.08836297
85,0.036271486
86,0.129306
87,0.50302327
88,0.0639507
89,0.032934643
90,0.017484212
91,0.03704505
92,0.08465026
93,0.106979564
94,0.17062643
95,0.021060731
96,0.026759215
97,0.037711427
98,0.0100197345
99,0.012622495
100,0.028883768
101,0.02658268
102,0.035749063
103,0.14049432
104,0.046323776
105,0.05640907
106,0.03688676
107,0.10474525
108,0.40596744
109,0.041697044
110,0.022023521
111,0.022107737
112,0.034510355
113,0.04090868
114,0.023779105
115,0.110917285
116,0.1605255
117,0.095233895
118,0.084432185
119,0.050734196
120,0.020591797
121,0.029518621
122,0.027365617
123,0.03263867
124,0.0
125,0.05642815
126,0.04529141
127,0.21659325
128,0.012274991
129,0.05559106
130,0.038712494
131,0.018601071
132,0.016060501
133,0.02450669
134,0.036246736
135,0.029588584
136,0.08857138
137,0.14212555
138,0.25391576
139,0.042732403
140,0.046666015
141,0.09476921
142,0.06146771
143,0.014481753
144,0.06610999
145,0.012856585
146,0.0078302
147,0.024216743
148,0.08768104
149,0.028208753
150,0.027069006
151,0.027827663
152,0.062737845
153,0.07539568
154,0.1585952
155,0.1224805
156,0.24770024
157,0.06475843
158,0.04729068
159,0.013415762
160,0.048828736
161,0.045024857
162,0.07387601
163,0.032787062
164,0.69411176
165,0.12932532
166,0.025106926
167,0.11897951
168,0.050908003
169,0.046574593
170,0.018078241
171,0.016517958
172,0.006201302
173,0.038607724
174,0.0157704
175,0.015883928
176,0.0639665
177,0.04409873
178,0.0818182
179,0.075739644
180,0.1275206
181,0.23530576
182,0.4674502
183,0.075509
184,0.033074196
185,0.084106244
186,0.020341236
187,0.049627952
188,0.009694964
189,0.066183224
190,0.05412311
191,0.14054717
192,0.062298533
193,0.09684406
194,0.05206201
195,0.06683732
196,0.020660033
197,0.021535322
198,0.10459621
199,0.03397809
200,0.05325915
201,0.03228788
202,0.00513723
203,0.015952906
204,0.04327833
205,0.055208795
206,0.07886191
207,0.1348324
208,0.117631696
209,0.17479023
210,0.120075084
211,0.1237979
212,0.016888607
213,0.09081397
214,0.059883647
215,0.0139332395
216,0.041895058
217,0.09490153
218,0.03522196
219,0.027613997
220,0.04810158
221,0.052556332
222,0.018359423
223,0.06699539
224,0.09589872
225,0.03754028
226,0.061226934
227,0.023826675
228,0.025709923
229,0.050169043
230,0.039118547
231,0.06018238
232,0.056218397
233,0.14556788
234,0.30902886
235,0.1329457
236,0.13770762
237,0.07784363
238,0.09990789
239,0.09117382
240,0.085012205
241,0.058693722
242,0.01639438
243,0.25682643
244,0.072414994
245,0.098824315
246,0.06778674
247,0.0984362
248,0.020206679
249,0.026953708
250,0.010774085
251,0.023333808
252,0.017960416
253,0.043220714
254,0.103470914
255,0.05982609
256,0.04423946
257,0.12419201
258,0.5626462
259,0.116577305
260,0.021339191
261,0.24885148
262,0.07056131
263,0.38322887
264,0.1741985
265,0.076862134
266,0.024720132
267,0.03830731
268,0.041719876
269,0.09762617
270,0.26071766
271,0.05418961
272,0.4150194
273,0.09457263
274,0.067492075
275,0.017772935
276,0.013775786
277,0.0479534
278,0.0740264
279,0.015917491
280,0.15608516
281,0.2611639
282,0.13638112
283,0.105281055
284,0.049345013
285,0.13764232
286,0.18961853
287,0.24814928
288,0.065636605
289,0.054358836
290,0.017254746
291,0.08215918
292,0.47642586
293,0.049033165
294,0.075378075
295,0.29387224
296,0.26202434
297,0.014698944
298,0.014446613
299,0.038320493
300,0.053321503
301,0.14868858
302,0.24743909
303,0.11283818
304,0.09927511
305,0.23963054
306,0.24867478
307,0.16781396
308,0.25170946
309,0.39192396
310,0.08553924
311,0.027556686
312,0.04523162
313,0.08138473
314,0.06106816
315,0.1966888
316,0.7991926
317,0.0045584957
318,0.062612005
319,0.38623688
320,0.016122952
321,0.053325906
322,0.2663816
323,0.013733355
324,0.04718437
325,0.07779847
326,0.02056682
327,0.03799619
328,0.16758189
329,0.06352252
330,0.11186119
331,0.17641222
332,0.1708384
333,0.25216806
334,0.28391072
335,0.17119911
336,0.031577773
337,0.283505
338,0.24664278
339,0.14804065
340,0.74174297
341,0.39908344
342,0.28120494
343,0.02656148
344,0.1248036
345,0.05484488
346,0.03166804
347,0.008795832
348,0.017792534
349,0.059220202
350,0.006005337
351,0.009297539
352,0.03778368
353,0.07037254
354,0.12494563
355,0.13072963
356,0.1453756
357,0.097722925
358,0.14681186
359,0.12312753
360,0.03395569
361,0.13309318
362,0.25419247
363,0.023717739
364,0.08669017
365,0.6439142
366,0.79767865
367,0.44182083
368,0.0093301665
369,0.030715736
370,0.019175772
371,0.046473797
372,0.28544575
373,0.06116491
374,0.019471865
375,0.05757647
376,0.023241954
377,0.05818888
378,0.06689673
379,0.06602478
380,0.011198848
381,0.2475724
382,0.024483915
383,0.04487396
384,0.13977873
385,0.13673514
386,0.06528776
387,0.039404962
388,0.10829951
389,0.09719181
390,0.023038711
391,0.118682496
392,0.087047964
393,0.107704416
394,0.68341494
395,0.87777513
396,0.49294147
397,0.08530259
398,0.0395999
399,0.109775126
400,0.08524818
401,0.2684964
402,0.048697773
403,0.064898774
404,0.019374356
405,0.07321518
406,0.116834074
407,0.24740976
408,0.098671354
409,0.56337595
410,0.26031706
411,0.17537794
412,0.18049641
413,0.12945603
414,0.085359596
415,0.15064186
416,0.047169693
417,0.04227056
418,0.02682238
419,0.12007031
420,0.12048775
421,0.05275699
422,0.08238661
423,0.03401354
424,0.7363439
425,1.0
426,0.8191941
427,0.07043279
428,0.042985257
429,0.25098163
430,0.15362744
431,0.03304546
432,0.011124085
433,0.019762486
434,0.019910414
435,0.049874384
436,0.13310546
437,0.059465833
438,0.42300954
439,0.5109002
440,0.09508848
441,0.15129602
442,0.15176597
443,0.27302355
444,0.09112615
445,0.25142702
446,0.10859403
447,0.039685775
448,0.08705498
449,0.1037202
450,0.10516822
451,0.042269774
452,0.017165236
453,0.2965917
454,0.39022756
455,0.16615836
456,0.058198303
457,0.03482292
458,0.25674975
459,0.077472866
460,0.26076514
461,0.034212228
462,0.048791002
463,0.04412532
464,0.02239756
465,0.022790182
466,0.053990472
467,0.052611053
468,0.25105178
469,0.8081569
470,0.43734857
471,0.41884995
472,0.12818828
473,0.19835503
474,0.24232863
475,0.43740144
476,0.09802297
477,0.034548037
478,0.042983025
479,0.032750305
480,0.2448672
481,0.15344884
482,0.065215886
483,0.2895613
484,0.26846555
485,0.2669867
486,1.0
487,0.114723876
488,0.023107136
489,0.12923256
490,0.24590024
491,0.024964612
492,0.060469814
493,0.38626364
494,0.009494803
495,0.07140306
496,0.044224717
497,0.041224528
498,0.067126274
499,0.24121957
500,0.4162697
501,0.41653803
502,0.5723297
503,0.40151766
504,0.1928339
505,0.16999185
506,0.25294352
507,0.004362229
508,0.03041859
509,0.16843043
510,0.081192344
511,0.054374367
512,0.18498076
513,0.18489754
514,0.51505435
515,0.18680026
516,0.0117826
517,0.07352333
518,0.12799662
519,0.07810052
520,0.059153706
521,0.014161807
522,0.010419504
523,0.018256912
524,0.034861024
525,0.07103233
526,0.12007582
527,0.121036425
528,0.15671284
529,0.4040588
530,0.80898726
531,0.42767847
532,0.4380119
533,0.6372335
534,0.10916565
535,0.021134194
536,0.05711135
537,0.07202791
538,0.12384688
539,0.18323582
540,0.07784317
541,0.023890557
542,0.06758063
543,0.15608613
544,0.01998272
545,0.003562437
546,0.058844157
547,0.15095466
548,0.03638393
549,0.021096464
550,0.047443766
551,0.024428181
552,0.009860054
553,0.040331684
554,0.09899324
555,0.07307486
556,0.116205245
557,0.24687931
558,0.47489336
559,0.3867548
560,0.8325303
561,0.7179882
562,0.39055848
563,0.11307433
564,0.051351808
565,0.022985632
566,0.055105582
567,0.11521253
568,0.008072331
569,0.037326664
570,0.42168042
571,0.05732328
572,0.02579111
573,0.076961234
574,0.053782713
575,0.096833535
576,0.05071596
577,0.05363613
578,0.02711379
579,0.05063768
580,0.01734325
581,0.015557021
582,0.03727318
583,0.11098135
584,0.14050908
585,0.5159034
586,0.41730878
587,0.26721528
588,0.8646436
589,0.39707032
590,0.45979032
591,0.12961005
592,0.042854942
593,0.032519355
594,0.045849126
595,0.060957238
596,0.06346537
597,0.039417267
598,0.05588459
599,0.4484148
600,0.112138
601,0.24966024
602,0.034010798
603,0.1075642
604,0.13180584
605,0.14570972
606,0.27297014
607,0.047336645
608,0.031618383
609,0.051908024
610,0.172619
611,0.5280648
612,0.38006213
613,0.2852063
614,0.16926946
615,0.38994068
616,0.17068732
617,0.07512482
618,0.02373428
619,0.060919967
620,0.037748773
621,0.1262001
622,0.26993987
623,0.047306057
624,0.2818833
625,0.031522654
626,0.07596994
627,0.18328242
628,0.049779218
629,0.014481897
630,0.13488531
631,0.15661706
632,0.04748151
633,0.2375823
634,0.2626254
635,0.07887499
636,0.084797114
637,0.024441421
638,0.07429673
639,0.08870795
640,0.0546141
641,0.12421041
642,0.2512173
643,0.048932668
644,0.028043343
645,0.019529806
646,0.14388673
647,0.013352145
648,0.014072238
649,0.08830113
650,0.039959364
651,0.041955587
652,0.15058936
653,0.049310856
654,0.065261416
655,0.011204742
656,0.074807234
657,0.19354294
658,0.37031084
659,0.4124752
660,0.03382465
661,0.017062504
662,0.017942738
663,0.03838125
664,0.081188165
665,0.02545545
666,0.061453816
667,0.13555855
668,0.016671924
669,0.029147906
670,0.021713495
671,0.017509993
672,0.092118405
673,0.117632076
674,0.28308654
675,0.018054524
676,0.019342745
677,0.06982189
678,0.083990395
679,0.10445572
680,0.2637026
681,0.042163096
682,0.0076503996
683,0.0039619
684,0.08300354
685,0.035349842
686,0.02134832
687,0.086198345
688,0.10668141
689,0.053564403
690,0.02282366
691,0.010945214
692,0.25248852
693,0.02345421
694,0.03751554
695,0.2446531
696,0.07784156
697,0.057899807
698,0.023054855
699,0.03413727
700,0.08546984
701,0.34752193
702,0.03190778
703,0.015621909
704,0.026225695
705,0.045430165
706,0.07772191
707,0.13880345
708,0.06759764
709,0.16775037
710,0.11395977
711,0.036668334
712,0.04688042
713,0.040714823
714,0.043024924
715,0.16873431
716,0.01762149
717,0.021042535
718,0.07914762
719,0.022816058
720,0.13249683
721,0.055640653
722,0.008849922
723,0.28268227
724,0.5221732
725,0.2466085
726,0.050180048
727,0.06604685
728,0.03222406
729,0.07232017
730,0.07111423
731,0.0855095
732,0.5928232
733,0.07831689
734,0.022992466
735,0.09125496
736,0.07477071
737,0.04782068
738,0.1589531
739,0.44909903
740,0.078386486
741,0.12804425
742,0.029535607
743,0.029663593
744,0.029433522
745,0.11640936
746,0.032280687
747,0.005520004
748,0.026269814
749,0.06086171
750,0.04647457
751,0.013631409
752,0.03987445
753,0.012833591
754,0.073436834
755,0.03395899
756,0.046926968
757,0.01738968
758,0.041005187
759,0.09080784
760,0.13144706
761,0.022712838
762,0.06981941
763,0.4427292
764,0.05485116
765,0.07608821
766,0.039108817
767,0.05519046
768,0.05653232
769,0.15133348
770,0.024915064
771,0.01620018
772,0.008597527
773,0.052317187
774,0.07829255
775,0.02820675
776,0.22916931
777,0.047641017
778,0.02646882
779,0.052175913
780,0.27187854
781,0.039943673
782,0.020643879
783,0.024058042
784,0.046906155
785,0.03967443
786,0.2750238
787,0.07544708
788,0.006687688
789,0.016372591
790,0.06853052
791,0.12503074
792,0.10741252
793,0.09065888
794,0.08030111
795,0.020970017
796,0.05088824
797,0.0664342
798,0.24449869
799,0.08728278
800,0.010322761
801,0.032363217
802,0.019898843
803,0.015587904
804,0.024684068
805,0.016212244
806,0.021439776
807,0.008690512
808,0.01928993
809,0.019763026
810,0.014890898
811,0.028469715
812,0.06291798
813,0.05654275
814,0.123007625
815,0.004075203
816,0.015949288
817,0.11601473
818,0.127711
819,0.111946374
820,0.02953543
821,0.012144755
822,0.020951757
823,0.025612887
824,0.006965735
825,0.014977858
826,0.0010427668
827,0.019173775
828,0.01307647
829,0.00869723
830,0.06299978
831,0.036519874
832,0.015828347
833,0.016069328
834,0.013689519
835,0.01078556
836,0.010901287
837,0.06166611
838,0.033186432
839,0.052480754
840,0.011094875
841,0.026642505
842,0.013818693
843,0.08397056
844,0.011499208
845,0.011552125
846,0.012851167
847,0.11270819
848,0.050306767
849,0.05462288
850,0.06485499
851,0.010125299
852,0.07718779
853,0.0266452
854,0.013216141
855,0.045095634
856,0.060328178
857,0.109009504
858,0.03143282
859,0.03532574
860,0.019362913
861,0.028107956
862,0.010266375
863,0.013212045
864,0.011672984
865,0.013454316
866,0.025114259
867,0.011296734
868,0.018916715
869,0.05312188
870,0.033716384
871,0.14248958
872,0.020300398
873,0.028228333
874,0.012950429
875,0.012032378
876,0.016115647
877,0.04681425
878,0.018107517
879,0.015602124
880,0.025204556
881,0.0068239137
882,0.011888338
883,0.05680907
884,0.08130765
885,0.020376146
886,0.07670001
887,0.011745603
888,0.05708973
889,0.03756222
890,0.057087045
891,0.034317646
892,0.08160999
893,0.025869275
894,0.030206745
895,0.040459152
896,0.041275784
897,0.098179564
898,0.03436748
899,0.06301049
900,0.051723506
901,0.13290094
902,0.22550115
903,0.026281947
904,0.022425126
905,0.12522179
906,0.049807988
907,0.37869504
908,0.020392075
909,0.1347154
910,0.052222308
911,0.011932243
912,0.013489402
913,0.22809131
914,0.057570554
915,0.47980502
916,0.108025156
917,0.038662966
918,0.09845788
919,0.03036312
920,0.02952331
921,0.040583983
922,0.015217359
923,0.012026301
924,0.13267687
925,0.079779945
926,0.12802461
927,0.38685253
928,0.029736342
929,0.064204186
930,0.021006288
931,0.09554544
932,0.12690032
933,0.012044315
934,0.04421812
935,0.030295614
936,0.04097293
937,0.044427477
938,0.43092644
939,0.075930275
940,0.07015634
941,0.29174215
942,0.057766322
943,0.50512964
944,0.015972262
945,0.044627108
946,0.13062018
947,0.03152539
948,0.043034367
949,0.04298151
950,0.016616715
951,0.05869705
952,0.081598006
953,0.03067428
954,0.02060963
955,0.03666812
956,0.28741488
957,0.02909399
958,0.025288915
959,0.04368956
960,0.03520873
961,0.05134344
962,0.02839441
963,0.035382424
964,0.06081368
965,0.06802892
966,0.031590864
967,0.041414175
968,0.11305913
969,0.12880513
970,0.021091713
971,0.0
972,0.014008609
973,0.10715022
974,0.23116767
975,0.015282857
976,0.043213792
977,0.14201993
978,0.28087687
979,0.060931604
980,0.03302187
981,0.019719802
982,0.020508775
983,0.0018623463
984,0.0503703
985,0.008104172
986,0.0825419
987,0.23631275
988,0.27603066
989,0.021809673
990,0.033413984
991,0.014279003
992,0.0093926815
993,0.031048585
994,0.034640454
995,0.15216501
996,0.016235987
997,0.041698147
998,0.028300457
999,0.014822809
1000,0.10671834
1001,0.46319178
1002,0.00576212
1003,0.03038325
1004,0.025554989
1005,0.023010632
1006,0.03726147
1007,0.05120991
1008,0.025053186
1009,0.1043588
1010,0.1515989
1011,0.08003664
1012,0.076064534
1013,0.054242264
1014,0.00042475408
1015,0.032827914
1016,0.029892283
1017,0.036640383
1018,0.003300811
1019,0.05445247
1020,0.052316897
1021,0.22199318
1022,0.021650422
1023,0.051701847
1024,0.03418813
1025,0.021410683
1026,0.018051244
1027,0.021648964
1028,0.042997874
1029,0.021820078
1030,0.077029325
1031,0.14895116
1032,0.18703273
1033,0.039138086
1034,0.04982101
1035,0.04050711
1036,0.08697338
1037,0.049321026
1038,0.017346306
1039,0.05888487
1040,0.012623828
1041,0.021967698
1042,0.082485646
1043,0.02898517
1044,0.021335656
1045,0.030431364
1046,0.06113515
1047,0.07682894
1048,0.27306953
1049,0.2317627
1050,0.25235897
1051,0.065251425
1052,0.052464776
1053,0.014645752
1054,0.048135992
1055,0.042746346
1056,0.07374432
1057,0.031454492
1058,0.643289
1059,0.12749118
1060,0.015877735
1061,0.11091523
1062,0.05174247
1063,0.04835265
1064,0.019160653
1065,0.013840508
1066,0.009772658
1067,0.041897383
1068,0.015929712
1069,0.0065755174
1070,0.01738442
1071,0.017077938
1072,0.049756307
1073,0.05235469
1074,0.08701496
1075,0.072554596
1076,0.12989305
1077,0.15214227
1078,0.43068466
1079,0.068957224
1080,0.03563616
1081,0.08213724
1082,0.02290139
1083,0.043649837
1084,0.030646501
1085,0.06709912
1086,0.059836436
1087,0.13945688
1088,0.047356248
1089,0.09946042
1090,0.053223897
1091,0.071664855
1092,0.04481771
1093,0.021871112
1094,0.018004723
1095,0.11235698
1096,0.008744598
1097,0.037407804
1098,0.05632897
1099,0.032667883
1100,0.0086230915
1101,0.0032941068
1102,0.020296576
1103,0.04190093
1104,0.058212996
1105,0.08743832
1106,0.13253352
1107,0.1319264
1108,0.17866665
1109,0.12384121
1110,0.14199011
1111,0.022064736
1112,0.090012364
1113,0.015040205
1114,0.06275205
1115,0.013414924
1116,0.041082088
1117,0.099413626
1118,0.036392894
1119,0.030044626
1120,0.051105555
1121,0.054755617
1122,0.016587881
1123,0.06266665
1124,0.09465284
1125,0.034740366
1126,0.05259263
1127,0.020085817
1128,0.02628206
1129,0.055965286
1130,0.01308614
1131,0.041551366
1132,0.05534468
1133,0.06564549
1134,0.15054274
1135,0.37902063
1136,0.12021917
1137,0.13706936
1138,0.07855397
1139,0.109862246
1140,0.09013298
1141,0.08839495
1142,0.061393734
1143,0.013303622
1144,0.024226807
1145,0.26481268
1146,0.0695571
1147,0.09476174
1148,0.06951643
1149,0.09894405
1150,0.02065069
1151,0.025239628
1152,0.008420923
1153,0.023260482
1154,0.045103494
1155,0.123758405
1156,0.05607687
1157,0.05031071
1158,0.13640794
1159,0.50543636
1160,0.12173968
1161,0.01858999
1162,0.25270408
1163,0.07260094
1164,0.26309863
1165,0.25084853
1166,0.072070785
1167,0.04830284
1168,0.043292813
1169,0.0960006
1170,0.24996796
1171,0.050619274
1172,0.2473478
1173,0.1031677
1174,0.07340841
1175,0.010236084
1176,0.0039836457
1177,0.019146128
1178,0.020998092
1179,0.048132654
1180,0.074992575
1181,0.017537883
1182,0.16133897
1183,0.17013493
1184,0.12716018
1185,0.10121414
1186,0.046789598
1187,0.14432713
1188,0.25603807
1189,0.2557273
1190,0.06720226
1191,0.018632993
1192,0.053445842
1193,0.025002038
1194,0.06706548
1195,0.48926273
1196,0.048304122
1197,0.060705744
1198,0.2753879
1199,0.25429085
1200,0.016115652
1201,0.008592746
1202,0.03970653
1203,0.05673663
1204,0.15476893
1205,0.16930428
1206,0.11457287
1207,0.097487666
1208,0.26891112
1209,0.25985402
1210,0.16529182
1211,0.25882062
1212,0.3902854
1213,0.09355473
1214,0.024825254
1215,0.053361394
1216,0.113249734
1217,0.05128053
1218,0.2082387
1219,0.7943573
1220,0.015988376
1221,0.062010944
1222,0.38443133
1223,0.015717816
1224,0.050938074
1225,0.25674787
1226,0.017850067
1227,0.014724698
1228,0.052694365
1229,0.07729113
1230,0.024794271
1231,0.040433858
1232,0.008256615
1233,0.17728776
1234,0.06049454
1235,0.110566415
1236,0.18245092
1237,0.17472006
1238,0.2520211
1239,0.3879408
1240,0.2651458
1241,0.03232968
1242,0.25764722
1243,0.24127935
1244,0.1590435
1245,0.77851796
1246,0.4185299
1247,0.27656
1248,0.013240717
1249,0.03112003
1250,0.11841896
1251,0.06384817
1252,0.03254281
1253,0.015132011
1254,0.0059489924
1255,0.06284144
1256,0.01754039
1257,0.03473643
1258,0.07405558
1259,0.13194548
1260,0.12649749
1261,0.13527673
1262,0.10597148
1263,0.15205778
1264,0.11427728
1265,0.032563917
1266,0.11784553
1267,0.26266524
1268,0.023188498
1269,0.06502789
1270,0.659017
1271,0.8216387
1272,0.4586671
1273,0.0068848785
1274,0.03801387
1275,0.018877618
1276,0.043223605
1277,0.27917483
1278,0.06401347
1279,0.013208952
1280,0.0636932
1281,0.008981672
1282,0.06555827
1283,0.06884886
1284,0.062780246
1285,0.013707834
1286,0.26453283
1287,0.02829896
1288,0.050852187
1289,0.14585407
1290,0.15142736
1291,0.074863635
1292,0.053257834
1293,0.099015735
1294,0.09522848
1295,0.024275998
1296,0.10499553
1297,0.09736042
1298,0.111143366
1299,0.7138086
1300,0.806019
1301,0.4648177
1302,0.014780086
1303,0.0964753
1304,0.034170132
1305,0.22025079
1306,0.080911815
1307,0.19387616
1308,0.044922356
1309,0.065284915
1310,0.02188753
1311,0.06755064
1312,0.116011
1313,0.26591137
1314,0.11259403
1315,0.56590766
1316,0.2663555
1317,0.17720188
1318,0.18491454
1319,0.12087077
1320,0.07988197
1321,0.14435084
1322,0.055758372
1323,0.035825633
1324,0.029466266
1325,0.11631122
1326,0.09800627
1327,0.04556958
1328,0.0862071
1329,0.023795199
1330,0.76571506
1331,1.0
1332,0.7875442
1333,0.042075396
1334,0.25337192
1335,0.25376177
1336,0.03259244
1337,0.020134514
1338,0.023235828
1339,0.050653104
1340,0.13122557
1341,0.06671836
1342,0.4634377
1343,0.5388202
1344,0.09778192
1345,0.14193182
1346,0.14154874
1347,0.18613113
1348,0.09656007
1349,0.37651598
1350,0.110935636
1351,0.037735898
1352,0.09090886
1353,0.10379887
1354,0.098944165
1355,0.03842308
1356,0.41792342
1357,0.3862548
1358,0.16335575
1359,0.07057045
1360,0.033442087
1361,0.14238696
1362,0.014261223
1363,0.07120608
1364,0.18282586
1365,0.033268366
1366,0.04611387
1367,0.048486635
1368,0.02075978
1369,0.020309286
1370,0.062438164
1371,0.05769364
1372,0.4660332
1373,0.7706722
1374,0.43025675
1375,0.2980114
1376,0.109287515
1377,0.20042193
1378,0.24717277
1379,0.4286217
1380,0.09618411
1381,0.0320687
1382,0.036245894
1383,0.028651435
1384,0.12837404
1385,0.24460718
1386,0.06386017
1387,0.27715462
1388,0.26843518
1389,0.2530932
1390,1.0
1391,0.10376785
1392,0.025671305
1393,0.12645753
1394,0.17207628
1395,0.025681965
1396,0.061215565
1397,0.3547522
1398,0.078030825
1399,0.046838574
1400,0.052125964
1401,0.064533696
1402,0.17386843
1403,0.42637774
1404,0.28433156
1405,0.5217921
1406,0.42093974
1407,0.20583902
1408,0.25013682
1409,0.25414637
1410,0.027594592
1411,0.1481006
1412,0.07425847
1413,0.051666044
1414,0.26530915
1415,0.25581226
1416,0.06957115
1417,0.50774324
1418,0.26916492
1419,0.018416567
1420,0.07358248
1421,0.113417104
1422,0.07518706
1423,0.05460196
1424,0.0090708425
1425,0.012155503
1426,0.018501239
1427,0.03429577
1428,0.07337947
1429,0.12600899
1430,0.12362804
1431,0.16656101
1432,0.4276471
1433,0.75145584
1434,0.46965113
1435,0.43538174
1436,0.583225
1437,0.1052961
1438,0.011898405
1439,0.053228498
1440,0.07322094
1441,0.13688283
1442,0.18957739
1443,0.0668347
1444,0.0205364
1445,0.063201174
1446,0.15130462
1447,0.02534363
1448,0.049730357
1449,0.11855495
1450,0.021764627
1451,0.04585744
1452,0.02070804
1453,0.02049105
1454,0.012053817
1455,0.03643492
1456,0.104193255
1457,0.07164582
1458,0.11434851
1459,0.25093248
1460,0.29111105
1461,0.39135107
1462,0.8783783
1463,0.7120177
1464,0.40097186
1465,0.10655728
1466,0.049503483
1467,0.016729346
1468,0.056411278
1469,0.11654822
1470,0.010514991
1471,0.04581391
1472,0.42590815
1473,0.05533877
1474,0.024057845
1475,0.07749218
1476,0.044486064
1477,0.096931085
1478,0.042939655
1479,0.04886412
1480,0.022249917
1481,0.048986163
1482,0.040678326
1483,0.115882486
1484,0.14229898
1485,0.53032494
1486,0.4139495
1487,0.26464933
1488,0.8541544
1489,0.42040005
1490,0.4568299
1491,0.12902239
1492,0.04540917
1493,0.03035361
1494,0.04400403
1495,0.051357992
1496,0.064883344
1497,0.03872001
1498,0.059954602
1499,0.41120768
1500,0.10335325
1501,0.4124492
1502,0.03141304
1503,0.09213891
1504,0.120148055
1505,0.12748802
1506,0.17449695
1507,0.039871644
1508,0.056533974
1509,0.26136762
1510,0.52599514
1511,0.4076355
1512,0.4623908
1513,0.1566594
1514,0.40822718
1515,0.17317885
1516,0.071437724
1517,0.022946518
1518,0.052185845
1519,0.036903523
1520,0.12074132
1521,0.25314382
1522,0.048781343
1523,0.28309295
1524,0.031091949
1525,0.0702658
1526,0.167731
1527,0.045527816
1528,0.013252443
1529,0.13568522
1530,0.16103406
1531,0.046169322
1532,0.2416065
1533,0.20572232
1534,0.08390478
1535,0.08506892
1536,0.027079534
1537,0.06486055
1538,0.07164605
1539,0.044907518
1540,0.11667374
1541,0.24468774
1542,0.045119107
1543,0.032295126
1544,0.1337414
1545,0.013353577
1546,0.011922591
1547,0.073946945
1548,0.054406453
1549,0.042586222
1550,0.1575884
1551,0.05208227
1552,0.06947848
1553,0.011972753
1554,0.07027495
1555,0.19104728
1556,0.3580798
1557,0.26589963
1558,0.029463515
1559,0.022910303
1560,0.076505356
1561,0.014593404
1562,0.065627314
1563,0.14479963
1564,0.014220756
1565,0.031093372
1566,0.020444322
1567,0.033372253
1568,0.03374517
1569,0.09472165
1570,0.11923639
1571,0.28398433
1572,0.017360857
1573,0.02448252
1574,0.059793543
1575,0.08119602
1576,0.11172089
1577,0.25117642
1578,0.04530935
1579,0.009873628
1580,0.010248447
1581,0.09689434
1582,0.03586018
1583,0.018029932
1584,0.08340446
1585,0.11293151
1586,0.053290136
1587,0.018841716
1588,0.017171897
1589,0.1906399
1590,0.010343325
1591,0.020583093
1592,0.03565008
1593,0.16545744
1594,0.081586674
1595,0.058440246
1596,0.021680087
1597,0.035474773
1598,0.090062775
1599,0.28691453
1600,0.030191446
1601,0.015924476
1602,0.031054389
1603,0.04336002
1604,0.06558421
1605,0.14729469
1606,0.07278861
1607,0.17887497
1608,0.10378858
1609,0.04073113
1610,0.01664407
1611,0.04710079
1612,0.038061004
1613,0.25912455
1614,0.017378652
1615,0.016167693
1616,0.07198205
1617,0.026980165
1618,0.12853725
1619,0.059371106
1620,0.008866759
1621,0.017919254
1622,0.28586707
1623,0.54740155
1624,0.100540616
1625,0.05345433
1626,0.07527613
1627,0.035440143
1628,0.02543581
1629,0.07510579
1630,0.06884422
1631,0.074620605
1632,0.5477483
1633,0.07448718
1634,0.02305439
1635,0.087399915
1636,0.08438372
1637,0.04197462
1638,0.15094791
1639,0.4659811
1640,0.07151742
1641,0.12162955
1642,0.025959209
1643,0.016798884
1644,0.017053958
1645,0.02992518
1646,0.111507446
1647,0.033271223
1648,0.02679478
1649,0.05794538
1650,0.039826315
1651,0.028776456
1652,0.03852029
1653,0.012312531
1654,0.0143892495
1655,0.0815438
1656,0.0355345
1657,0.020850997
1658,0.047708765
1659,0.08653597
1660,0.11153188
1661,0.021866461
1662,0.068502255
1663,0.41568485
1664,0.062362313
1665,0.08548352
1666,0.039855763
1667,0.05752597
1668,0.061718043
1669,0.015392358
1670,0.0216914
1671,0.2563957
1672,0.029393006
1673,0.012241446
1674,0.052461404
1675,0.08570499
1676,0.029089544
1677,0.018829277
1678,0.23131834
1679,0.04919489
1680,0.032385994
1681,0.052498005
1682,0.38304487
1683,0.019612705
1684,0.006518659
1685,0.0194184
1686,0.013310865
1687,0.048322663
1688,0.008867654
1689,0.043313496
1690,0.13253492
1691,0.07401361
1692,0.002862385
1693,0.01595574
1694,0.01671559
1695,0.06505371
1696,0.23946725
1697,0.09280535
1698,0.086017944
1699,0.08270002
1700,0.02392928
1701,0.05144851
1702,0.023497887
1703,0.07147315
1704,0.24463385
1705,0.103737675
1706,0.007994724
1707,0.041274264
1708,0.019846627
1709,0.023428313
1710,0.023129707
1711,0.018474609
1712,0.020658214
1713,0.007048335
1714,0.01615715
1715,0.023600882
1716,0.05687381
1717,0.05741263
1718,0.12497208
1719,0.005435462
1720,0.009878721
1721,0.1414319
1722,0.01587814
1723,0.15314938
1724,0.009783455
1725,0.028759973
1726,0.026370963
1727,0.027670415
1728,0.008066379
1729,0.017310526
1730,0.013876868
1731,0.011655803
1732,0.009499469
1733,0.066113
1734,0.04538532
1735,0.016844636
1736,0.06063884
1737,0.017694602
1738,0.005107661
1739,0.017110799
1740,0.0081647495
1741,0.07099662
1742,0.029373515
1743,0.06402989
1744,0.015935276
1745,0.012265069
1746,0.03393434
1747,0.0068982216
1748,0.014051477
1749,0.017430704
1750,0.07505513
1751,0.008738381
1752,0.009302535
1753,0.00988439
1754,0.110652536
1755,0.047401667
1756,0.05304398
1757,0.057171423
1758,0.0054787244
1759,0.09392645
1760,0.030057646
1761,0.012994665
1762,0.045986995
1763,0.016497713
1764,0.046696395
1765,0.09408106
1766,0.020001551
1767,0.031941704
1768,0.03261329
1769,0.023216004
1770,0.025149824
1771,0.008071097
1772,0.01649154
1773,0.013370295
1774,0.008501664
1775,0.012309418
1776,0.025317566
1777,0.010441345
1778,0.009827577
1779,0.019520862
1780,0.0513926
1781,0.033250667
1782,0.012017442
1783,0.14669721
1784,0.02747375
1785,0.014427966
1786,0.030400492
1787,0.0072018374
1788,0.020684142
1789,0.050146796
1790,0.018842159
1791,0.013702797
1792,0.02561702
1793,0.021497557
1794,0.0096633565
1795,0.036129918
1796,0.053603433
1797,0.10570199
1798,0.008776017
1799,0.019022949
1800,0.08896791
1801,0.016520193
1802,0.04666742
1803,0.025588993
1804,0.039426357
1805,0.03441092
1806,0.09575165
1807,0.020632988
1808,0.0362974
1809,0.03625659
1810,0.047246166
1811,0.08461314
1812,0.04582546
1813,0.02485898
1814,0.027018422
1815,0.0305861
1816,0.25304535
1817,0.2589697
1818,0.14680387
1819,0.060150255
1820,0.14120163
1821,0.054321587
1822,0.11592892
1823,0.04559161
1824,0.008989017
1825,0.030667154
1826,0.09776406
1827,0.039578363
1828,0.5325123
1829,0.10754675
1830,0.039030224
1831,0.09953749
1832,0.029230887
1833,0.008161456
1834,0.007039599
1835,0.025799826
1836,0.031471796
1837,0.030906301
1838,0.015529386
1839,0.013567614
1840,0.10629916
1841,0.098328784
1842,0.2819522
1843,0.45673802
1844,0.054021485
1845,0.07976205
1846,0.11283732
1847,0.006491796
1848,0.0028617533
1849,0.050107583
1850,0.04266141
1851,0.051375076
1852,0.3796192
1853,0.07398645
1854,0.103060305
1855,0.50096124
1856,0.07373547
1857,0.47035334
1858,0.020568026
1859,0.03930505
1860,0.119507186
1861,0.030523777
1862,0.039576616
1863,0.03501524
1864,0.016307944
1865,0.037258103
1866,0.06807236
1867,0.06841805
1868,0.05160096
1869,0.054370474
1870,0.28609338
1871,0.0251674
1872,0.0443166
1873,0.029016137
1874,0.05427282
1875,0.024369488
1876,0.039038572
1877,0.04258059
1878,0.030543158
1879,0.1122332
1880,0.031583637
1881,0.12625457
1882,0.076803386
1883,0.03769175
1884,0.016947802
1885,0.107240446
1886,0.08167143
1887,0.049177136
1888,0.14997464
1889,0.4358021
1890,0.0
1891,0.06785147
1892,0.023154622
1893,0.020055074
1894,0.01797485
1895,0.028293826
1896,0.0032329087
1897,0.060999867
1898,0.08559331
1899,0.12181567
1900,0.27211332
1901,0.021402052
1902,0.028858287
1903,0.034957275
1904,0.023516055
1905,0.03437304
1906,0.1571906
1907,0.018312035
1908,0.043019373
1909,0.04052594
1910,0.036977287
1911,0.10613443
1912,0.4169083
1913,0.040419586
1914,0.025735047
1915,0.027749695
1916,0.03880236
1917,0.043178167
1918,0.02388257
1919,0.10080604
1920,0.16265282
1921,0.08823269
1922,0.0811729
1923,0.05348529
1924,0.0
1925,0.035578273
1926,0.030693233
1927,0.034104727
1928,0.04637329
1929,0.05183188
1930,0.2529131
1931,0.019187715
1932,0.06327727
1933,0.034430802
1934,0.028565716
1935,0.03818026
1936,0.022763543
1937,0.04131669
1938,0.028101075
1939,0.08130373
1940,0.12552974
1941,0.41996753
1942,0.04131563
1943,0.049750343
1944,0.04341497
1945,0.08929632
1946,0.053850472
1947,0.013816853
1948,0.054611534
1949,0.01727646
1950,0.028761534
1951,0.12023034
1952,0.027114548
1953,0.023111366
1954,0.026026484
1955,0.061846886
1956,0.07836027
1957,0.26917154
1958,0.12705669
1959,0.12607336
1960,0.06423419
1961,0.048045833
1962,0.015832394
1963,0.05463948
1964,0.044583656
1965,0.076648146
1966,0.032959413
1967,0.6235675
1968,0.24439408
1969,0.02844382
1970,0.113222815
1971,0.044114683
1972,0.044677448
1973,0.017762821
1974,0.02252712
1975,0.0057146433
1976,0.051598888
1977,0.016280124
1978,0.021520793
1979,0.012468536
1980,0.059015416
1981,0.04692378
1982,0.0879229
1983,0.073378004
1984,0.12246642
1985,0.23712316
1986,0.25597924
1987,0.09307943
1988,0.038977772
1989,0.08820148
1990,0.018423863
1991,0.0052914624
1992,0.032763287
1993,0.072720625
1994,0.06544941
1995,0.13408946
1996,0.047102313
1997,0.104869075
1998,0.050123736
1999,0.06165193
2000,0.042711135
2001,0.025377803
2002,0.019954126
2003,0.10102768
2004,0.009617075
2005,0.050719958
2006,0.03600134
2007,0.011418575
2008,0.019239657
2009,0.033990987
2010,0.0561735
2011,0.07612986
2012,0.13751924
2013,0.12308243
2014,0.25100872
2015,0.11505023
2016,0.12586546
2017,0.018537898
2018,0.09300821
2019,0.017339705
2020,0.06384773
2021,0.049928308
2022,0.09608705
2023,0.034940295
2024,0.03130856
2025,0.041784767
2026,0.04803876
2027,0.024946433
2028,0.06441517
2029,0.093785115
2030,0.0296224
2031,0.056855455
2032,0.023660174
2033,0.02554931
2034,0.053449955
2035,0.015930537
2036,0.04157209
2037,0.057725262
2038,0.062451035
2039,0.15055951
2040,0.45687205
2041,0.12988572
2042,0.14673057
2043,0.088511854
2044,0.10011247
2045,0.091079146
2046,0.08939622
2047,0.06866887
2048,0.012288456
2049,0.018476056
2050,0.38510537
2051,0.067348644
2052,0.096499726
2053,0.06300819
2054,0.08616865
2055,0.020902291
2056,0.03597229
2057,0.01769782
2058,0.040224254
2059,0.13471666
2060,0.06270981
2061,0.052539904
2062,0.12562077
2063,0.50266534
2064,0.106102385
2065,0.023180956
2066,0.15056296
2067,0.07696951
2068,0.25304645
2069,0.24555305
2070,0.07094107
2071,0.03871925
2072,0.045581706
2073,0.10861133
2074,0.15017208
2075,0.046891496
2076,0.25911403
2077,0.09554994
2078,0.07096987
2079,0.012099903
2080,0.018112913
2081,0.02117178
2082,0.04369269
2083,0.07627642
2084,0.02658541
2085,0.14972268
2086,0.16083267
2087,0.1342899
2088,0.11174665
2089,0.05474539
2090,0.13258688
2091,0.19610271
2092,0.25610915
2093,0.0700925
2094,0.015791457
2095,0.051902365
2096,0.023098351
2097,0.048862386
2098,0.48624232
2099,0.048150416
2100,0.066866696
2101,0.29048824
2102,0.26039708
2103,0.018907221
2104,0.009105979
2105,0.011007497
2106,0.04344776
2107,0.06098518
2108,0.13904227
2109,0.17953037
2110,0.12788315
2111,0.10592583
2112,0.25035506
2113,0.17830281
2114,0.16898432
2115,0.19087866
2116,0.28017026
2117,0.09052681
2118,0.04824474
2119,0.09638752
2120,0.063493036
2121,0.19250573
2122,0.75349617
2123,0.017453492
2124,0.0076324474
2125,0.057686977
2126,0.37905848
2127,0.050327633
2128,0.2518903
2129,0.017803753
2130,0.044775773
2131,0.08242162
2132,0.022918062
2133,0.039933573
2134,0.1690391
2135,0.063816436
2136,0.11239518
2137,0.25665268
2138,0.17433816
2139,0.19162701
2140,0.40421623
2141,0.18149242
2142,0.03202195
2143,0.2859855
2144,0.11780619
2145,0.14689268
2146,0.7680542
2147,0.393211
2148,0.31200385
2149,0.0022579073
2150,0.032506235
2151,0.12596849
2152,0.020091375
2153,0.059186507
2154,0.022481583
2155,0.012975806
2156,0.007016137
2157,0.062448744
2158,0.009481868
2159,0.014279671
2160,0.03260293
2161,0.067966424
2162,0.13833106
2163,0.13447045
2164,0.13387577
2165,0.10194062
2166,0.26080397
2167,0.2514757
2168,0.03346281
2169,0.12326475
2170,0.2638708
2171,0.020338975
2172,0.06075419
2173,0.66469425
2174,0.82491606
2175,0.4440694
2176,0.010981449
2177,0.026854705
2178,0.0146466335
2179,0.03607375
2180,0.27235937
2181,0.06266463
2182,0.012485611
2183,0.008166273
2184,0.06524631
2185,0.07565457
2186,0.06707393
2187,0.016334789
2188,0.2519067
2189,0.019828806
2190,0.05040226
2191,0.13988513
2192,0.13382775
2193,0.077804856
2194,0.04794113
2195,0.11105216
2196,0.09592146
2197,0.024012139
2198,0.11323256
2199,0.09787141
2200,0.11362268
2201,0.69975823
2202,0.81966364
2203,0.42997897
2204,0.015106894
2205,0.097683266
2206,0.028988935
2207,0.012123247
2208,0.11764427
2209,0.099397026
2210,0.18569204
2211,0.049343143
2212,0.0598043
2213,0.018069107
2214,0.07830635
2215,0.1138806
2216,0.26029462
2217,0.14579692
2218,0.5744984
2219,0.27967337
2220,0.2694258
2221,0.18550815
2222,0.12275923
2223,0.0836314
2224,0.1401067
2225,0.054144286
2226,0.03950778
2227,0.024211628
2228,0.123644345
2229,0.10956643
2230,0.05323264
2231,0.08148549
2232,0.022549732
2233,0.72284675
2234,0.99741745
2235,0.80583614
2236,0.064716145
2237,0.038277376
2238,0.27999422
2239,0.16744715
2240,0.03125315
2241,0.009696537
2242,0.02023903
2243,0.023707883
2244,0.050197296
2245,0.13360879
2246,0.060492463
2247,0.417582
2248,0.51571506
2249,0.0945607
2250,0.15639153
2251,0.13346191
2252,0.19278847
2253,0.09126427
2254,0.401853
2255,0.1127828
2256,0.041011687
2257,0.09474686
2258,0.10579167
2259,0.10463567
2260,0.04541253
2261,0.02609258
2262,0.28515375
2263,0.39529622
2264,0.2580813
2265,0.06875736
2266,0.032545567
2267,0.16740385
2268,0.01195203
2269,0.077624634
2270,0.18655154
2271,0.031964313
2272,0.046355695
2273,0.04452263
2274,0.023936434
2275,0.027764626
2276,0.06365774
2277,0.047745395
2278,0.2643662
2279,0.7881148
2280,0.28567165
2281,0.2895348
2282,0.14230886
2283,0.26054472
2284,0.16828053
2285,0.46152395
2286,0.0949756
2287,0.025223095
2288,0.051200017
2289,0.024168
2290,0.15150902
2291,0.15333828
2292,0.07244242
2293,0.20385449
2294,0.3937376
2295,0.25968415
2296,0.9996491
2297,0.12731564
2298,0.019179115
2299,0.12061839
2300,0.15112753
2301,0.05328631
2302,0.39114285
2303,0.07725062
2304,0.04652656
2305,0.053385228
2306,0.07093376
2307,0.16121984
2308,0.42766887
2309,0.44475007
2310,0.52733344
2311,0.4446149
2312,0.20315072
2313,0.1550445
2314,0.25074413
2315,0.032880224
2316,0.15324782
2317,0.07713489
2318,0.048800167
2319,0.25947073
2320,0.2655546
2321,0.057252903
2322,0.49622953
2323,0.2791889
2324,0.0763494
2325,0.12798814
2326,0.084069945
2327,0.052788038
2328,0.008775658
2329,0.009704292
2330,0.023809817
2331,0.03813708
2332,0.07081516
2333,0.11890169
2334,0.12261785
2335,0.16790959
2336,0.40507552
2337,0.82592124
2338,0.42388973
2339,0.30950928
2340,0.61230123
2341,0.10244521
2342,0.05540286
2343,0.065561004
2344,0.13163207
2345,0.19761759
2346,0.067132965
2347,0.028428864
2348,0.0094910655
2349,0.061516814
2350,0.16031918
2351,0.051433347
2352,0.113808796
2353,0.012415885
2354,0.040939614
2355,0.027599446
2356,0.022913178
2357,0.012360392
2358,0.037804347
2359,0.10332882
2360,0.071651354
2361,0.12194906
2362,0.25615466
2363,0.30094376
2364,0.38948914
2365,0.85671735
2366,0.6934718
2367,0.3799995
2368,0.102324665
2369,0.0453055
2370,0.028970608
2371,0.054746117
2372,0.119506665
2373,0.010031642
2374,0.013984008
2375,0.03386386
2376,0.4180526
2377,0.048780464
2378,0.018814368
2379,0.075764626
2380,0.04820301
2381,0.09566599
2382,0.055959325
2383,0.051173635
2384,0.031080289
2385,0.01684799
2386,0.017846696
2387,0.03728171
2388,0.1194059
2389,0.14319539
2390,0.52579606
2391,0.41946787
2392,0.16844048
2393,0.8275537
2394,0.40766588
2395,0.49547935
2396,0.11717581
2397,0.04383253
2398,0.036894035
2399,0.059465434
2400,0.060701475
2401,0.05911858
2402,0.44310534
2403,0.095982045
2404,0.25069362
2405,0.035421588
2406,0.0994265
2407,0.11954051
2408,0.12925749
2409,0.1687031
2410,0.039533976
2411,0.032701124
2412,0.05340165
2413,0.16526042
2414,0.49190387
2415,0.42863783
2416,0.4670562
2417,0.24481647
2418,0.394367
2419,0.17319176
2420,0.0744772
2421,0.023478556
2422,0.009960475
2423,0.024622584
2424,0.010161879
2425,0.05731678
2426,0.037269574
2427,0.12443404
2428,0.13334836
2429,0.061178442
2430,0.28282887
2431,0.030362792
2432,0.06752378
2433,0.25782236
2434,0.0470908
2435,0.012250569
2436,0.012048125
2437,0.14129332
2438,0.16482128
2439,0.048443135
2440,0.24436264
2441,0.20314127
2442,0.086238116
2443,0.085926615
2444,0.079710685
2445,0.09229409
2446,0.048077628
2447,0.11806513
2448,0.13374399
2449,0.04854315
2450,0.03290177
2451,0.016465798
2452,0.14053206
2453,0.018034877
2454,0.014718281
2455,0.10244906
2456,0.014482948
2457,0.034718517
2458,0.045523085
2459,0.16567023
2460,0.049399093
2461,0.072443694
2462,0.010185317
2463,0.07492508
2464,0.20052521
2465,0.3608469
2466,0.36897323
2467,0.03675301
2468,0.07438787
2469,0.018479424
2470,0.068042524
2471,0.13663557
2472,0.017103562
2473,0.034262806
2474,0.01810217
2475,0.027095206
2476,0.015814658
2477,0.014112075
2478,0.03184913
2479,0.096335
2480,0.11610084
2481,0.36127514
2482,0.020952296
2483,0.063337415
2484,0.08402921
2485,0.10218286
2486,0.24922654
2487,0.052051585
2488,0.009809846
2489,0.09169136
2490,0.019760419
2491,0.085119575
2492,0.24460581
2493,0.04574089
2494,0.010211378
2495,0.024772257
2496,0.009800544
2497,0.26904228
2498,0.023773242
2499,0.018152049
2500,0.03402559
2501,0.16798511
2502,0.08416503
2503,0.057827454
2504,0.02301822
2505,0.028803771
2506,0.08736569
2507,0.17724784
2508,0.032163583
2509,0.018432744
2510,0.030025639
2511,0.046736483
2512,0.0715911
2513,0.1622238
2514,0.07087863
2515,0.25907403
2516,0.10192821
2517,0.033789184
2518,0.04721172
2519,0.036598727
2520,0.032475848
2521,0.14924197
2522,0.027705237
2523,0.0154184615
2524,0.076934665
2525,0.025663929
2526,0.13418818
2527,0.05911181
2528,0.01343689
2529,0.28505108
2530,0.5731334
2531,0.111686684
2532,0.046311054
2533,0.007711628
2534,0.07173348
2535,0.031542916
2536,0.028433992
2537,0.069862545
2538,0.07546897
2539,0.08366503
2540,0.6664712
2541,0.07680421
2542,0.020653456
2543,0.091088794
2544,0.07552963
2545,0.018309137
2546,0.04169961
2547,0.1463512
2548,0.49839976
2549,0.073392764
2550,0.09679129
2551,0.031231228
2552,0.01799517
2553,0.03055936
2554,0.11406201
2555,0.03520758
2556,0.025933234
2557,0.0029493417
2558,0.059794705
2559,0.038006764
2560,0.045607794
2561,0.013069315
2562,0.07640292
2563,0.031045135
2564,0.03758977
2565,0.019753208
2566,0.037793986
2567,0.08971167
2568,0.10953161
2569,0.02636498
2570,0.06456321
2571,0.40920466
2572,0.06184472
2573,0.08029518
2574,0.040597204
2575,0.031685438
2576,0.061096556
2577,0.070286036
2578,0.0137337865
2579,0.022247368
2580,0.26846018
2581,0.029894512
2582,0.01074498
2583,0.057942957
2584,0.08643526
2585,0.025916977
2586,0.017676076
2587,0.10927784
2588,0.04955629
2589,0.027813254
2590,0.050796736
2591,0.38547134
2592,0.020053715
2593,0.008182507
2594,0.01728263
2595,0.014851911
2596,0.049645595
2597,0.010706417
2598,0.042378794
2599,0.10633851
2600,0.08178446
2601,0.015744526
2602,0.07989371
2603,0.12666565
2604,0.106574
2605,0.0879776
2606,0.07054276
2607,0.05464863
2608,0.023831487
2609,0.07105413
2610,0.26900536
2611,0.08361858
2612,0.007652213
2613,0.03430386
2614,0.018210301
2615,0.014945663
2616,0.019869467
2617,0.0136071155
2618,0.020764813
2619,0.0065614223
2620,0.017496033
2621,0.016629912
2622,0.029160384
2623,0.05977245
2624,0.06111719
2625,0.12941487
2626,0.009816271
2627,0.012574805
2628,0.11587457
2629,0.0077632936
2630,0.13886887
2631,0.019547295
2632,0.010613832
2633,0.028316783
2634,0.025729967
2635,0.02453212
2636,0.0054424275
2637,0.028881682
2638,0.018227963
2639,0.016706409
2640,0.0077208085
2641,0.06728904
2642,0.019990617
2643,0.04584196
2644,0.016196005
2645,0.055319212
2646,0.016587788
2647,0.014440939
2648,0.011095755
2649,0.07210082
2650,0.033339795
2651,0.060968723
2652,0.011060123
2653,0.012512781
2654,0.029056503
2655,0.08803248
2656,0.014165095
2657,0.008111108
2658,0.101389736
2659,0.062358286
2660,0.059334923
2661,0.010436962
2662,0.003751176
2663,0.08687036
2664,0.027831024
2665,0.009800018
2666,0.050393853
2667,0.01479021
2668,0.043801647
2669,0.099740975
2670,0.02248679
2671,0.021465495
2672,0.028091434
2673,0.032395437
2674,0.025857849
2675,0.031396806
2676,0.009104253
2677,0.0061358004
2678,0.012673664
2679,0.013770362
2680,0.010914423
2681,0.02612411
2682,0.008546879
2683,0.011946167
2684,0.05759542
2685,0.14127506
2686,0.01752178
2687,0.048363104
2688,0.018718332
2689,0.013952557
2690,0.02667344
2691,0.018570542
2692,0.01388315
2693,0.038215213
2694,0.048190277
2695,0.07809919
2696,0.0144321
2697,0.08069767
2698,0.038339693
2699,0.015910668
2700,0.0410487
2701,0.040492885
2702,0.08834709
2703,0.036652695
2704,0.11099193
2705,0.045512382
2706,0.0675432
2707,0.036940888
2708,0.033691607
2709,0.1776051
2710,0.3954931
2711,0.017454697
2712,0.019559901
2713,0.028766543
2714,0.1539515
2715,0.15610734
2716,0.03802486
2717,0.12317085
2718,0.044145588
2719,0.02902383
2720,0.050381847
2721,0.014784793
2722,0.005096278
2723,0.23087439
2724,0.023626287
2725,0.49200812
2726,0.12153464
2727,0.03279189
2728,0.23124082
2729,0.028625544
2730,0.0028135304
2731,0.023471657
2732,0.036733944
2733,0.033007286
2734,0.012260644
2735,0.012833663
2736,0.09817388
2737,0.09973491
2738,0.43473163
2739,0.4774347
2740,0.040859845
2741,0.055772316
2742,0.10465341
2743,0.13723974
2744,0.0061683212
2745,0.052586425
2746,0.025160907
2747,0.049801175
2748,0.036301035
2749,0.2900416
2750,0.10309512
2751,0.3906874
2752,0.51793426
2753,0.0728513
2754,0.2800244
2755,0.0036567855
2756,0.01147824
2757,0.049650703
2758,0.12664823
2759,0.03104233
2760,0.03505195
2761,0.0318391
2762,0.016166504
2763,0.0
2764,0.07923844
2765,0.08030716
2766,0.046239812
2767,0.03727372
2768,0.04649738
2769,0.36092082
2770,0.024487926
2771,0.026487183
2772,0.034142483
2773,0.050593313
2774,0.03696036
2775,0.057853885
2776,0.039634988
2777,0.12287371
2778,0.03694315
2779,0.24424842
2780,0.036706164
2781,0.02409383
2782,0.0048054056
2783,0.53630024
2784,0.085596465
2785,0.05787561
2786,0.25587708
2787,0.2825372
2788,0.06428682
2789,0.028308535
2790,0.011116189
2791,0.015392133
2792,0.017529694
2793,0.012889913
2794,0.0022332931
2795,0.035239615
2796,0.0
2797,0.05890597
2798,0.064673625
2799,0.08147347
2800,0.23655528
2801,0.27547345
2802,0.021918453
2803,0.03417406
2804,0.02737507
2805,0.030940946
2806,0.15846261
2807,0.046353094
2808,0.049481384
2809,0.03518005
2810,0.11076556
2811,0.42336744
2812,0.037797805
2813,0.030265637
2814,0.026953304
2815,0.03686244
2816,0.049704418
2817,0.024969224
2818,0.01413078
2819,0.11303552
2820,0.15011615
2821,0.089741394
2822,0.076429
2823,0.052604552
2824,0.025613697
2825,0.033984337
2826,0.0373973
2827,0.043132346
2828,0.051240485
2829,0.110593446
2830,0.014852361
2831,0.05694063
2832,0.026145076
2833,0.016707707
2834,0.021809133
2835,0.030439368
2836,0.045284346
2837,0.014333342
2838,0.07895566
2839,0.259261
2840,0.2512111
2841,0.045930278
2842,0.045395415
2843,0.042248365
2844,0.08655051
2845,0.051163606
2846,0.015844554
2847,0.06028981
2848,0.013743705
2849,0.02371663
2850,0.10392787
2851,0.022831913
2852,0.021931881
2853,0.028577821
2854,0.010442871
2855,0.061910417
2856,0.073903
2857,0.28254494
2858,0.11698721
2859,0.2589318
2860,0.05501467
2861,0.04580366
2862,0.017377697
2863,0.049538556
2864,0.045411386
2865,0.07522294
2866,0.03307804
2867,0.636833
2868,0.11562055
2869,0.009070845
2870,0.10915887
2871,0.048717156
2872,0.044872142
2873,0.014680079
2874,0.04795641
2875,0.0133000035
2876,0.006095887
2877,0.019231811
2878,0.0138650965
2879,0.058224972
2880,0.04740703
2881,0.08091691
2882,0.07537233
2883,0.12531023
2884,0.2340599
2885,0.40411195
2886,0.0760304
2887,0.030069688
2888,0.07943405
2889,0.020077284
2890,0.050199665
2891,0.005399163
2892,0.025983538
2893,0.064618856
2894,0.073001154
2895,0.14426446
2896,0.048658498
2897,0.115530916
2898,0.046504006
2899,0.057369262
2900,0.046165515
2901,0.028727314
2902,0.016555255
2903,0.10078284
2904,0.0050720964
2905,0.030668026
2906,0.05395147
2907,0.026704172
2908,0.009198554
2909,0.017990679
2910,0.039298903
2911,0.064008035
2912,0.08083424
2913,0.13908534
2914,0.12434826
2915,0.23749562
2916,0.131007
2917,0.13572308
2918,0.01786234
2919,0.08898913
2920,0.064237505
2921,0.04700976
2922,0.08802197
2923,0.041895837
2924,0.04935778
2925,0.04887965
2926,0.058767125
2927,0.09343092
2928,0.033457324
2929,0.058836628
2930,0.019258847
2931,0.025726488
2932,0.015338078
2933,0.05415358
2934,0.016581412
2935,0.04371831
2936,0.058920495
2937,0.061377153
2938,0.14935283
2939,0.41245678
2940,0.12009942
2941,0.25791952
2942,0.08087292
2943,0.10400421
2944,0.08912783
2945,0.089066654
2946,0.06699792
2947,0.011772315
2948,0.0127903195
2949,0.013437594
2950,0.27797642
2951,0.080714956
2952,0.09065657
2953,0.06660683
2954,0.08921247
2955,0.018430883
2956,0.031196354
2957,0.00836138
2958,0.018640878
2959,0.041953474
2960,0.14647399
2961,0.058917034
2962,0.051867787
2963,0.12899877
2964,0.4542128
2965,0.11128803
2966,0.018790971
2967,0.13616082
2968,0.071697965
2969,0.24914007
2970,0.1854683
2971,0.07700808
2972,0.025688956
2973,0.04567735
2974,0.09760278
2975,0.25343618
2976,0.050389986
2977,0.23969418
2978,0.10287106
2979,0.07066501
2980,0.011217359
2981,0.006577509
2982,0.018868895
2983,0.020027544
2984,0.042111322
2985,0.07120627
2986,0.023308871
2987,0.13945252
2988,0.25271788
2989,0.1403818
2990,0.096607015
2991,0.049676
2992,0.122133136
2993,0.19456281
2994,0.247215
2995,0.06894067
2996,0.012349779
2997,0.055592146
2998,0.020682454
2999,0.086123146
3000,0.47234574
3001,0.045228653
3002,0.06036308
3003,0.39465997
3004,0.2529999
3005,0.0032124897
3006,0.011219319
3007,0.0162054
3008,0.042843092
3009,0.04864955
3010,0.14163952
3011,0.25683507
3012,0.12154577
3013,0.114148214
3014,0.2483034
3015,0.24877913
3016,0.16867864
3017,0.19878386
3018,0.4157474
3019,0.09604507
3020,0.006006423
3021,0.02891735
3022,0.04761033
3023,0.09171855
3024,0.05071134
3025,0.19450898
3026,0.79046506
3027,0.0045648487
3028,0.054520305
3029,0.39395925
3030,0.014773529
3031,0.049124215
3032,0.25638658
3033,0.010980549
3034,0.04791951
3035,0.07834004
3036,0.020862084
3037,0.05416812
3038,0.1760818
3039,0.06387238
3040,0.10395616
3041,0.19926809
3042,0.16775146
3043,0.18513034
3044,0.3753052
3045,0.18043827
3046,0.028367748
3047,0.2704165
3048,0.24139556
3049,0.16806826
3050,0.7496517
3051,0.40897575
3052,0.28363004
3053,0.0032676195
3054,0.03153618
3055,0.10737805
3056,0.018814782
3057,0.05744228
3058,0.016803505
3059,0.011814558
3060,0.062782064
3061,0.0081626605
3062,0.010149452
3063,0.028987376
3064,0.07726462
3065,0.13328205
3066,0.1271973
3067,0.1424936
3068,0.099058546
3069,0.25553173
3070,0.11344824
3071,0.029626269
3072,0.13026051
3073,0.19766116
3074,0.022765178
3075,0.07639147
3076,0.7109572
3077,0.8961429
3078,0.4163159
3079,0.0077082743
3080,0.032350723
3081,0.029633122
3082,0.27630377
3083,0.068197004
3084,0.05202294
3085,0.010462986
3086,0.06385086
3087,0.0771747
3088,0.06914539
3089,0.017914701
3090,0.26078552
3091,0.024193712
3092,0.047316823
3093,0.14357653
3094,0.13355951
3095,0.07248986
3096,0.050556142
3097,0.11801533
3098,0.20374343
3099,0.022140702
3100,0.11067625
3101,0.09372765
3102,0.09464825
3103,0.74767375
3104,0.82735074
3105,0.44961366
3106,0.009533488
3107,0.19700365
3108,0.0046521407
3109,0.11839558
3110,0.09515322
3111,0.24546212
3112,0.039684188
3113,0.06474921
3114,0.023983477
3115,0.0762385
3116,0.11609014
3117,0.26351932
3118,0.14825067
3119,0.55330116
3120,0.26695505
3121,0.17128433
3122,0.1771253
3123,0.12158999
3124,0.07301475
3125,0.13714384
3126,0.052917454
3127,0.040182192
3128,0.11092815
3129,0.1125863
3130,0.043566953
3131,0.076935284
3132,0.7686182
3133,0.98687637
3134,0.84134245
3135,0.06132125
3136,0.049699962
3137,0.15440832
3138,0.0077510164
3139,0.15210173
3140,0.029953757
3141,0.020743446
3142,0.025049035
3143,0.05230619
3144,0.13531378
3145,0.061715294
3146,0.46880063
3147,0.5002517
3148,0.09509672
3149,0.14138389
3150,0.13672848
3151,0.17781807
3152,0.08756594
3153,0.23755337
3154,0.11290184
3155,0.039535623
3156,0.08582901
3157,0.10244916
3158,0.09705384
3159,0.0439397
3160,0.29401165
3161,0.40282845
3162,0.25240517
3163,0.06417395
3164,0.034327984
3165,0.1411842
3166,0.018872451
3167,0.07537249
3168,0.17310208
3169,0.0348307
3170,0.044969235
3171,0.04897885
3172,0.02233618
3173,0.021409843
3174,0.05531245
3175,0.05324972
3176,0.25617316
3177,0.79104084
3178,0.29654118
3179,0.29748034
3180,0.14404155
3181,0.19317497
3182,0.17672014
3183,0.4449892
3184,0.09928073
3185,0.029637843
3186,0.0389549
3187,0.027295558
3188,0.13860378
3189,0.15114321
3190,0.07450359
3191,0.21074985
3192,0.40001792
3193,0.2653265
3194,1.0
3195,0.23111103
3196,0.01665875
3197,0.11741375
3198,0.1540444
3199,0.023910271
3200,0.056230556
3201,0.26027
3202,0.07140909
3203,0.048137877
3204,0.052273337
3205,0.06491984
3206,0.24985537
3207,0.40974584
3208,0.29817098
3209,0.5484751
3210,0.3175025
3211,0.19871467
3212,0.16751975
3213,0.2714769
3214,0.008214545
3215,0.022148386
3216,0.14746904
3217,0.07874419
3218,0.050989967
3219,0.18244073
3220,0.28312603
3221,0.053116024
3222,0.4821505
3223,0.27194285
3224,0.07555357
3225,0.13098405
3226,0.08534826
3227,0.054982506
3228,0.01138526
3229,0.034561876
3230,0.07201087
3231,0.11886967
3232,0.12767278
3233,0.16361052
3234,0.306812
3235,0.799134
3236,0.4404297
3237,0.40126655
3238,0.59138256
3239,0.11304063
3240,0.056714516
3241,0.071946904
3242,0.11989387
3243,0.26025492
3244,0.08299521
3245,0.029157732
3246,0.066302404
3247,0.13796441
3248,0.12864698
3249,0.026151001
3250,0.018542042
3251,0.04069042
3252,0.019011503
3253,0.02332893
3254,0.014688493
3255,0.03623095
3256,0.103683434
3257,0.07661671
3258,0.11717066
3259,0.18765011
3260,0.29170132
3261,0.40414163
3262,0.89806116
3263,0.69564235
3264,0.27011767
3265,0.10021724
3266,0.035487894
3267,0.023418667
3268,0.05359105
3269,0.11075878
3270,0.019011745
3271,0.013242324
3272,0.03493819
3273,0.38733575
3274,0.05135862
3275,0.020774197
3276,0.07727939
3277,0.048435517
3278,0.09824977
3279,0.048259243
3280,0.05358599
3281,0.017893571
3282,0.044652253
3283,0.012178284
3284,0.01756726
3285,0.03886392
3286,0.11560037
3287,0.14788434
3288,0.5399542
3289,0.43278655
3290,0.17876801
3291,0.8288489
3292,0.41271758
3293,0.4458444
3294,0.13000982
3295,0.04490354
3296,0.043195356
3297,0.056636237
3298,0.06660787
3299,0.03655094
3300,0.05922206
3301,0.42981377
3302,0.09370949
3303,0.24261115
3304,0.034581773
3305,0.09663234
3306,0.12092967
3307,0.12274507
3308,0.16437347
3309,0.044073064
3310,0.032121483
3311,0.011420155
3312,0.056420077
3313,0.16444474
3314,0.4626499
3315,0.40687478
3316,0.47010097
3317,0.16748726
3318,0.41209814
3319,0.1652806
3320,0.07516704
3321,0.021102725
3322,0.008537233
3323,0.028283624
3324,0.016721115
3325,0.0488976
3326,0.123465106
3327,0.12626196
3328,0.05387882
3329,0.19653523
3330,0.032050025
3331,0.069374464
3332,0.2258432
3333,0.04576234
3334,0.013020067
3335,0.012519932
3336,0.13987486
3337,0.17012514
3338,0.043794326
3339,0.14158112
3340,0.27033818
3341,0.08211759
3342,0.087711126
3343,0.023782538
3344,0.05844441
3345,0.07901077
3346,0.04407292
3347,0.112838924
3348,0.12312202
3349,0.04290887
3350,0.03285956
3351,0.011045503
3352,0.12657855
3353,0.014788517
3354,0.10548256
3355,0.03811193
3356,0.048026673
3357,0.2606553
3358,0.05104522
3359,0.06849888
3360,0.07081971
3361,0.19193554
3362,0.36705893
3363,0.39011216
3364,0.026853167
3365,0.004834574
3366,0.021963095
3367,0.032621436
3368,0.07658715
3369,0.06190502
3370,0.111439355
3371,0.016312126
3372,0.029116683
3373,0.017577183
3374,0.030208534
3375,0.017211927
3376,0.03165167
3377,0.096692756
3378,0.12503049
3379,0.36993465
3380,0.018591385
3381,0.023702016
3382,0.06612644
3383,0.08036681
3384,0.10151298
3385,0.25489044
3386,0.05467814
3387,0.009147956
3388,0.0007041879
3389,0.08321205
3390,0.034333732
3391,0.016867137
3392,0.082888044
3393,0.11986568
3394,0.04750041
3395,0.017243868
3396,0.01079984
3397,0.26589122
3398,0.016825909
3399,0.03727982
3400,0.17287101
3401,0.09499739
3402,0.060192626
3403,0.02131664
3404,0.028023316
3405,0.08657781
3406,0.2773518
3407,0.031559065
3408,0.01665895
3409,0.031363014
3410,0.048547335
3411,0.06660091
3412,0.14703207
3413,0.07842768
3414,0.1857829
3415,0.104005985
3416,0.033446375
3417,0.011978083
3418,0.047170587
3419,0.038288306
3420,0.025992274
3421,0.14746115
3422,0.017022349
3423,0.0738201
3424,0.024455294
3425,0.12918766
3426,0.05894408
3427,0.010881601
3428,0.010522338
3429,0.2797813
3430,0.5212078
3431,0.24207988
3432,0.04093301
3433,0.06572759
3434,0.031244582
3435,0.021133233
3436,0.0807122
3437,0.078897916
3438,0.069204696
3439,0.6153604
3440,0.07489968
3441,0.08654275
3442,0.07693209
3443,0.038816538
3444,0.13648696
3445,0.47452664
3446,0.07475656
3447,0.11383976
3448,0.030180218
3449,0.032027166
3450,0.11836729
3451,0.031674378
3452,0.024287269
3453,0.00156907
3454,0.06326688
3455,0.04603579
3456,0.03923384
3457,0.005810275
3458,0.009175942
3459,0.076782666
3460,0.034039162
3461,0.04631559
3462,0.03862214
3463,0.09209088
3464,0.11431779
3465,0.022163618
3466,0.067681104
3467,0.40851337
3468,0.056765597
3469,0.07668343
3470,0.039492387
3471,0.03595674
3472,0.05988962
3473,0.06220943
3474,0.016005756
3475,0.26710287
3476,0.027633844
3477,0.0
3478,0.0015498056
3479,0.014764527
3480,0.050668444
3481,0.082823254
3482,0.028664894
3483,0.098923214
3484,0.044329938
3485,0.05388076
3486,0.25995043
3487,0.026354326
3488,0.023145966
3489,0.05651732
3490,0.012258175
3491,0.051092062
3492,0.107011236
3493,0.07909971
3494,0.0040656687
3495,0.012722071
3496,0.017218748
3497,0.0034487078
3498,0.067799255
3499,0.13330513
3500,0.098074876
3501,0.08930799
3502,0.090097085
3503,0.028526992
3504,0.051950347
3505,0.01869085
3506,0.08136014
3507,0.18566237
3508,0.095140934
3509,0.012710306
3510,0.03901686
3511,0.026295315
3512,0.017298961
3513,0.014234635
3514,0.020491505
3515,0.008770441
3516,0.005695286
3517,0.01919609
3518,0.014763483
3519,0.026423134
3520,0.052073445
3521,0.063579425
3522,0.12250778
3523,0.13737975
3524,0.15425612
3525,0.00581613
3526,0.029853243
3527,0.014762031
3528,0.025814286
3529,0.023235647
3530,0.0043565696
3531,0.0146457525
3532,0.028785797
3533,0.012633149
3534,0.013382755
3535,0.07605767
3536,0.024524653
3537,0.043177545
3538,0.04765959
3539,0.014607216
3540,0.011433814
3541,0.08739404
3542,0.03193547
3543,0.053179305
3544,0.009971532
3545,0.025722612
3546,0.007986192
3547,0.016406003
3548,0.087753706
3549,0.015299025
3550,0.006856728
3551,0.011059434
3552,0.123662114
3553,0.04139061
3554,0.058247697
3555,0.057215758
3556,0.014652354
3557,0.09681483
3558,0.02435569
3559,0.009863555
3560,0.0033985989
3561,0.05144239
3562,0.0144278705
3563,0.051462196
3564,0.016439328
3565,0.10334535
3566,0.018293375
3567,0.027226072
3568,0.022081487
3569,0.028045427
3570,0.0153198
3571,0.01323201
3572,0.011342449
3573,0.0060672844
3574,0.00820563
3575,0.026276842
3576,0.008356328
3577,0.01780198
3578,0.058850415
3579,0.13850439
3580,0.017699448
3581,0.030895574
3582,0.01019462
3583,0.017318282
3584,0.055382285
3585,0.020817107
3586,0.013711599
3587,0.031043265
3588,0.015066261
3589,0.024101313
3590,0.049651228
3591,0.08009946
3592,0.020504326
3593,0.0758937
3594,0.006079452
3595,0.047485333
3596,0.038434464
3597,0.042158857
3598,0.073559806
3599,0.03234445
3600,0.03751964
3601,0.023275267
3602,0.09104751
3603,0.07660031
3604,0.0044821315
3605,0.041633125
3606,0.058895748
3607,0.041695766
3608,0.07366503
3609,0.37402248
3610,0.38149968
3611,0.017059457
3612,0.034914527
3613,0.35375786
3614,0.04035139
3615,0.2582087
3616,0.04461014
3617,0.23421784
3618,0.049280893
3619,0.019217657
3620,0.042724263
3621,0.0135435015
3622,0.0058466615
3623,0.24903171
3624,0.057600155
3625,0.50184846
3626,0.10455799
3627,0.104693554
3628,0.028680023
3629,0.019252745
3630,0.042257197
3631,0.030878652
3632,0.010764962
3633,0.012945965
3634,0.10350426
3635,0.10517786
3636,0.42027557
3637,0.49864528
3638,0.044132125
3639,0.0481457
3640,0.0999442
3641,0.26325035
3642,0.005148032
3643,0.059486836
3644,0.031131184
3645,0.036745727
3646,0.067343004
3647,0.4091939
3648,0.08737667
3649,0.4380822
3650,0.53119797
3651,0.08625952
3652,0.48890528
3653,0.0
3654,0.042576853
3655,0.23900287
3656,0.038151417
3657,0.038412206
3658,0.032616004
3659,0.022797715
3660,0.034892485
3661,0.07531613
3662,0.08660545
3663,0.040632617
3664,0.022019533
3665,0.043483187
3666,0.27727178
3667,0.02744222
3668,0.025483165
3669,0.04235778
3670,0.039982583
3671,0.050239228
3672,0.025716003
3673,0.038833085
3674,0.059740532
3675,0.057026252
3676,0.029592035
3677,0.051376186
3678,0.12837805
3679,0.02797398
3680,0.2333484
3681,0.033008695
3682,0.0054180566
3683,0.013942628
3684,0.0067932336
3685,0.47286806
3686,0.08604599
3687,0.052363493
3688,0.13880299
3689,0.44928247
3690,0.0
3691,0.05959677
3692,0.03288625
3693,0.008802224
3694,0.011491523
3695,0.017416593
3696,0.016942902
3697,0.0
3698,0.040510606
3699,0.0006127827
3700,0.05956992
3701,0.052656207
3702,0.07961708
3703,0.2354486
3704,0.2767356
3705,0.023793936
3706,0.030408414
3707,0.028708218
3708,0.024545647
3709,0.03587709
3710,0.15030755
3711,0.021795902
3712,0.041621
3713,0.04571693
3714,0.11023036
3715,0.4177095
3716,0.02967996
3717,0.022072317
3718,0.032458853
3719,0.051535673
3720,0.024508594
3721,0.10131265
3722,0.15287577
3723,0.08392621
3724,0.09122055
3725,0.051151697
3726,0.01967334
3727,0.034684025
3728,0.03274963
3729,0.03969389
3730,0.04743385
3731,0.050685897
3732,0.23559517
3733,0.010771698
3734,0.048632532
3735,0.029242814
3736,0.016212642
3737,0.014838188
3738,0.030200418
3739,0.045740847
3740,0.010673147
3741,0.07214209
3742,0.15397324
3743,0.25753185
3744,0.04245297
3745,0.042479664
3746,0.04672928
3747,0.09686696
3748,0.05241082
3749,0.017523693
3750,0.05629497
3751,0.016468126
3752,0.021632837
3753,0.10874111
3754,0.028864983
3755,0.021401865
3756,0.031869724
3757,0.066226564
3758,0.07039006
3759,0.16619818
3760,0.108884506
3761,0.14209545
3762,0.06518688
3763,0.04320812
3764,0.021682465
3765,0.057714008
3766,0.043417916
3767,0.066659614
3768,0.033456914
3769,0.6184384
3770,0.122513436
3771,0.023196796
3772,0.010680046
3773,0.110526964
3774,0.046540435
3775,0.044550695
3776,0.020017102
3777,0.014335832
3778,0.050364062
3779,0.00922578
3780,0.015652204
3781,0.02291362
3782,0.064032786
3783,0.048924413
3784,0.078483745
3785,0.072013475
3786,0.13890146
3787,0.23559245
3788,0.42634115
3789,0.08030885
3790,0.032657605
3791,0.08611649
3792,0.023055764
3793,0.05264338
3794,0.06251783
3795,0.05525383
3796,0.15172498
3797,0.04989012
3798,0.104529046
3799,0.050103266
3800,0.06288366
3801,0.025349822
3802,0.017795768
3803,0.1052726
3804,0.006009711
3805,0.028992701
3806,0.05531431
3807,0.00968331
3808,0.018125081
3809,0.04674696
3810,0.052220307
3811,0.08511523
3812,0.13535161
3813,0.12588817
3814,0.24923728
3815,0.11773717
3816,0.1348692
3817,0.020089101
3818,0.094032794
3819,0.06540572
3820,0.041995145
3821,0.09346685
3822,0.038072735
3823,0.028110862
3824,0.050616257
3825,0.05362364
3826,0.017518787
3827,0.05882731
3828,0.09123917
3829,0.03257281
3830,0.053121466
3831,0.023564916
3832,0.025937773
3833,0.052061327
3834,0.019312693
3835,0.04739424
3836,0.06549445
3837,0.060796227
3838,0.1467581
3839,0.37920314
3840,0.12633982
3841,0.13723242
3842,0.07369532
3843,0.096458316
3844,0.092292346
3845,0.089159206
3846,0.065533996
3847,0.0075057587
3848,0.010645486
3849,0.02156821
3850,0.25790706
3851,0.080049165
3852,0.09110087
3853,0.065220885
3854,0.09460343
3855,0.02076049
3856,0.02554154
3857,0.008036615
3858,0.020516032
3859,0.044451773
3860,0.14375235
3861,0.061695814
3862,0.049689822
3863,0.12655894
3864,0.49977812
3865,0.10454485
3866,0.017963303
3867,0.24516317
3868,0.07313882
3869,0.18087976
3870,0.21717624
3871,0.08205021
3872,0.021127447
3873,0.049110714
3874,0.05712877
3875,0.09054749
3876,0.15824062
3877,0.052083828
3878,0.24431257
3879,0.09756125
3880,0.062016767
3881,0.01135276
3882,0.006196492
3883,0.023339234
3884,0.04407496
3885,0.08200468
3886,0.019715903
3887,0.13575959
3888,0.16013637
3889,0.12614807
3890,0.10225753
3891,0.044283755
3892,0.12944067
3893,0.2005916
3894,0.2539978
3895,0.06545335
3896,0.05661117
3897,0.07224274
3898,0.44622812
3899,0.043150153
3900,0.07159723
3901,0.2816704
3902,0.2511966
3903,0.010882697
3904,0.016475093
3905,0.004996141
3906,0.042907555
3907,0.059484165
3908,0.14592262
3909,0.2559015
3910,0.11493498
3911,0.095272765
3912,0.2617571
3913,0.16594559
3914,0.170838
3915,0.19855797
3916,0.39427692
3917,0.09197113
3918,0.0242825
3919,0.04997568
3920,0.09273313
3921,0.067046165
3922,0.28504097
3923,0.8252819
3924,0.00801217
3925,0.05678935
3926,0.3725188
3927,0.01582394
3928,0.043817583
3929,0.2578146
3930,0.009668575
3931,0.04449234
3932,0.076879926
3933,0.02526642
3934,0.055223145
3935,0.011611501
3936,0.27540424
3937,0.061716117
3938,0.10591462
3939,0.18444452
3940,0.15242556
3941,0.2454398
3942,0.37329903
3943,0.18240522
3944,0.031860907
3945,0.26620868
3946,0.11600654
3947,0.1504595
3948,0.74065423
3949,0.37552154
3950,0.28984585
3951,0.0077595897
3952,0.030682536
3953,0.13071565
3954,0.05913747
3955,0.026379574
3956,0.0062213303
3957,0.016868874
3958,0.007957636
3959,0.06990853
3960,0.010682409
3961,0.031709496
3962,0.077417806
3963,0.1329945
3964,0.12315242
3965,0.14171185
3966,0.10905019
3967,0.2451485
3968,0.2466749
3969,0.029322214
3970,0.12711869
3971,0.27212775
3972,0.021671684
3973,0.08782344
3974,0.74075127
3975,0.8648402
3976,0.46496725
3977,0.04233107
3978,0.04116578
3979,0.26071241
3980,0.0655526
3981,0.059036594
3982,0.011280307
3983,0.065908186
3984,0.07479801
3985,0.06541422
3986,0.0146687925
3987,0.2536182
3988,0.027750337
3989,0.042974498
3990,0.15447345
3991,0.13517831
3992,0.07561846
3993,0.05702285
3994,0.11563844
3995,0.19822596
3996,0.030343935
3997,0.117389135
3998,0.08601266
3999,0.0988652
4000,0.78708225
4001,0.79934114
4002,0.4923917
4003,0.0178609
4004,0.19376557
4005,0.026436865
4006,0.12206393
4007,0.09885253
4008,0.24826643
4009,0.04144613
4010,0.05955008
4011,0.024710894
4012,0.07423693
4013,0.13699584
4014,0.2528745
4015,0.14602125
4016,0.5662867
4017,0.26795536
4018,0.18307225
4019,0.17977744
4020,0.12662746
4021,0.08767894
4022,0.14880757
4023,0.047930244
4024,0.042362962
4025,0.031165047
4026,0.119007446
4027,0.22327717
4028,0.059156347
4029,0.07206032
4030,0.02897321
4031,0.77814656
4032,0.9987741
4033,0.87175107
4034,0.061341107
4035,0.045331407
4036,0.14633296
4037,0.014404096
4038,0.16043282
4039,0.03025227
4040,0.020058075
4041,0.021827271
4042,0.058146793
4043,0.13470817
4044,0.05712506
4045,0.4415355
4046,0.5258052
4047,0.09394371
4048,0.1493014
4049,0.13126998
4050,0.26486382
4051,0.08770017
4052,0.24061729
4053,0.119952865
4054,0.039501306
4055,0.09533975
4056,0.10322068
4057,0.08985749
4058,0.0423457
4059,0.4039965
4060,0.38856623
4061,0.17406598
4062,0.07221639
4063,0.031096824
4064,0.14071979
4065,0.07430506
4066,0.18843375
4067,0.032931555
4068,0.04163959
4069,0.050272252
4070,0.022056144
4071,0.064575166
4072,0.05519469
4073,0.26153874
4074,0.8103948
4075,0.28433833
4076,0.27945802
4077,0.14440688
4078,0.19916871
4079,0.24500597
4080,0.51119936
4081,0.096082315
4082,0.03719484
4083,0.037519686
4084,0.027356593
4085,0.12762342
4086,0.14777169
4087,0.08011198
4088,0.2748161
4089,0.2782972
4090,0.19277546
4091,1.0
4092,0.11746822
4093,0.01937981
4094,0.13038296
4095,0.16111882
4096,0.020585524
4097,0.055397198
4098,0.12769586
4099,0.08935945
4100,0.051673234
4101,0.05480842
4102,0.06599878
4103,0.16664313
4104,0.45561638
4105,0.28326914
4106,0.515819
4107,0.42377296
4108,0.20198303
4109,0.15980652
4110,0.38693902
4111,0.010114899
4112,0.03288047
4113,0.14986128
4114,0.07827477
4115,0.036730286
4116,0.2796908
4117,0.26952407
4118,0.07798625
4119,0.50219595
4120,0.27808926
4121,0.06899227
4122,0.11858874
4123,0.086837046
4124,0.055266656
4125,0.008173895
4126,0.009714181
4127,0.01762904
4128,0.037422873
4129,0.072547674
4130,0.12044766
4131,0.13023648
4132,0.16045432
4133,0.42000324
4134,0.7980551
4135,0.44521454
4136,0.29592806
4137,0.60506594
4138,0.113138534
4139,0.05547465
4140,0.064101264
4141,0.13543811
4142,0.19523418
4143,0.10151403
4144,0.02539711
4145,0.06567308
4146,0.1561396
4147,0.018918302
4148,0.054290604
4149,0.120088235
4150,0.030175013
4151,0.039118767
4152,0.022666888
4153,0.011719656
4154,0.036268465
4155,0.11119951
4156,0.07134804
4157,0.11323206
4158,0.18367116
4159,0.2100532
4160,0.3875926
4161,0.84153473
4162,0.68354136
4163,0.3669754
4164,0.11226729
4165,0.0031095124
4166,0.044125833
4167,0.017110603
4168,0.055821087
4169,0.11394675
4170,0.008717182
4171,0.04296212
4172,0.43829018
4173,0.057387035
4174,0.017556025
4175,0.06816948
4176,0.04693699
4177,0.09712836
4178,0.042968147
4179,0.050512757
4180,0.015002366
4181,0.04337641
4182,0.12382996
4183,0.14768529
4184,0.5805339
4185,0.42711872
4186,0.15961431
4187,0.8295827
4188,0.41066214
4189,0.47334555
4190,0.122011706
4191,0.047063082
4192,0.035157993
4193,0.038727477
4194,0.046358112
4195,0.057251416
4196,0.033903424
4197,0.06241186
4198,0.45690364
4199,0.103762105
4200,0.37886527
4201,0.034147557
4202,0.10589088
4203,0.113415554
4204,0.12592421
4205,0.15810157
4206,0.041306805
4207,0.03319633
4208,0.013386024
4209,0.056402102
4210,0.1743803
4211,0.5276682
4212,0.39094102
4213,0.46415937
4214,0.15266545
4215,0.37363872
4216,0.1708789
4217,0.08172156
4218,0.022074819
4219,0.0047774673
4220,0.026247123
4221,0.01652297
4222,0.051310338
4223,0.12351946
4224,0.11671153
4225,0.060287107
4226,0.20831858
4227,0.033894528
4228,0.07769399
4229,0.23045896
4230,0.044096123
4231,0.016521981
4232,0.017356146
4233,0.13868916
4234,0.18085334
4235,0.04772096
4236,0.15181895
4237,0.27140182
4238,0.08516084
4239,0.09132201
4240,0.022642856
4241,0.064075574
4242,0.08759862
4243,0.04842717
4244,0.123237506
4245,0.12210095
4246,0.051127728
4247,0.034790646
4248,0.00973789
4249,0.14069323
4250,0.01546622
4251,0.074910484
4252,0.040237427
4253,0.048668664
4254,0.15606797
4255,0.049580906
4256,0.069237575
4257,0.002913158
4258,0.07092527
4259,0.21151434
4260,0.36305442
4261,0.39435813
4262,0.039904606
4263,0.0046601505
4264,0.01358009
4265,0.018636137
4266,0.032789335
4267,0.06757986
4268,0.010951027
4269,0.06986452
4270,0.12524813
4271,0.01306252
4272,0.04122827
4273,0.023281088
4274,0.026539998
4275,0.019572044
4276,0.10143997
4277,0.12541251
4278,0.28497556
4279,0.019160496
4280,0.02678243
4281,0.062454164
4282,0.08225522
4283,0.11214712
4284,0.25536674
4285,0.051260006
4286,0.0040692794
4287,0.09231242
4288,0.040341437
4289,0.019311717
4290,0.08322864
4291,0.109771274
4292,0.04313714
4293,0.01740308
4294,0.020388043
4295,0.010688433
4296,0.25884405
4297,0.035445455
4298,0.16903046
4299,0.08521788
4300,0.058686797
4301,0.023096511
4302,0.031428292
4303,0.100924835
4304,0.27573195
4305,0.027595019
4306,0.01511054
4307,0.032787517
4308,0.04930805
4309,0.0692209
4310,0.23753472
4311,0.07864931
4312,0.26382166
4313,0.10385648
4314,0.03475298
4315,0.055487584
4316,0.042756904
4317,0.029418832
4318,0.2511624
4319,0.018944684
4320,0.098129764
4321,0.026461681
4322,0.1320124
4323,0.060295604
4324,0.011699749
4325,0.29218894
4326,0.2985511
4327,0.105490886
4328,0.05261058
4329,0.061907373
4330,0.029714838
4331,0.023757827
4332,0.07883024
4333,0.0779866
4334,0.07302088
4335,0.63218856
4336,0.06976303
4337,0.08736978
4338,0.07053325
4339,0.040635422
4340,0.15118435
4341,0.49434376
4342,0.076751366
4343,0.115753986
4344,0.02867402
4345,0.022218414
4346,0.017786589
4347,0.03169584
4348,0.115242295
4349,0.029847033
4350,0.02469843
4351,0.056662563
4352,0.045520183
4353,0.014249771
4354,0.04286207
4355,0.011631609
4356,0.08664084
4357,0.035482608
4358,0.036738366
4359,0.08662596
4360,0.11447419
4361,0.024182891
4362,0.062429894
4363,0.4362204
4364,0.060095124
4365,0.07652264
4366,0.03936606
4367,0.040948726
4368,0.062121723
4369,0.05806745
4370,0.01957824
4371,0.381733
4372,0.030876644
4373,0.0
4374,0.00954067
4375,0.054966424
4376,0.08825354
4377,0.025738543
4378,0.11135701
4379,0.049263187
4380,0.025139095
4381,0.005533271
4382,0.05225863
4383,0.38280684
4384,0.03563867
4385,0.02057709
4386,0.032280214
4387,0.017848179
4388,0.06251993
4389,0.012772615
4390,0.03970616
4391,0.13414289
4392,0.09970116
4393,0.009256076
4394,0.015297937
4395,0.014373991
4396,0.06891582
4397,0.118619755
4398,0.09985341
4399,0.08399071
4400,0.08070234
4401,0.026067808
4402,0.055453334
4403,0.016550379
4404,0.0754907
4405,0.17897148
4406,0.09972317
4407,0.0065109055
4408,0.010332227
4409,0.037396505
4410,0.016663361
4411,0.021473782
4412,0.021840068
4413,0.007507882
4414,0.0087446105
4415,0.0140988445
4416,0.016665358
4417,0.02164976
4418,0.05917948
4419,0.0647978
4420,0.1274066
4421,0.12478048
4422,0.17654006
4423,0.0111361155
4424,0.030642256
4425,0.01427521
4426,0.020941744
4427,0.02508926
4428,0.017519806
4429,0.011205361
4430,0.013167846
4431,0.010302031
4432,0.07319842
4433,0.043959167
4434,0.058784664
4435,0.014133235
4436,0.016184412
4437,0.009870683
4438,0.07035034
4439,0.030813137
4440,0.05993826
4441,0.009851547
4442,0.010458695
4443,0.02914094
4444,0.0218152
4445,0.07762928
4446,0.013835366
4447,0.012950629
4448,0.1264942
4449,0.055003446
4450,0.06823258
4451,0.05710704
4452,0.09250744
4453,0.02399022
4454,0.011926708
4455,0.003846858
4456,0.061806258
4457,0.017477475
4458,0.055387508
4459,0.0034658562
4460,0.09764692
4461,0.015525162
4462,0.030344913
4463,0.021095363
4464,0.009001054
4465,0.015147747
4466,0.037535444
4467,0.008873124
4468,0.009936932
4469,0.025808591
4470,0.05832112
4471,0.03167831
4472,0.16335325
4473,0.014046212
4474,0.027234098
4475,0.0013769255
4476,0.018205078
4477,0.054581255
4478,0.019127466
4479,0.011781388
4480,0.026486717
4481,0.020145366
4482,0.0057558836
4483,0.012687091
4484,0.015228697
4485,0.03543011
4486,0.059256636
4487,0.10949735
4488,0.01713393
4489,0.086080566
4490,0.018960245
4491,0.0104647465
4492,0.03690848
4493,2.0133586e-05
4494,0.03662836
4495,0.04377905
4496,0.060316443
4497,0.033497576
4498,0.03564474
4499,0.04802042
4500,0.037479807
4501,0.07104782
4502,0.054259576
4503,0.037544526
4504,0.02625274
4505,0.05722874
4506,0.05082459
4507,0.25900888
4508,0.4143465
4509,0.024935935
4510,0.035390515
4511,0.24873295
4512,0.030526904
4513,0.1680755
4514,0.035527676
4515,0.4268349
4516,0.05070613
4517,0.044306632
4518,0.015364641
4519,0.036031727
4520,0.22003545
4521,0.04884951
4522,0.5506978
4523,0.11580201
4524,0.12049805
4525,0.030394763
4526,0.022856046
4527,0.033804968
4528,0.03387782
4529,0.015278062
4530,0.00961624
4531,0.23828177
4532,0.08370556
4533,0.45819336
4534,0.46101058
4535,0.03682844
4536,0.05750424
4537,0.12374672
4538,0.14261627
4539,0.04854516
4540,0.027602449
4541,0.05144159
4542,0.04635155
4543,0.4463484
4544,0.20521758
4545,0.13239892
4546,0.50409126
4547,0.21731415
4548,0.52116495
4549,0.045787677
4550,0.25465238
4551,0.04003965
4552,0.043291047
4553,0.037192114
4554,0.02609418
4555,0.028309366
4556,0.19342627
4557,0.081579454
4558,0.04978653
4559,0.036303
4560,0.041951332
4561,0.18505079
4562,0.025260402
4563,0.046337366
4564,0.039391603
4565,0.05803674
4566,0.027660884
4567,0.04107261
4568,0.07017993
4569,0.06816605
4570,0.03628075
4571,0.054074842
4572,0.25302792
4573,0.030701583
4574,0.25271142
4575,0.040422656
4576,0.021351207
4577,0.003273498
4578,0.017583681
4579,0.43486747
4580,0.09259356
4581,0.0076629207
4582,0.05299465
4583,0.17215283
4584,0.48955172
4585,0.0
4586,0.068753704
4587,0.033128515
4588,0.012585632
4589,0.015388554
4590,0.038388498
4591,0.0016232673
4592,0.051872823
4593,0.05908847
4594,0.09232476
4595,0.24189924
4596,0.4496316
4597,0.016729029
4598,0.018750247
4599,0.038497746
4600,0.0073181908
4601,0.010195793
4602,0.027194683
4603,0.033392202
4604,0.17112485
4605,0.019232163
4606,0.048593163
4607,0.034106065
4608,0.019645585
4609,0.11469312
4610,0.48750252
4611,0.028606696
4612,0.018356454
4613,0.028006844
4614,0.04348687
4615,0.04115553
4616,0.016687907
4617,0.026152456
4618,0.011193437
4619,0.109696746
4620,0.25197414
4621,0.086917326
4622,0.07259379
4623,0.062151138
4624,0.020159993
4625,0.033264946
4626,0.03318781
4627,0.041917685
4628,0.057839673
4629,0.056415312
4630,0.23792885
4631,0.020016795
4632,0.05920436
4633,0.030433737
4634,0.023844147
4635,0.018537674
4636,0.023246782
4637,0.045919992
4638,0.025403945
4639,0.07876457
4640,0.15841305
4641,0.24568325
4642,0.043444082
4643,0.044527218
4644,0.033694655
4645,0.100971274
4646,0.0615284
4647,0.019432517
4648,0.058414724
4649,0.014798812
4650,0.026198115
4651,0.0
4652,0.11663381
4653,0.028634474
4654,0.024464501
4655,0.033212584
4656,0.05888783
4657,0.076651104
4658,0.26741597
4659,0.11173383
4660,0.23954773
4661,0.06789471
4662,0.048107743
4663,0.01815018
4664,0.05557293
4665,0.047021024
4666,0.08950132
4667,0.030322948
4668,0.68854743
4669,0.23104693
4670,0.024211898
4671,0.1240448
4672,0.049099505
4673,0.044556245
4674,0.020154672
4675,0.0176884
4676,0.0018847145
4677,0.0540687
4678,0.010271459
4679,0.012795294
4680,0.01942514
4681,0.06955608
4682,0.043833483
4683,0.08252571
4684,0.072984256
4685,0.11935486
4686,0.23092356
4687,0.41544077
4688,0.07692047
4689,0.03501679
4690,0.087621935
4691,0.021213638
4692,0.0521667
4693,0.07192469
4694,0.061142694
4695,0.15262963
4696,0.055138078
4697,0.11259791
4698,0.05030501
4699,0.070924655
4700,0.027638946
4701,0.018993152
4702,0.12485314
4703,0.008292077
4704,0.026764454
4705,0.06264994
4706,0.026837943
4707,0.010911737
4708,0.02276585
4709,0.036956217
4710,0.055260863
4711,0.07610332
4712,0.13350569
4713,0.13114378
4714,0.24532472
4715,0.126594
4716,0.12199779
4717,0.020418368
4718,0.09939194
4719,0.01752323
4720,0.06808286
4721,0.049969397
4722,0.10007834
4723,0.037262183
4724,0.032616306
4725,0.052897822
4726,0.049394827
4727,0.020169439
4728,0.059823003
4729,0.0948863
4730,0.031815123
4731,0.054872733
4732,0.0026225336
4733,0.020590771
4734,0.028564375
4735,0.054500856
4736,0.0145169925
4737,0.046614338
4738,0.0672172
4739,0.06624363
4740,0.14078355
4741,0.37353665
4742,0.12722741
4743,0.13105978
4744,0.07284794
4745,0.0978464
4746,0.090422824
4747,0.09255945
4748,0.067738764
4749,0.010406307
4750,0.029104449
4751,0.26869825
4752,0.08666706
4753,0.10307615
4754,0.06951253
4755,0.095878676
4756,0.020219939
4757,0.0278252
4758,0.0055011963
4759,0.020103224
4760,0.02279082
4761,0.047386978
4762,0.15606526
4763,0.063422516
4764,0.055451743
4765,0.1273127
4766,0.47577372
4767,0.10315787
4768,0.23798719
4769,0.06795597
4770,0.25492772
4771,0.19766536
4772,0.080494605
4773,0.04255509
4774,0.04172759
4775,0.110840954
4776,0.25130898
4777,0.058584273
4778,0.18416514
4779,0.11285858
4780,0.06933015
4781,0.01584218
4782,0.023127148
4783,0.051103614
4784,0.082441814
4785,0.025222369
4786,0.14260548
4787,0.15049164
4788,0.1164765
4789,0.09616292
4790,0.04777856
4791,0.11429624
4792,0.19873331
4793,0.25687528
4794,0.07767244
4795,0.05627071
4796,0.021867007
4797,0.009521637
4798,0.075827844
4799,0.42319125
4800,0.05615463
4801,0.07597294
4802,0.38471523
4803,0.2570448
4804,0.012961518
4805,0.018667476
4806,0.046580512
4807,0.058398604
4808,0.15228352
4809,0.24154271
4810,0.110885866
4811,0.10582389
4812,0.25719061
4813,0.1761573
4814,0.16140868
4815,0.2064348
4816,0.28249264
4817,0.09294615
4818,0.05362333
4819,0.0984749
4820,0.064261094
4821,0.27821016
4822,0.85162866
4823,0.009546785
4824,0.068998426
4825,0.39159974
4826,0.014792822
4827,0.049370512
4828,0.2474994
4829,0.015930196
4830,0.00992997
4831,0.04771145
4832,0.07961065
4833,0.024909372
4834,0.057080198
4835,0.28464243
4836,0.059984755
4837,0.10672978
4838,0.19694749
4839,0.16103843
4840,0.19759116
4841,0.3826534
4842,0.26112622
4843,0.17472902
4844,0.24249591
4845,0.15529086
4846,0.7322376
4847,0.41008306
4848,0.29810134
4849,0.007863856
4850,0.03762007
4851,0.14011484
4852,0.052639052
4853,0.0035006672
4854,0.003799505
4855,0.006849999
4856,0.068382844
4857,0.018087484
4858,0.030394107
4859,0.07383505
4860,0.13431063
4861,0.12784928
4862,0.13066563
4863,0.100582264
4864,0.24932347
4865,0.122279085
4866,0.03207489
4867,0.1236369
4868,0.18167542
4869,0.025295535
4870,0.09259351
4871,0.8734508
4872,0.9429019
4873,0.44332874
4874,0.009722132
4875,0.03626436
4876,0.03244437
4877,0.28422818
4878,0.06931212
4879,0.048540454
4880,0.008140943
4881,0.06344437
4882,0.0805199
4883,0.0677203
4884,0.0178459
4885,0.26501995
4886,0.024709838
4887,0.052292917
4888,0.14611736
4889,0.14010635
4890,0.06830899
4891,0.051952504
4892,0.12479447
4893,0.19981149
4894,0.032435246
4895,0.12214078
4896,0.103867896
4897,0.11144137
4898,0.8588489
4899,0.8279479
4900,0.45294723
4901,0.023758287
4902,0.120628014
4903,0.03542153
4904,0.007416959
4905,0.14334244
4906,0.099210545
4907,0.243289
4908,0.04353876
4909,0.05964599
4910,0.02085667
4911,0.07878075
4912,0.13330407
4913,0.16856635
4914,0.1611234
4915,0.53544533
4916,0.27462834
4917,0.16808693
4918,0.1804039
4919,0.11319063
4920,0.08053315
4921,0.13620225
4922,0.0579249
4923,0.03847984
4924,0.12258932
4925,0.12722419
4926,0.0614177
4927,0.076393
4928,0.025473265
4929,0.8379817
4930,1.0
4931,0.9203327
4932,0.07372228
4933,0.045404505
4934,0.25692484
4935,0.17316513
4936,0.03208759
4937,0.019094104
4938,0.026469577
4939,0.051705483
4940,0.13193712
4941,0.062181395
4942,0.4092704
4943,0.5798226
4944,0.09493554
4945,0.1340496
4946,0.1282425
4947,0.18588533
4948,0.09307069
4949,0.24691895
4950,0.24101868
4951,0.040878396
4952,0.09308451
4953,0.10376872
4954,0.109185286
4955,0.046996947
4956,0.02666663
4957,0.43843576
4958,0.3898167
4959,0.2573364
4960,0.075223
4961,0.036835082
4962,0.13159871
4963,0.01701466
4964,0.080284104
4965,0.18837337
4966,0.0347718
4967,0.043489907
4968,0.04508553
4969,0.02996464
4970,0.02097849
4971,0.06689537
4972,0.057477023
4973,0.4248081
4974,0.78552914
4975,0.2951369
4976,0.29318768
4977,0.14021394
4978,0.19935824
4979,0.17003137
4980,0.46871695
4981,0.099541485
4982,0.032840814
4983,0.03978651
4984,0.032859087
4985,0.13348867
4986,0.25711417
4987,0.08105842
4988,0.24172367
4989,0.25901416
4990,0.19096965
4991,0.9731593
4992,0.12304108
4993,0.030287161
4994,0.12311346
4995,0.17046568
4996,0.026897602
4997,0.05660693
4998,0.07396123
4999,0.07936814
5000,0.047317762
5001,0.05636138
5002,0.06691362
5003,0.1529037
5004,0.45077142
5005,0.28383192
5006,0.5553579
5007,0.30860564
5008,0.18561338
5009,0.16058072
5010,0.25934
5011,0.02897823
5012,0.16164249
5013,0.07260591
5014,0.04570584
5015,0.26087114
5016,0.253983
5017,0.07897037
5018,0.53332996
5019,0.2742948
5020,0.077985324
5021,0.12966159
5022,0.08969844
5023,0.05139255
5024,0.013972684
5025,0.020035766
5026,0.037666984
5027,0.07730045
5028,0.12701803
5029,0.1277889
5030,0.15375729
5031,0.2826695
5032,0.8356946
5033,0.45973057
5034,0.28554106
5035,0.6405943
5036,0.11143763
5037,0.02361201
5038,0.058704037
5039,0.06906525
5040,0.23773275
5041,0.19634865
5042,0.09530202
5043,0.02987496
5044,0.07846286
5045,0.15845972
5046,0.024585722
5047,0.052099552
5048,0.12364729
5049,0.029387826
5050,0.045612462
5051,0.02125328
5052,0.0123092355
5053,0.036454618
5054,0.109662294
5055,0.072560735
5056,0.11863403
5057,0.24435781
5058,0.20605235
5059,0.39383906
5060,0.8886894
5061,0.70716923
5062,0.38960993
5063,0.107418835
5064,0.0041186176
5065,0.039530985
5066,0.022696657
5067,0.055460885
5068,0.12653472
5069,0.016918873
5070,0.030911557
5071,0.46142215
5072,0.05420271
5073,0.025882432
5074,0.0803611
5075,0.04944617
5076,0.10278672
5077,0.043419737
5078,0.052394815
5079,0.021511942
5080,0.0150938155
5081,0.018981317
5082,0.037455257
5083,0.11352553
5084,0.14013708
5085,0.56307316
5086,0.3850726
5087,0.17379266
5088,0.8491358
5089,0.40697026
5090,0.48503467
5091,0.13340035
5092,0.035965297
5093,0.037073188
5094,0.0627034
5095,0.061928827
5096,0.07265692
5097,0.44032723
5098,0.24059132
5099,0.24775787
5100,0.029899605
5101,0.086103894
5102,0.12126799
5103,0.12365799
5104,0.16462687
5105,0.045750458
5106,0.03361339
5107,0.0097335
5108,0.05737794
5109,0.17369442
5110,0.5645442
5111,0.3970454
5112,0.42673215
5113,0.23888022
5114,0.26277748
5115,0.1750423
5116,0.08822919
5117,0.025368122
5118,0.0050026304
5119,0.02449708
5120,0.054053072
5121,0.034049395
5122,0.12039047
5123,0.13143472
5124,0.06428314
5125,0.2121659
5126,0.03505852
5127,0.077750534
5128,0.38359624
5129,0.046889838
5130,0.014510091
5131,0.02006129
5132,0.13751018
5133,0.15955292
5134,0.047680117
5135,0.24009308
5136,0.19052766
5137,0.084041275
5138,0.08388669
5139,0.017259283
5140,0.07385698
5141,0.08428194
5142,0.049603704
5143,0.1211592
5144,0.12080308
5145,0.043207362
5146,0.033308487
5147,0.009474671
5148,0.2429689
5149,0.012828184
5150,0.016378127
5151,0.08461255
5152,0.04474127
5153,0.04624883
5154,0.15242228
5155,0.056432217
5156,0.068853885
5157,0.014936735
5158,0.07377235
5159,0.19823726
5160,0.28377298
5161,0.40300253
5162,0.03938376
5163,0.030802043
5164,0.072443955
5165,0.05701432
5166,0.13387702
5167,0.0103819985
5168,0.05121163
5169,0.024020502
5170,0.028294208
5171,0.021879537
5172,0.010853286
5173,0.096048295
5174,0.11937056
5175,0.400362
5176,0.026493065
5177,0.02591173
5178,0.061151154
5179,0.081874244
5180,0.107434064
5181,0.35165912
5182,0.047856778
5183,0.003058871
5184,0.11032248
5185,0.041988872
5186,0.020111734
5187,0.08042129
5188,0.10793682
5189,0.057534054
5190,0.021613162
5191,0.20662501
5192,0.031505667
5193,0.018091032
5194,0.037910108
5195,0.16915245
5196,0.0861775
5197,0.05065058
5198,0.021945104
5199,0.03574372
5200,0.092329085
5201,0.29346147
5202,0.029397054
5203,0.015433442
5204,0.028818358
5205,0.049459606
5206,0.0727837
5207,0.24053879
5208,0.070932575
5209,0.18083102
5210,0.10277436
5211,0.033449773
5212,0.043712746
5213,0.051542856
5214,0.032135595
5215,0.17151462
5216,0.021464009
5217,0.018988684
5218,0.10768823
5219,0.029993247
5220,0.13214947
5221,0.06009259
5222,0.011648824
5223,0.014893062
5224,0.2933278
5225,0.47970277
5226,0.09722763
5227,0.055371895
5228,0.0100197885
5229,0.07007895
5230,0.037544876
5231,0.023805894
5232,0.0792822
5233,0.08651949
5234,0.08631312
5235,0.629101
5236,0.014793268
5237,0.08586436
5238,0.023121322
5239,0.085014775
5240,0.079404324
5241,0.01930303
5242,0.04158973
5243,0.15014054
5244,0.5222495
5245,0.084943615
5246,0.114230335
5247,0.021039404
5248,0.030930914
5249,0.034671955
5250,0.1154688
5251,0.037252165
5252,0.033088755
5253,0.064985506
5254,0.0452448
5255,0.021571575
5256,0.01696271
5257,0.045099746
5258,0.0156879
5259,0.08822508
5260,0.033727467
5261,0.0221954
5262,0.039274618
5263,0.083097324
5264,0.10521074
5265,0.026653122
5266,0.07033737
5267,0.45168093
5268,0.0557108
5269,0.095017314
5270,0.06035577
5271,0.06348918
5272,0.018355912
5273,0.41849428
5274,0.027363919
5275,0.007891204
5276,0.0541692
5277,0.090052955
5278,0.025891077
5279,0.10761619
5280,0.04910387
5281,0.027636752
5282,0.05235067
5283,0.38613626
5284,0.023100287
5285,0.0074075367
5286,0.020982787
5287,0.018959396
5288,0.06307858
5289,0.022222692
5290,0.048056602
5291,0.14098513
5292,0.08824979
5293,0.019155396
5294,0.016574237
5295,0.072969384
5296,0.13339883
5297,0.10315267
5298,0.09474007
5299,0.07986528
5300,0.023438923
5301,0.053670373
5302,0.019286111
5303,0.07059596
5304,0.2593143
5305,0.10682923
5306,0.008272857
5307,0.046163555
5308,0.020005677
5309,0.019998241
5310,0.023931183
5311,0.018755548
5312,0.019223869
5313,0.007841681
5314,0.009290299
5315,0.01856909
5316,0.016292686
5317,0.021791447
5318,0.062793456
5319,0.06757537
5320,0.13372156
5321,0.0054742754
5322,0.0074695093
5323,0.012929313
5324,0.1450273
5325,0.00845527
5326,0.18927577
5327,0.00447385
5328,0.017646959
5329,0.031525403
5330,0.016421488
5331,0.016642088
5332,0.025357129
5333,0.024625903
5334,0.031261988
5335,0.012907604
5336,0.016764406
5337,0.07409576
5338,0.024791304
5339,0.04287618
5340,0.06676059
5341,0.016890168
5342,0.011089874
5343,0.081353545
5344,0.0358937
5345,0.058704466
5346,0.027402584
5347,0.017669333
5348,0.07733607
5349,0.014813426
5350,0.01245748
5351,0.12769711
5352,0.05292859
5353,0.065869614
5354,0.058364596
5355,0.011850451
5356,0.107557684
5357,0.02895118
5358,0.010762537
5359,0.064585306
5360,0.018526979
5361,0.06001289
5362,0.11539297
5363,0.021991948
5364,0.026855089
5365,0.034877338
5366,0.02322991
5367,0.025626624
5368,0.013548778
5369,0.016576542
5370,0.012305713
5371,0.033708222
5372,0.011877373
5373,0.011273078
5374,0.028146045
5375,0.061743338
5376,0.031264752
5377,0.00666097
5378,0.0038352583
5379,0.15704593
5380,0.013996223
5381,0.00825297
5382,0.022413855
5383,0.05758139
5384,0.022915807
5385,0.014111352
5386,0.031231154
5387,0.020230737
5388,0.023119742
5389,0.0077537983
5390,0.012553086
5391,0.03512226
5392,0.06865909
5393,0.1091391
5394,0.019377574
5395,0.080615915
5396,0.012520579
5397,0.022335801
5398,0.009217891
5399,0.02122805
5400,0.06765347
5401,0.032929003
5402,0.029458884
5403,0.111723594
5404,0.0028361096
5405,0.039901733
5406,0.046816863
5407,0.03636961
5408,0.09326798
5409,0.06177728
5410,0.052322473
5411,0.034056176
5412,0.04476355
5413,0.40258735
5414,0.40584514
5415,0.028570963
5416,0.039747573
5417,0.2596306
5418,0.072278485
5419,0.2600437
5420,0.047127295
5421,0.12797968
5422,0.04324236
5423,0.051869787
5424,0.010545761
5425,0.029976571
5426,0.014019414
5427,0.006913534
5428,0.23775941
5429,0.044942204
5430,0.5934782
5431,0.1351523
5432,0.042921603
5433,0.27865416
5434,0.040825028
5435,0.022508228
5436,0.019825185
5437,0.03246644
5438,0.035621736
5439,0.013494595
5440,0.2208049
5441,0.11252977
5442,0.44489807
5443,0.4580445
5444,0.05257007
5445,0.11409836
5446,0.14334309
5447,0.0041895634
5448,0.0048025483
5449,0.051320758
5450,0.04148667
5451,0.038889855
5452,0.041358862
5453,0.4390431
5454,0.09560801
5455,0.26141152
5456,0.5639158
5457,0.21434154
5458,0.006996786
5459,0.47635356
5460,0.043179322
5461,0.2419191
5462,0.036505684
5463,0.044404063
5464,0.03747427
5465,0.023882873
5466,0.07126521
5467,0.067769326
5468,0.02240852
5469,0.05085489
5470,0.4111537
5471,0.030876322
5472,0.024429137
5473,0.050862998
5474,0.03456412
5475,0.057882417
5476,0.029553203
5477,0.040596794
5478,0.045924656
5479,0.0600022
5480,0.032558102
5481,0.044506434
5482,0.23502968
5483,0.021431822
5484,0.2426853
5485,0.044952333
5486,0.03663911
5487,0.022380952
5488,0.016533224
5489,0.016516874
5490,0.5101136
5491,0.04388996
5492,0.14941953
5493,0.28448498
5494,0.0
5495,0.058176924
5496,0.03211685
5497,0.01838585
5498,0.013750299
5499,0.002945264
5500,0.036476623
5501,0.0053346776
5502,0.05568831
5503,0.051877152
5504,0.09411412
5505,0.24498518
5506,0.28427434
5507,0.019689595
5508,0.029593416
5509,0.03672297
5510,0.008136148
5511,0.023376383
5512,0.022233522
5513,0.028717298
5514,0.25613618
5515,0.017239334
5516,0.046163376
5517,0.010287672
5518,0.03177145
5519,0.035057776
5520,0.24213687
5521,0.5110677
5522,0.054544583
5523,0.027226398
5524,0.024858357
5525,0.03773852
5526,0.050783098
5527,0.018091189
5528,0.023664068
5529,0.013911666
5530,0.10205983
5531,0.25034428
5532,0.091571264
5533,0.07960684
5534,0.05839938
5535,0.029937202
5536,0.03406041
5537,0.032027423
5538,0.03476859
5539,0.036003076
5540,0.053377956
5541,0.20889786
5542,0.02305755
5543,0.06220076
5544,0.02515623
5545,0.018597335
5546,0.015709322
5547,0.040414628
5548,0.043479037
5549,0.013558619
5550,0.017845029
5551,0.074330226
5552,0.16242605
5553,0.17621875
5554,0.04821388
5555,0.038936496
5556,0.042344175
5557,0.09683022
5558,0.05506506
5559,0.013351004
5560,0.059502136
5561,0.021986248
5562,0.0031908518
5563,0.10940845
5564,0.027260426
5565,0.0261586
5566,0.0314628
5567,0.05629832
5568,0.07615836
5569,0.14811276
5570,0.115164205
5571,0.2550604
5572,0.05584751
5573,0.048636388
5574,0.01853253
5575,0.06232415
5576,0.049336243
5577,0.08442433
5578,0.034330945
5579,0.62949324
5580,0.12123744
5581,0.11502013
5582,0.04861489
5583,0.047130737
5584,0.019044237
5585,0.015622416
5586,0.0072569572
5587,0.01054371
5588,0.052620813
5589,0.0104817785
5590,0.00835659
5591,0.014716389
5592,0.017647574
5593,0.0661833
5594,0.044398434
5595,0.07755354
5596,0.06928638
5597,0.11930149
5598,0.2273129
5599,0.47950977
5600,0.07858283
5601,0.035388883
5602,0.08442097
5603,0.02372006
5604,0.0486526
5605,0.07334922
5606,0.057982013
5607,0.13298936
5608,0.055882756
5609,0.10761381
5610,0.052444685
5611,0.064945064
5612,0.041381355
5613,0.028041769
5614,0.10191919
5615,0.00856348
5616,0.030053282
5617,0.06378022
5618,0.025784237
5619,0.00906113
5620,0.02244423
5621,0.04222979
5622,0.05829217
5623,0.07549937
5624,0.12864426
5625,0.11805836
5626,0.24113159
5627,0.113537595
5628,0.12261422
5629,0.019380096
5630,0.09415043
5631,0.019478418
5632,0.062668964
5633,0.04109783
5634,0.09863755
5635,0.034121525
5636,0.026875071
5637,0.047764167
5638,0.04446616
5639,0.06629744
5640,0.10382713
5641,0.050850525
5642,0.005329351
5643,0.023618814
5644,0.026752036
5645,0.055263024
5646,0.044770952
5647,0.058815975
5648,0.06094698
5649,0.1433035
5650,0.449386
5651,0.1254408
5652,0.13568404
5653,0.0759122
5654,0.18642105
5655,0.09275208
5656,0.08836643
5657,0.064622015
5658,0.008210138
5659,0.018421799
5660,0.28074107
5661,0.08976425
5662,0.09338077
5663,0.0696221
5664,0.09978517
5665,0.015804969
5666,0.027751274
5667,0.008912174
5668,0.019962614
5669,0.025946524
5670,0.042502087
5671,0.1462955
5672,0.0586148
5673,0.045638647
5674,0.11765041
5675,0.44992936
5676,0.088241935
5677,0.022733124
5678,0.24501592
5679,0.07172044
5680,0.2509012
5681,0.18697649
5682,0.075495616
5683,0.028601548
5684,0.043115232
5685,0.099709615
5686,0.16861537
5687,0.051510256
5688,0.17668313
5689,0.1052946
5690,0.07902478
5691,0.019459546
5692,0.022470435
5693,0.043286514
5694,0.073480606
5695,0.023106137
5696,0.13135535
5697,0.1545937
5698,0.12659585
5699,0.09579632
5700,0.05137389
5701,0.12358945
5702,0.2007985
5703,0.25908977
5704,0.07254448
5705,0.05201734
5706,0.02361937
5707,0.063879095
5708,0.5362684
5709,0.0482143
5710,0.080691464
5711,0.4087807
5712,0.24461
5713,0.011049037
5714,0.009460676
5715,0.05055449
5716,0.052456684
5717,0.15433763
5718,0.23874773
5719,0.11025482
5720,0.09562365
5721,0.25362873
5722,0.18132983
5723,0.15985149
5724,0.1950596
5725,0.2686002
5726,0.09755052
5727,0.044050265
5728,0.09885547
5729,0.05081034
5730,0.2975509
5731,0.89427394
5732,0.005242783
5733,0.060640648
5734,0.40171
5735,0.016332004
5736,0.048805475
5737,0.242039
5738,0.015269366
5739,0.04539415
5740,0.07634397
5741,0.02587217
5742,0.052178893
5743,0.0061167767
5744,0.27603838
5745,0.062471244
5746,0.10940689
5747,0.18397519
5748,0.15420043
5749,0.20011377
5750,0.37923148
5751,0.27844396
5752,0.031482853
5753,0.25642726
5754,0.43841282
5755,0.2555519
5756,0.803231
5757,0.40523607
5758,0.39610657
5759,0.03339794
5760,0.1277244
5761,0.055625293
5762,0.016834775
5763,0.003715616
5764,0.008420708
5765,0.018184371
5766,0.0094681755
5767,0.066329695
5768,0.011952752
5769,0.011296012
5770,0.03358813
5771,0.0707098
5772,0.12536268
5773,0.120004475
5774,0.13967934
5775,0.107597984
5776,0.26806837
5777,0.1315879
5778,0.03150978
5779,0.12859471
5780,0.26524618
5781,0.18397826
5782,0.8859975
5783,1.0
5784,0.4633667
5785,0.0120710805
5786,0.03241076
5787,0.01840313
5788,0.03977989
5789,0.25921312
5790,0.06849724
5791,0.05223896
5792,0.00869359
5793,0.063319065
5794,0.0806203
5795,0.06384873
5796,0.021913465
5797,0.2542914
5798,0.024254475
5799,0.049337696
5800,0.14023703
5801,0.14040747
5802,0.06701463
5803,0.05579866
5804,0.1396035
5805,0.11849304
5806,0.03054174
5807,0.12865224
5808,0.110304564
5809,0.112437785
5810,0.88160974
5811,0.8328722
5812,0.436129
5813,0.018861819
5814,0.20122546
5815,0.026441412
5816,0.15423669
5817,0.10338379
5818,0.26330552
5819,0.07524868
5820,0.017225774
5821,0.075587645
5822,0.115166955
5823,0.25946754
5824,0.13634457
5825,0.5626641
5826,0.25034165
5827,0.16060199
5828,0.17299727
5829,0.11511045
5830,0.08369612
5831,0.14618601
5832,0.054034024
5833,0.041047808
5834,0.12274449
5835,0.13370447
5836,0.053383637
5837,0.09183347
5838,0.022864504
5839,0.86785275
5840,0.9992564
5841,0.9631852
5842,0.07242706
5843,0.046536382
5844,0.4096891
5845,0.16986136
5846,0.028277885
5847,0.020410705
5848,0.022004629
5849,0.050481476
5850,0.12661277
5851,0.061113775
5852,0.454523
5853,0.5630759
5854,0.09809436
5855,0.14119832
5856,0.12606314
5857,0.17820762
5858,0.09289675
5859,0.24889158
5860,0.11530581
5861,0.04570273
5862,0.093618445
5863,0.10894225
5864,0.10167248
5865,0.049064834
5866,0.42936885
5867,0.3847438
5868,0.26581052
5869,0.06864413
5870,0.037199065
5871,0.13717297
5872,0.08372829
5873,0.18487573
5874,0.030174715
5875,0.046895593
5876,0.04396891
5877,0.021483198
5878,0.022542814
5879,0.053566523
5880,0.0565629
5881,0.26512137
5882,0.74736637
5883,0.45666495
5884,0.28185144
5885,0.14286065
5886,0.19228904
5887,0.24854533
5888,0.41650537
5889,0.19524658
5890,0.029739173
5891,0.047275912
5892,0.033421926
5893,0.15061009
5894,0.25257653
5895,0.090583205
5896,0.20756167
5897,0.27783206
5898,0.18190286
5899,0.98869056
5900,0.11874826
5901,0.025090119
5902,0.13320878
5903,0.15649275
5904,0.022036389
5905,0.04950856
5906,0.14297806
5907,0.077871725
5908,0.04687617
5909,0.053349685
5910,0.06520265
5911,0.15626436
5912,0.4696966
5913,0.29273775
5914,0.55168563
5915,0.42782658
5916,0.19725838
5917,0.17616516
5918,0.25896552
5919,0.16030616
5920,0.07174233
5921,0.047305875
5922,0.42038044
5923,0.46038565
5924,0.07513727
5925,0.54778695
5926,0.4080892
5927,0.07689218
5928,0.11861823
5929,0.08658899
5930,0.059952125
5931,0.00961807
5932,0.019065384
5933,0.03531439
5934,0.07217123
5935,0.11890137
5936,0.117906004
5937,0.15057419
5938,0.2985851
5939,0.82416767
5940,0.45537528
5941,0.45954323
5942,0.61061805
5943,0.10871827
5944,0.06455904
5945,0.07248063
5946,0.12794371
5947,0.24930847
5948,0.08396814
5949,0.036494013
5950,0.006505757
5951,0.07179684
5952,0.1546037
5953,0.022990117
5954,0.04982954
5955,0.11216249
5956,0.030902207
5957,0.045534372
5958,0.025036255
5959,0.012198219
5960,0.03620519
5961,0.10432701
5962,0.07256249
5963,0.106034644
5964,0.24739206
5965,0.27929443
5966,0.40135416
5967,0.8197563
5968,0.67477095
5969,0.2738233
5970,0.10945517
5971,0.0074714418
5972,0.036039818
5973,0.025152726
5974,0.059922803
5975,0.12751797
5976,0.004219459
5977,0.038403135
5978,0.5680532
5979,0.16776548
5980,0.01966763
5981,0.06928901
5982,0.05507751
5983,0.10445854
5984,0.046269182
5985,0.05292115
5986,0.018924117
5987,0.03980561
5988,0.0149150165
5989,0.01716628
5990,0.039471325
5991,0.111009255
5992,0.13325815
5993,0.5203852
5994,0.4366465
5995,0.16316369
5996,0.86402816
5997,0.39680624
5998,0.4590056
5999,0.23933348
6000,0.03687985
6001,0.033746935
6002,0.0403368
6003,0.055132806
6004,0.060068592
6005,0.03275403
6006,0.06643402
6007,0.44237742
6008,0.22632691
6009,0.24626635
6010,0.036537055
6011,0.10419702
6012,0.12635638
6013,0.12605701
6014,0.16162802
6015,0.041253272
6016,0.030020144
6017,0.05678684
6018,0.16595586
6019,0.5187749
6020,0.40290383
6021,0.52385753
6022,0.16273284
6023,0.27461785
6024,0.17100444
6025,0.07608853
6026,0.05498806
6027,0.03228293
6028,0.12978585
6029,0.1377679
6030,0.055507585
6031,0.28583547
6032,0.03130753
6033,0.08056123
6034,0.23396964
6035,0.048282314
6036,0.014967664
6037,0.1331889
6038,0.16824664
6039,0.04719218
6040,0.009553954
6041,0.23404248
6042,0.19565985
6043,0.092349015
6044,0.08627845
6045,0.021893661
6046,0.08417501
6047,0.08526671
6048,0.048431326
6049,0.11742937
6050,0.13680847
6051,0.04703753
6052,0.032048784
6053,0.00981338
6054,0.3874688
6055,0.015929775
6056,0.01543305
6057,0.07107613
6058,0.04224127
6059,0.048608713
6060,0.1511882
6061,0.055886004
6062,0.0679564
6063,0.014902906
6064,0.07460745
6065,0.19806007
6066,0.35642338
6067,0.404106
6068,0.032398477
6069,0.017394824
6070,0.03076688
6071,0.077580966
6072,0.0213966
6073,0.06794062
6074,0.14787993
6075,0.01239452
6076,0.029423133
6077,0.020318057
6078,0.026346212
6079,0.019311154
6080,0.094860666
6081,0.11470387
6082,0.36531565
6083,0.020608455
6084,0.02669285
6085,0.061282862
6086,0.08123746
6087,0.113435544
6088,0.3359727
6089,0.055663597
6090,0.095541485
6091,0.040793907
6092,0.021685839
6093,0.08969896
6094,0.12610652
6095,0.05509966
6096,0.015989428
6097,0.009092091
6098,0.25666216
6099,0.022992847
6100,0.019071618
6101,0.03721203
6102,0.1608902
6103,0.07753705
6104,0.05747927
6105,0.024390005
6106,0.036465216
6107,0.08715521
6108,0.33334944
6109,0.024736585
6110,0.0
6111,0.014416109
6112,0.028789843
6113,0.04784701
6114,0.07092772
6115,0.24607366
6116,0.06927468
6117,0.25683853
6118,0.114272885
6119,0.037052132
6120,0.043631215
6121,0.04113731
6122,0.028101362
6123,0.22839177
6124,0.08590491
6125,0.027370943
6126,0.121951826
6127,0.06055346
6128,0.009960297
6129,0.013751138
6130,0.29281262
6131,0.47785658
6132,0.11374271
6133,0.054123305
6134,0.080208756
6135,0.03586155
6136,0.024903197
6137,0.08211438
6138,0.08098725
6139,0.08465358
6140,0.7267073
6141,0.07910368
6142,0.023416284
6143,0.08393339
6144,0.07578565
6145,0.014762737
6146,0.03728182
6147,0.14385284
6148,0.48521087
6149,0.079726316
6150,0.107182324
6151,0.02424189
6152,0.022088522
6153,0.0335893
6154,0.11885527
6155,0.033775486
6156,0.028141048
6157,0.058962863
6158,0.046394326
6159,0.02208334
6160,0.013485613
6161,0.042754523
6162,0.010694536
6163,0.09126606
6164,0.03899509
6165,0.04706872
6166,0.021097675
6167,0.04120601
6168,0.08644586
6169,0.111243606
6170,0.019060701
6171,0.059414037
6172,0.43191722
6173,0.06448612
6174,0.08990384
6175,0.05824176
6176,0.062141865
6177,0.018538907
6178,0.4191958
6179,0.02867634
6180,0.0044742986
6181,0.0031506983
6182,0.0014332631
6183,0.054428518
6184,0.07917479
6185,0.024808643
6186,0.014414076
6187,0.109458126
6188,0.042262215
6189,0.04575071
6190,0.3774443
6191,0.02957857
6192,0.055090196
6193,0.027055431
6194,0.016404463
6195,0.06927337
6196,0.009688816
6197,0.050356925
6198,0.15194324
6199,0.09903003
6200,0.017424803
6201,0.020788549
6202,0.08511057
6203,0.13036287
6204,0.10789152
6205,0.09250095
6206,0.08019151
6207,0.025139084
6208,0.058614016
6209,0.018697785
6210,0.08048836
6211,0.26102138
6212,0.11300264
6213,0.041614775
6214,0.021361921
6215,0.01725528
6216,0.027502973
6217,0.01736099
6218,0.019974748
6219,0.008835604
6220,0.020477341
6221,0.011172626
6222,0.018247766
6223,0.027144525
6224,0.061076384
6225,0.06121356
6226,0.13085407
6227,0.0027317388
6228,0.01489627
6229,0.14388222
6230,0.009438393
6231,0.18418123
6232,0.006446858
6233,0.034109358
6234,0.022453412
6235,0.01772169
6236,0.03063192
6237,0.035340108
6238,0.016045853
6239,0.0331525
6240,0.014759648
6241,0.061884437
6242,0.029913643
6243,0.043095697
6244,0.016385956
6245,0.061774217
6246,0.013600238
6247,0.008691645
6248,0.016934616
6249,0.10032727
6250,0.04116857
6251,0.059912145
6252,0.011404827
6253,0.0045266827
6254,0.013460086
6255,0.029102726
6256,0.010058506
6257,0.009395959
6258,0.020566713
6259,0.085606135
6260,0.01364394
6261,0.013318041
6262,0.12583949
6263,0.046506267
6264,0.061490532
6265,0.06993672
6266,0.011951856
6267,0.10938003
6268,0.027997587
6269,0.018685622
6270,0.070268944
6271,0.017900502
6272,0.055109743
6273,0.13035661
6274,0.026242007
6275,0.012881724
6276,0.028958295
6277,0.041218016
6278,0.025071647
6279,0.025517467
6280,0.011625127
6281,0.009656631
6282,0.024632331
6283,0.012400284
6284,0.013401543
6285,0.015449378
6286,0.031773012
6287,0.010112803
6288,0.034929655
6289,0.06243571
6290,0.14782022
6291,0.025917388
6292,0.04023457
6293,0.019743992
6294,0.055228714
6295,0.023832832
6296,0.014413235
6297,0.03219909
6298,0.024634559
6299,0.022051508
6300,0.008658391
6301,0.010787525
6302,0.03214027
6303,0.06784961
6304,0.11177216
6305,0.017531129
6306,0.08007067
6307,0.017648082
6308,0.029279137
6309,0.06513549
6310,0.038032975
6311,0.052474417
6312,0.0049502216
6313,0.03950816
6314,0.049118705
6315,0.037298374
6316,0.052484006
6317,0.09292336
6318,0.041769587
6319,0.008208606
6320,0.092583746
6321,0.06948423
6322,0.04574296
6323,0.0324496
6324,0.46772733
6325,0.43398014
6326,0.07513641
6327,0.3711636
6328,0.03139647
6329,0.276144
6330,0.18738857
6331,0.14471376
6332,0.06426738
6333,0.07442655
6334,0.013703118
6335,0.03320622
6336,0.015356841
6337,0.27695775
6338,0.035800505
6339,0.6831723
6340,0.12413576
6341,0.13711749
6342,0.04602474
6343,0.02542685
6344,0.02100763
6345,0.03821528
6346,0.015835831
6347,0.02715297
6348,0.106357135
6349,0.1205504
6350,0.4846971
6351,0.48749632
6352,0.051531706
6353,0.074294165
6354,0.14545816
6355,0.15398858
6356,0.009201573
6357,0.010303428
6358,0.019234983
6359,0.049441792
6360,0.033465672
6361,0.04189602
6362,0.057339918
6363,0.03497505
6364,0.42736223
6365,0.11493399
6366,0.2754394
6367,0.5086206
6368,0.10980373
6369,0.010667557
6370,0.4936514
6371,0.020329526
6372,0.05816066
6373,0.25354472
6374,0.038173925
6375,0.05309437
6376,0.042316712
6377,0.028758932
6378,0.045837905
6379,0.21299477
6380,0.10226752
6381,0.0345656
6382,0.042805802
6383,0.41031197
6384,0.037235208
6385,0.039304096
6386,0.057340905
6387,0.040635657
6388,0.06759227
6389,0.03131688
6390,0.054470155
6391,0.099772334
6392,0.028849168
6393,0.0537254
6394,0.15140823
6395,0.39197206
6396,0.055881966
6397,0.045750935
6398,0.008083328
6399,0.014903718
6400,0.001128306
6401,0.0055952254
6402,0.52555007
6403,0.12144411
6404,0.06848579
6405,0.31039074
6406,0.46883547
6407,0.07035884
6408,0.04421764
6409,0.022849053
6410,0.014910405
6411,0.003223246
6412,0.035283085
6413,0.0038725736
6414,0.06876851
6415,0.06547653
6416,0.08616595
6417,0.3592165
6418,0.4603495
6419,0.020370722
6420,0.4029859
6421,0.039949913
6422,0.012242967
6423,0.02719471
6424,0.038996708
6425,0.24825181
6426,0.017067343
6427,0.04045706
6428,0.021024823
6429,0.029510772
6430,0.021195088
6431,0.12394795
6432,0.5110684
6433,0.01629204
6434,0.032446586
6435,0.04765464
6436,0.04321081
6437,0.05098069
6438,0.026583428
6439,0.011359411
6440,0.107480615
6441,0.1623313
6442,0.08530557
6443,0.07379523
6444,0.06511495
6445,0.02172977
6446,0.034418475
6447,0.03447309
6448,0.041960742
6449,0.05458183
6450,0.06309408
6451,0.2313183
6452,0.029669488
6453,0.060746446
6454,0.0328456
6455,0.021590155
6456,0.018164854
6457,0.029807359
6458,0.047788084
6459,0.011234248
6460,0.079160504
6461,0.018006478
6462,0.026197245
6463,0.07760075
6464,0.19143754
6465,0.18036795
6466,0.044923753
6467,0.04452368
6468,0.045491282
6469,0.10263107
6470,0.05638591
6471,0.015899803
6472,0.05774254
6473,0.01572817
6474,0.011524725
6475,0.02475294
6476,0.10035035
6477,0.030415542
6478,0.021780323
6479,0.030902753
6480,0.059372418
6481,0.07219658
6482,0.26706266
6483,0.2361051
6484,0.13829677
6485,0.05685981
6486,0.046839416
6487,0.020262353
6488,0.06291872
6489,0.044507608
6490,0.0072127325
6491,0.010693677
6492,0.076563485
6493,0.044713154
6494,0.6648105
6495,0.120020814
6496,0.025824228
6497,0.011909457
6498,0.12648825
6499,0.053815074
6500,0.04474297
6501,0.017166296
6502,0.014202499
6503,0.0010746403
6504,0.051466163
6505,0.008817111
6506,0.018315038
6507,0.015205801
6508,0.07436268
6509,0.043783665
6510,0.07898296
6511,0.067615174
6512,0.12046749
6513,0.22759324
6514,0.45814067
6515,0.08194123
6516,0.03315675
6517,0.09540739
6518,0.028839136
6519,0.054146428
6520,0.077038236
6521,0.08087799
6522,0.13586545
6523,0.052035034
6524,0.11627987
6525,0.045176584
6526,0.06439442
6527,0.04723521
6528,0.023670144
6529,0.019712796
6530,0.09915199
6531,0.011491546
6532,0.027986806
6533,0.053438418
6534,0.026174368
6535,0.008075574
6536,0.022379454
6537,0.037927598
6538,0.05826354
6539,0.0820629
6540,0.14384247
6541,0.10869848
6542,0.44302276
6543,0.112095825
6544,0.12739217
6545,0.01795585
6546,0.10032573
6547,0.02487426
6548,0.07090411
6549,0.04988976
6550,0.08387126
6551,0.03363029
6552,0.025757974
6553,0.0563706
6554,0.051422544
6555,0.061382998
6556,0.10098964
6557,0.035540897
6558,0.053397115
6559,0.00682765
6560,0.02408675
6561,0.054137334
6562,0.016456129
6563,0.03992513
6564,0.06824959
6565,0.057483155
6566,0.142456
6567,0.44040093
6568,0.10794269
6569,0.1455274
6570,0.084664844
6571,0.10299774
6572,0.09237853
6573,0.09335059
6574,0.06584717
6575,0.014170515
6576,0.0242344
6577,0.2756869
6578,0.08542518
6579,0.104615554
6580,0.07566752
6581,0.09701019
6582,0.020203557
6583,0.022963487
6584,0.03684066
6585,0.18369362
6586,0.05500396
6587,0.047540933
6588,0.11650355
6589,0.46794453
6590,0.103927724
6591,0.016373588
6592,0.4161971
6593,0.07415169
6594,0.25670326
6595,0.25893036
6596,0.07531113
6597,0.052125674
6598,0.101947136
6599,0.17737417
6600,0.04852754
6601,0.17750806
6602,0.10475074
6603,0.0063540437
6604,0.071301654
6605,0.016588686
6606,0.0228797
6607,0.04268664
6608,0.07632945
6609,0.021750828
6610,0.13354346
6611,0.15520333
6612,0.13462853
6613,0.10197229
6614,0.050450213
6615,0.1263082
6616,0.20020226
6617,0.2576665
6618,0.07463282
6619,0.019853447
6620,0.058618832
6621,0.02623345
6622,0.014839162
6623,0.07369983
6624,0.49033606
6625,0.04727553
6626,0.07772993
6627,0.42614764
6628,0.2512939
6629,0.01657537
6630,0.011429982
6631,0.008349723
6632,0.050079558
6633,0.049167853
6634,0.23274967
6635,0.23127018
6636,0.10874678
6637,0.10558753
6638,0.24985941
6639,0.17331313
6640,0.16224813
6641,0.20054951
6642,0.40445536
6643,0.102227405
6644,0.03140311
6645,0.055470765
6646,0.092421144
6647,0.058821343
6648,0.38167292
6649,0.9153433
6650,0.004240668
6651,0.059882767
6652,0.39547896
6653,0.015319969
6654,0.049997553
6655,0.26436037
6656,0.017514864
6657,0.049677704
6658,0.07668528
6659,0.019878583
6660,0.057436604
6661,0.46574852
6662,0.0570107
6663,0.109705985
6664,0.26557332
6665,0.1611705
6666,0.2501942
6667,0.38975972
6668,0.26811916
6669,0.18993887
6670,0.40048116
6671,0.25919965
6672,0.7794823
6673,0.426271
6674,0.43561712
6675,0.0065886774
6676,0.030681703
6677,0.13232294
6678,0.04646716
6679,0.023775246
6680,0.019422563
6681,0.013187381
6682,0.06608692
6683,0.01193841
6684,0.012925717
6685,0.033151142
6686,0.07522606
6687,0.12659879
6688,0.12499613
6689,0.13109495
6690,0.10237752
6691,0.25938427
6692,0.12920536
6693,0.040501133
6694,0.12750721
6695,0.20386533
6696,0.026591519
6697,0.19160783
6698,0.87903506
6699,0.98993593
6700,0.42404065
6701,0.0128402235
6702,0.035278987
6703,0.019337008
6704,0.05236009
6705,0.2900773
6706,0.06596803
6707,0.010192073
6708,0.066557825
6709,0.0096267825
6710,0.06160292
6711,0.07076731
6712,0.06320171
6713,0.01301557
6714,0.2619101
6715,0.021582907
6716,0.053659633
6717,0.13229546
6718,0.12021413
6719,0.069246404
6720,0.059549395
6721,0.13275377
6722,0.2106453
6723,0.017370261
6724,0.02612523
6725,0.11890405
6726,0.09913266
6727,0.22658037
6728,0.93290603
6729,0.89284885
6730,0.5116183
6731,0.008525264
6732,0.1937952
6733,0.025722893
6734,0.24934685
6735,0.096254624
6736,0.26231977
6737,0.041661493
6738,0.06585521
6739,0.020706497
6740,0.07388097
6741,0.11007028
6742,0.2409023
6743,0.14177233
6744,0.5639853
6745,0.2798986
6746,0.1658972
6747,0.17106253
6748,0.11056166
6749,0.07575917
6750,0.14089206
6751,0.05495018
6752,0.042753473
6753,0.13517575
6754,0.13165425
6755,0.061512265
6756,0.09567549
6757,0.039285675
6758,0.87393564
6759,0.98364246
6760,0.9507428
6761,0.06801288
6762,0.04866457
6763,0.24329256
6764,0.010872604
6765,0.18004446
6766,0.024696952
6767,0.010422184
6768,0.01689837
6769,0.023660228
6770,0.050558724
6771,0.116451405
6772,0.06958817
6773,0.44302082
6774,0.6235623
6775,0.103069246
6776,0.13433366
6777,0.12005671
6778,0.18202908
6779,0.09681319
6780,0.44408026
6781,0.10664481
6782,0.0403318
6783,0.09239667
6784,0.11005084
6785,0.09916182
6786,0.048937943
6787,0.014534404
6788,0.4162639
6789,0.37613872
6790,0.27171195
6791,0.07177613
6792,0.03023338
6793,0.1367681
6794,0.07879577
6795,0.25209108
6796,0.030920448
6797,0.044834543
6798,0.0444937
6799,0.02373305
6800,0.05825244
6801,0.059774693
6802,0.25673643
6803,0.81811786
6804,0.43358007
6805,0.28291646
6806,0.13659413
6807,0.19949368
6808,0.24877211
6809,0.45870662
6810,0.19331858
6811,0.03351424
6812,0.04117032
6813,0.03390542
6814,0.1474261
6815,0.15292189
6816,0.07846182
6817,0.3021535
6818,0.27412894
6819,0.17803238
6820,0.94924223
6821,0.23615229
6822,0.020704774
6823,0.23812287
6824,0.14964473
6825,0.023147792
6826,0.06224076
6827,0.15298498
6828,0.076101676
6829,0.04833635
6830,0.0558443
6831,0.0667218
6832,0.15668415
6833,0.45831364
6834,0.28348863
6835,0.5714663
6836,0.42535236
6837,0.19514406
6838,0.17018771
6839,0.28396618
6840,0.16793764
6841,0.07727385
6842,0.04966668
6843,0.4557007
6844,0.25697076
6845,0.06452099
6846,0.50445116
6847,0.3952502
6848,0.006197284
6849,0.07665148
6850,0.12337773
6851,0.08858518
6852,0.05634341
6853,0.009682368
6854,0.020306714
6855,0.034271833
6856,0.06589342
6857,0.113764755
6858,0.11288679
6859,0.14521223
6860,0.42645526
6861,0.8364333
6862,0.44802657
6863,0.437811
6864,0.6313174
6865,0.11620265
6866,0.06506596
6867,0.069087125
6868,0.14030758
6869,0.18557748
6870,0.08844789
6871,0.021257931
6872,0.07021286
6873,0.15101789
6874,0.024836686
6875,0.047253862
6876,0.114652805
6877,0.018949151
6878,0.043115318
6879,0.020330394
6880,0.0115082
6881,0.034918636
6882,0.09440502
6883,0.07135881
6884,0.11215196
6885,0.25285834
6886,0.27213842
6887,0.3866141
6888,0.8802011
6889,0.70631504
6890,0.39955124
6891,0.10713931
6892,0.0021713248
6893,0.03937959
6894,0.026108436
6895,0.053382076
6896,0.12070856
6897,0.018432377
6898,0.58404535
6899,0.18405187
6900,0.02539335
6901,0.07833358
6902,0.049566176
6903,0.10302865
6904,0.046869244
6905,0.053544436
6906,0.04415301
6907,0.01484226
6908,0.019555213
6909,0.03377223
6910,0.11446662
6911,0.12907161
6912,0.54865104
6913,0.43103224
6914,0.15709098
6915,0.87612414
6916,0.41918525
6917,0.4576543
6918,0.13149488
6919,0.04327876
6920,0.03331185
6921,0.037965797
6922,0.05296367
6923,0.060451206
6924,0.041545898
6925,0.06862073
6926,0.42251503
6927,0.24123286
6928,0.42436793
6929,0.03137888
6930,0.09074705
6931,0.125486
6932,0.14133929
6933,0.15911943
6934,0.046627086
6935,0.032757223
6936,0.058363322
6937,0.2575348
6938,0.57559884
6939,0.44024894
6940,0.5077787
6941,0.23871611
6942,0.40069506
6943,0.1682122
6944,0.07472737
6945,0.02427799
6946,0.02614979
6947,0.04611803
6948,0.029729988
6949,0.12564178
6950,0.12448981
6951,0.080039576
6952,0.3670524
6953,0.032756303
6954,0.07074468
6955,0.40709123
6956,0.05380615
6957,0.0019202022
6958,0.016513538
6959,0.13951321
6960,0.23228589
6961,0.051120028
6962,0.26120922
6963,0.2632987
6964,0.0804126
6965,0.08467634
6966,0.025021384
6967,0.07944134
6968,0.0856739
6969,0.044467688
6970,0.12009625
6971,0.109553374
6972,0.049593844
6973,0.034552902
6974,0.0081864
6975,0.2457033
6976,0.016759496
6977,0.07659499
6978,0.05090794
6979,0.048875105
6980,0.16290818
6981,0.04818857
6982,0.07240224
6983,0.01463546
6984,0.08140237
6985,0.19752613
6986,0.36541927
6987,0.45482132
6988,0.045102306
6989,0.008407461
6990,0.03370705
6991,0.080007374
6992,0.017989673
6993,0.06574695
6994,0.13077214
6995,0.014955696
6996,0.031809084
6997,0.020437356
6998,0.020791227
6999,0.0094049545
7000,0.09622885
7001,0.10757569
7002,0.38365123
7003,0.021479534
7004,0.06726664
7005,0.0803302
7006,0.095704876
7007,0.37111506
7008,0.058122236
7009,0.0047621387
7010,0.00352222
7011,0.09959943
7012,0.03874037
7013,0.019406367
7014,0.0776925
7015,0.24442644
7016,0.055652328
7017,0.023365641
7018,0.009953624
7019,0.27294615
7020,0.019362887
7021,0.04120248
7022,0.1521137
7023,0.08035378
7024,0.0594371
7025,0.020814443
7026,0.034912243
7027,0.090513565
7028,0.28540102
7029,0.026817797
7030,0.0
7031,0.017020164
7032,0.03446855
7033,0.052070536
7034,0.06530091
7035,0.23918515
7036,0.06956567
7037,0.26112565
7038,0.110073954
7039,0.032092124
7040,0.051106866
7041,0.048430108
7042,0.041740995
7043,0.25648344
7044,0.019382376
7045,0.09640744
7046,0.028285319
7047,0.12200697
7048,0.060191374
7049,0.0109860115
7050,0.012554703
7051,0.2856259
7052,0.516318
7053,0.24644242
7054,0.05341485
7055,0.009513419
7056,0.06609531
7057,0.034345824
7058,0.024729965
7059,0.07091831
7060,0.085975304
7061,0.0874443
7062,0.7904167
7063,0.085015506
7064,0.016633011
7065,0.08639545
7066,0.08285532
7067,0.018064238
7068,0.04032827
7069,0.15858641
7070,0.44287786
7071,0.07207563
7072,0.13549915
7073,0.031855363
7074,0.01600895
7075,0.038366266
7076,0.1052979
7077,0.037394058
7078,0.027709536
7079,0.06551036
7080,0.054601803
7081,0.03408316
7082,0.013657482
7083,0.046359792
7084,0.009926314
7085,0.09441132
7086,0.03457463
7087,0.04589138
7088,0.01662754
7089,0.041574888
7090,0.08866947
7091,0.105147205
7092,0.022759631
7093,0.06443573
7094,0.5450297
7095,0.09234969
7096,0.09132839
7097,0.03985971
7098,0.0568181
7099,0.06519593
7100,0.017731078
7101,0.28924873
7102,0.027418306
7103,0.0
7104,0.0061200876
7105,0.053514976
7106,0.08958215
7107,0.026730785
7108,0.1099668
7109,0.047895342
7110,0.026947763
7111,0.05126263
7112,0.40044275
7113,0.048079953
7114,0.02069987
7115,0.02384065
7116,0.016192412
7117,0.059315056
7118,0.044966042
7119,0.007339645
7120,0.15165044
7121,0.093984865
7122,0.016967187
7123,0.07061505
7124,0.1291272
7125,0.09420043
7126,0.06906288
7127,0.08136752
7128,0.024438336
7129,0.049125712
7130,0.021185614
7131,0.17129871
7132,0.25650868
7133,0.114878416
7134,0.0046612993
7135,0.004782923
7136,0.046176806
7137,0.020121034
7138,0.015378128
7139,0.029603096
7140,0.022464072
7141,0.00791164
7142,0.01647149
7143,0.0072717946
7144,0.015450083
7145,0.014215965
7146,0.020810751
7147,0.06013665
7148,0.04682982
7149,0.13604319
7150,0.0074737794
7151,0.15366592
7152,0.17011195
7153,0.0063553103
7154,0.037743013
7155,0.017352598
7156,0.01474766
7157,0.026319524
7158,0.027064951
7159,0.015743226
7160,0.035328276
7161,0.012693703
7162,0.014937757
7163,0.007501291
7164,0.012202476
7165,0.066236965
7166,0.023092924
7167,0.041698482
7168,0.018816274
7169,0.0132759055
7170,0.058647323
7171,0.016484473
7172,0.015564078
7173,0.08953398
7174,0.031217173
7175,0.055899333
7176,0.010650622
7177,0.004050726
7178,0.011180006
7179,0.026699796
7180,0.0074236603
7181,0.017580876
7182,0.084441125
7183,0.017061405
7184,0.006947679
7185,0.011718176
7186,0.14788686
7187,0.055333644
7188,0.07062113
7189,0.03138579
7190,0.100909114
7191,0.0274329
7192,0.012816871
7193,0.0072553684
7194,0.07709797
7195,0.020722471
7196,0.06524162
7197,0.002075874
7198,0.118870914
7199,0.018974327
7200,0.010775527
7201,0.02870989
7202,0.030430274
7203,0.02972798
7204,0.025294682
7205,0.030556777
7206,0.0161569
7207,0.015529826
7208,0.009956324
7209,0.018545872
7210,0.036040295
7211,0.011682634
7212,0.011150766
7213,0.00072304794
7214,0.033230886
7215,0.06893987
7216,0.030982768
7217,0.008934676
7218,0.15674004
7219,0.02337998
7220,0.03146543
7221,0.0032668803
7222,0.01774438
7223,0.021337315
7224,0.0530834
7225,0.022100966
7226,0.030534279
7227,0.022163896
7228,0.0047677304
7229,0.004443288
7230,0.015775492
7231,0.034957044
7232,0.103190936
7233,0.1191502
7234,0.09719131
7235,0.012080546
7236,0.025812605
7237,0.055812374
7238,0.07938063
7239,0.025140015
7240,0.067134455
7241,0.07039069
7242,0.012584671
7243,0.040104024
7244,0.040706646
7245,0.05379727
7246,0.038388863
7247,0.09709722
7248,0.058843676
7249,0.009291193
7250,0.05478235
7251,0.03648021
7252,0.12030517
7253,0.044073727
7254,0.0364858
7255,0.26867333
7256,0.41256762
7257,0.030479923
7258,0.060162824
7259,0.2820117
7260,0.038764574
7261,0.40389344
7262,0.05692487
7263,0.14139888
7264,0.05792202
7265,0.029924266
7266,0.0912905
7267,0.036396015
7268,0.015219318
7269,0.00913205
7270,0.14522487
7271,0.050043147
7272,0.68375367
7273,0.1191651
7274,0.044725373
7275,0.04949188
7276,0.13015777
7277,0.03115844
7278,0.023712225
7279,0.01854865
7280,0.044951275
7281,0.03490846
7282,0.012308342
7283,0.014083675
7284,0.041371893
7285,0.105647266
7286,0.12684177
7287,0.49347496
7288,0.48862663
7289,0.051811054
7290,0.072558224
7291,0.27589187
7292,0.16259563
7293,0.020948263
7294,0.04953967
7295,0.034377202
7296,0.044642158
7297,0.085190326
7298,0.45347673
7299,0.07768068
7300,0.45179644
7301,0.54918665
7302,0.08810551
7303,0.015531785
7304,0.49839017
7305,0.049106758
7306,0.27066872
7307,0.037814084
7308,0.046441987
7309,0.040908065
7310,0.026823647
7311,0.22156353
7312,0.11368167
7313,0.069788106
7314,0.027848177
7315,0.043383338
7316,0.40147328
7317,0.0418326
7318,0.030451378
7319,0.05607443
7320,0.04350348
7321,0.065779224
7322,0.04230965
7323,0.0506625
7324,0.089507304
7325,0.039575484
7326,0.050059203
7327,0.25585294
7328,0.16333155
7329,0.048749182
7330,0.04355321
7331,0.0
7332,0.016657118
7333,0.5072362
7334,0.09753284
7335,0.049246848
7336,0.47500402
7337,0.47746462
7338,0.077734165
7339,0.044361383
7340,0.021407148
7341,0.014111397
7342,0.03772655
7343,0.008985194
7344,0.067342296
7345,0.06096621
7346,0.017529605
7347,0.08495646
7348,0.25101778
7349,0.448722
7350,0.0045042257
7351,0.017980604
7352,0.028374339
7353,0.044507403
7354,0.01227883
7355,0.031080972
7356,0.029164083
7357,0.03624709
7358,0.25164372
7359,0.017047282
7360,0.042934902
7361,0.0012217934
7362,0.039451018
7363,0.028650053
7364,0.020789608
7365,0.13021968
7366,0.4758866
7367,0.033459093
7368,0.044188228
7369,0.020585855
7370,0.029220823
7371,0.038157597
7372,0.06430562
7373,0.01523882
7374,0.02477759
7375,0.01201688
7376,0.11315004
7377,0.15166552
7378,0.093505226
7379,0.07182176
7380,0.062074624
7381,0.022004139
7382,0.03355719
7383,0.030814603
7384,0.042299557
7385,0.060194723
7386,0.058156177
7387,0.23469807
7388,0.025073472
7389,0.064304836
7390,0.03092172
7391,0.020807143
7392,0.013675883
7393,0.020414062
7394,0.04745042
7395,0.019387618
7396,0.028707037
7397,0.07899924
7398,0.19097973
7399,0.261371
7400,0.04453441
7401,0.047991555
7402,0.05225917
7403,0.100326754
7404,0.05278431
7405,0.016452206
7406,0.056202434
7407,0.017533261
7408,0.010531609
7409,0.02718167
7410,0.11329985
7411,0.02786101
7412,0.025095277
7413,0.030332403
7414,0.05919254
7415,0.07698053
7416,0.17076136
7417,0.1384479
7418,0.243449
7419,0.06317188
7420,0.04999681
7421,0.016900282
7422,0.056670472
7423,0.05391109
7424,0.0070995
7425,0.088439785
7426,0.03985088
7427,0.59282464
7428,0.12465673
7429,0.027686937
7430,0.11985041
7431,0.053722955
7432,0.049620543
7433,0.01736016
7434,0.018641245
7435,0.0086707035
7436,0.05585595
7437,0.010317228
7438,0.0075056185
7439,0.011792672
7440,0.019334214
7441,0.060627688
7442,0.038960688
7443,0.17416088
7444,0.06884226
7445,0.12728086
7446,0.40326655
7447,0.41635787
7448,0.07857285
7449,0.036946744
7450,0.09055494
7451,0.0252127
7452,0.051821444
7453,0.011117689
7454,0.07913572
7455,0.06531168
7456,0.13907184
7457,0.05669357
7458,0.12403765
7459,0.04971806
7460,0.06364363
7461,0.047417212
7462,0.02840152
7463,0.018804943
7464,0.11098706
7465,0.00540604
7466,0.033278726
7467,0.05463812
7468,0.02718942
7469,0.018402597
7470,0.026095614
7471,0.042120732
7472,0.05867525
7473,0.07754295
7474,0.13472858
7475,0.11722775
7476,0.2529355
7477,0.12851462
7478,0.12423207
7479,0.017163647
7480,0.09912398
7481,0.06373531
7482,0.047905732
7483,0.11878116
7484,0.034370158
7485,0.057272278
7486,0.051625464
7487,0.06616488
7488,0.097697936
7489,0.032971673
7490,0.05756636
7491,0.0066886507
7492,0.022752764
7493,0.026793897
7494,0.016426511
7495,0.062377654
7496,0.008946679
7497,0.04345542
7498,0.06445294
7499,0.06788193
7500,0.15380743
7501,0.3878077
7502,0.116845116
7503,0.13153073
7504,0.089810364
7505,0.098782495
7506,0.08180675
7507,0.09377072
7508,0.06486804
7509,0.026342848
7510,0.28240502
7511,0.08287938
7512,0.10664625
7513,0.068428226
7514,0.09115821
7515,0.017835202
7516,0.023617497
7517,0.022334559
7518,0.043397173
7519,0.16317081
7520,0.05610159
7521,0.04668766
7522,0.12766227
7523,0.4631528
7524,0.09551115
7525,0.019861609
7526,0.38223532
7527,0.06742391
7528,0.25523382
7529,0.2537415
7530,0.08243321
7531,0.049791735
7532,0.046779193
7533,0.0932629
7534,0.1736142
7535,0.051552426
7536,0.18435732
7537,0.10313271
7538,0.07397036
7539,0.011641009
7540,0.012489518
7541,0.046445694
7542,0.07696516
7543,0.02115643
7544,0.12680013
7545,0.15566115
7546,0.12270006
7547,0.099716544
7548,0.04771372
7549,0.1112176
7550,0.19434588
7551,0.25769666
7552,0.07061777
7553,0.014314213
7554,0.06397673
7555,0.023555333
7556,0.07536431
7557,0.46253392
7558,0.041190412
7559,0.06708116
7560,0.37902623
7561,0.26383463
7562,0.009540611
7563,0.018643938
7564,0.007632097
7565,0.0073056463
7566,0.05099348
7567,0.061954055
7568,0.16039547
7569,0.16552773
7570,0.20116808
7571,0.0980372
7572,0.2380952
7573,0.23759863
7574,0.15277888
7575,0.24899812
7576,0.39912575
7577,0.10161406
7578,0.05771398
7579,0.11529589
7580,0.053275496
7581,0.2671611
7582,0.91488546
7583,0.0054623713
7584,0.057285603
7585,0.43609956
7586,0.014333258
7587,0.047034394
7588,0.25685605
7589,0.011795006
7590,0.013435031
7591,0.052989565
7592,0.07775366
7593,0.020552903
7594,0.052750703
7595,0.27938998
7596,0.060096167
7597,0.10487643
7598,0.24381107
7599,0.1698421
7600,0.20560302
7601,0.4107077
7602,0.19725631
7603,0.03851698
7604,0.28666586
7605,0.39938292
7606,0.25912827
7607,0.80194885
7608,0.42471743
7609,0.31527025
7610,0.006190414
7611,0.02362705
7612,0.13079855
7613,0.062416498
7614,0.01524713
7615,0.0073747737
7616,0.0041901222
7617,0.056720067
7618,0.010358962
7619,0.035499305
7620,0.073358476
7621,0.12572366
7622,0.12912287
7623,0.13789642
7624,0.1147856
7625,0.25660652
7626,0.12690623
7627,0.0354077
7628,0.12061068
7629,0.274183
7630,0.025150353
7631,0.18408239
7632,0.9314753
7633,0.9755561
7634,0.455528
7635,0.012637102
7636,0.033613387
7637,0.041420296
7638,0.291606
7639,0.06853838
7640,0.046858378
7641,0.06728944
7642,0.07628439
7643,0.07170012
7644,0.01689034
7645,0.39325812
7646,0.021341002
7647,0.044105086
7648,0.14150181
7649,0.12504385
7650,0.0796163
7651,0.06986811
7652,0.23048389
7653,0.203228
7654,0.009760196
7655,0.023757627
7656,0.21654193
7657,0.11194477
7658,0.10757197
7659,0.9674664
7660,0.9163563
7661,0.4774901
7662,0.011644874
7663,0.02144663
7664,0.19272497
7665,0.030563315
7666,0.16754116
7667,0.10701325
7668,0.25216785
7669,0.048381347
7670,0.069612205
7671,0.017819358
7672,0.07391871
7673,0.11950839
7674,0.15794562
7675,0.15353994
7676,0.5855939
7677,0.26953873
7678,0.25109702
7679,0.16968659
7680,0.10882683
7681,0.08185499
7682,0.13941984
7683,0.05336651
7684,0.03821861
7685,0.029451068
7686,0.13271588
7687,0.14311372
7688,0.057286836
7689,0.08146411
7690,0.021190777
7691,0.9158852
7692,0.99175924
7693,0.9547002
7694,0.06889194
7695,0.05264446
7696,0.42277583
7697,0.013052826
7698,0.18143171
7699,0.02870713
7700,0.016862303
7701,0.022274366
7702,0.048920587
7703,0.12357343
7704,0.059890755
7705,0.406386
7706,0.6177457
7707,0.09426999
7708,0.13692918
7709,0.123183474
7710,0.26725224
7711,0.09459561
7712,0.42289424
7713,0.1253243
7714,0.04162894
7715,0.101460025
7716,0.11237198
7717,0.09823108
7718,0.042453777
7719,0.02543937
7720,0.40157163
7721,0.39632377
7722,0.2500876
7723,0.07203783
7724,0.031722736
7725,0.13400169
7726,0.07130088
7727,0.25125173
7728,0.033263974
7729,0.047885418
7730,0.04749297
7731,0.021719458
7732,0.02143185
7733,0.05636319
7734,0.057974122
7735,0.25604558
7736,0.8143058
7737,0.4324568
7738,0.2914125
7739,0.13854155
7740,0.1719276
7741,0.2616848
7742,0.45131022
7743,0.09769945
7744,0.03729743
7745,0.04175602
7746,0.034865387
7747,0.1465987
7748,0.16183925
7749,0.09112847
7750,0.41842294
7751,0.24804002
7752,0.16296592
7753,1.0
7754,0.1192285
7755,0.019191248
7756,0.13058202
7757,0.17107739
7758,0.025977777
7759,0.06178449
7760,0.25007132
7761,0.07635062
7762,0.047461238
7763,0.05007474
7764,0.063474156
7765,0.23609786
7766,0.43123984
7767,0.2847588
7768,0.5228877
7769,0.4702632
7770,0.18056977
7771,0.17418624
7772,0.3832937
7773,0.020300366
7774,0.15273221
7775,0.07268555
7776,0.0558936
7777,0.4127103
7778,0.45798826
7779,0.06477416
7780,0.5409114
7781,0.4011879
7782,0.078287184
7783,0.111206815
7784,0.08322898
7785,0.05064347
7786,0.009972086
7787,0.01716697
7788,0.037622724
7789,0.06866646
7790,0.119620904
7791,0.11205832
7792,0.16074896
7793,0.38511384
7794,0.86039853
7795,0.45000455
7796,0.39998895
7797,0.61118984
7798,0.115957946
7799,0.020154348
7800,0.05811921
7801,0.06932811
7802,0.14166977
7803,0.26165512
7804,0.07453132
7805,0.017418994
7806,0.07418919
7807,0.14116792
7808,0.017116053
7809,0.049908362
7810,0.11215989
7811,0.020864226
7812,0.049741868
7813,0.02192938
7814,0.010980306
7815,0.03708488
7816,0.10255157
7817,0.072169185
7818,0.10856571
7819,0.24605002
7820,0.28497
7821,0.38745642
7822,0.88716257
7823,0.64466673
7824,0.30549225
7825,0.10764627
7826,0.0067543243
7827,0.03760078
7828,0.022705691
7829,0.055088565
7830,0.11352324
7831,0.018534163
7832,0.014948189
7833,0.03510802
7834,0.622323
7835,0.1722157
7836,0.01979728
7837,0.06876717
7838,0.055676814
7839,0.09877583
7840,0.05251673
7841,0.052071787
7842,0.025698056
7843,0.049844224
7844,0.02096592
7845,0.039995596
7846,0.1037201
7847,0.132265
7848,0.55197495
7849,0.4199253
7850,0.2663729
7851,0.84511423
7852,0.4191089
7853,0.4581004
7854,0.14294128
7855,0.043913305
7856,0.03398952
7857,0.039534707
7858,0.048315637
7859,0.056147948
7860,0.039019953
7861,0.07043285
7862,0.43151072
7863,0.24585444
7864,0.4378078
7865,0.03402634
7866,0.105994046
7867,0.12750395
7868,0.12886412
7869,0.15933464
7870,0.047071654
7871,0.028490284
7872,0.05670055
7873,0.2412423
7874,0.5808136
7875,0.4246894
7876,0.5332624
7877,0.16189845
7878,0.3971099
7879,0.169615
7880,0.07521034
7881,0.025242763
7882,0.0035867258
7883,0.018729236
7884,0.01698711
7885,0.044954937
7886,0.0382875
7887,0.12623005
7888,0.13382165
7889,0.070303194
7890,0.20192845
7891,0.04269435
7892,0.06894406
7893,0.39574218
7894,0.056426812
7895,0.0017172279
7896,0.0141618755
7897,0.012315333
7898,0.12762953
7899,0.24175613
7900,0.049713023
7901,0.34919444
7902,0.25248334
7903,0.083407894
7904,0.09048942
7905,0.02484027
7906,0.0762855
7907,0.093326166
7908,0.05286452
7909,0.12037069
7910,0.11996146
7911,0.050332434
7912,0.009939177
7913,0.4022775
7914,0.015306124
7915,0.09002835
7916,0.013558295
7917,0.049165703
7918,0.043134447
7919,0.14963599
7920,0.045323465
7921,0.066958934
7922,0.009486736
7923,0.06960539
7924,0.20234162
7925,0.3781284
7926,0.45328668
7927,0.058366764
7928,0.00060816074
7929,0.015519039
7930,0.032998618
7931,0.07663431
7932,0.0678955
7933,0.15285453
7934,0.019128036
7935,0.03971089
7936,0.023652004
7937,0.03313171
7938,0.02168483
7939,0.015411664
7940,0.042075176
7941,0.09631907
7942,0.11017981
7943,0.35672888
7944,0.020331066
7945,0.024481181
7946,0.06407843
7947,0.08890337
7948,0.11002447
7949,0.3451892
7950,0.07215113
7951,0.0060141543
7952,0.09900003
7953,0.04086178
7954,0.08884198
7955,0.24339578
7956,0.059102684
7957,0.02854013
7958,0.02102142
7959,0.21426342
7960,0.022148987
7961,0.03658733
7962,0.15413095
7963,0.07846049
7964,0.05492363
7965,0.02224629
7966,0.03662173
7967,0.084399186
7968,0.27667466
7969,0.028603263
7970,0.0179919
7971,0.03362593
7972,0.050183203
7973,0.0752404
7974,0.24007061
7975,0.059359957
7976,0.18072471
7977,0.108828425
7978,0.038125493
7979,0.04517749
7980,0.050723065
7981,0.037041884
7982,0.15115047
7983,0.019380314
7984,0.107643194
7985,0.023817185
7986,0.11864553
7987,0.06147815
7988,0.009066453
7989,0.012905727
7990,0.27953407
7991,0.48020107
7992,0.2333008
7993,0.04794042
7994,0.009974584
7995,0.06907345
7996,0.032736715
7997,0.029757356
7998,0.0814388
7999,0.07851579
8000,0.09317122
8001,0.84801215
8002,0.01994819
8003,0.08168772
8004,0.021872455
8005,0.0923958
8006,0.07958313
8007,0.02284729
8008,0.051220357
8009,0.16662163
8010,0.4745956
8011,0.075106055
8012,0.12354406
8013,0.028262066
8014,0.030789703
8015,0.016799401
8016,0.031406198
8017,0.112634316
8018,0.033629734
8019,0.026839908
8020,0.057861187
8021,0.04671364
8022,0.026803453
8023,0.04814221
8024,0.0065986984
8025,0.09485598
8026,0.037490632
8027,0.04660124
8028,0.02381818
8029,0.040858693
8030,0.09673628
8031,0.1089279
8032,0.02690645
8033,0.022657864
8034,0.066458166
8035,0.546534
8036,0.07156248
8037,0.09027459
8038,0.052383985
8039,0.04915945
8040,0.06206524
8041,0.06506279
8042,0.45072478
8043,0.021541584
8044,0.011325437
8045,0.058117338
8046,0.10266059
8047,0.023779262
8048,0.10948468
8049,0.050830718
8050,0.033893332
8051,0.05378636
8052,0.37090865
8053,0.036975473
8054,0.020813279
8055,0.008709269
8056,0.021388913
8057,0.05933419
8058,0.008981425
8059,0.04126038
8060,0.272595
8061,0.09879467
8062,0.07794485
8063,0.13529202
8064,0.10524693
8065,0.088282876
8066,0.07670723
8067,0.049927596
8068,0.20434584
8069,0.26028374
8070,0.1129666
8071,0.010693706
8072,0.0017988966
8073,0.042847503
8074,0.018588241
8075,0.014771685
8076,0.026301725
8077,0.013796285
8078,0.020012047
8079,0.008885183
8080,0.019186962
8081,0.009450938
8082,0.01436873
8083,0.009169281
8084,0.026729468
8085,0.064570315
8086,0.07424242
8087,0.124962844
8088,0.13831668
8089,0.17227508
8090,0.019065784
8091,0.011835435
8092,0.033178117
8093,0.015734939
8094,0.01054856
8095,0.027776279
8096,0.01881944
8097,0.033810183
8098,0.014594586
8099,0.012026448
8100,0.015484394
8101,0.06942198
8102,0.050238557
8103,0.02189504
8104,0.06453939
8105,0.01969486
8106,0.016161926
8107,0.009440353
8108,0.10430261
8109,0.0364525
8110,0.057961233
8111,0.012358595
8112,0.0043246164
8113,0.01339434
8114,0.026674833
8115,0.010420626
8116,0.087262265
8117,0.0052227005
8118,0.14417592
8119,0.05683634
8120,0.06651282
8121,0.057716012
8122,0.01272319
8123,0.10589804
8124,0.026818486
8125,0.009707412
8126,0.07091569
8127,0.02461729
8128,0.07012251
8129,0.0031876587
8130,0.1467824
8131,0.017923377
8132,0.031193515
8133,0.029139474
8134,0.026692906
8135,0.016450403
8136,0.010271285
8137,0.01247878
8138,0.034772296
8139,0.0107190125
8140,0.010675458
8141,0.027192893
8142,0.0632651
8143,0.038312394
8144,0.16665791
8145,0.026011981
8146,0.0039200587
8147,0.010547895
8148,0.01781972
8149,0.06677902
8150,0.02048643
8151,0.014795485
8152,0.025983106
8153,0.02560386
8154,0.0070142467
8155,0.11238326
8156,0.14285122
8157,0.0127690965
8158,0.01947458
8159,0.09257853
8160,0.012653571
8161,0.020609546
8162,0.040932205
8163,0.069253884
8164,0.037251927
8165,0.04022032
8166,0.099490486
8167,0.03699276
8168,0.046007287
8169,0.10475364
8170,0.017267277
8171,0.038157098
8172,0.030319797
8173,0.2666591
8174,0.3741142
8175,0.28416392
8176,0.045942187
8177,0.26917925
8178,0.21039063
8179,0.25177774
8180,0.05831487
8181,0.028975733
8182,0.015700513
8183,0.0457998
8184,0.010437105
8185,0.034304477
8186,0.01655074
8187,0.24154937
8188,0.035026014
8189,0.7095213
8190,0.24809635
8191,0.055523586
8192,0.033902608
8193,0.25528932
8194,0.04401042
8195,0.025390739
8196,0.05953477
8197,0.04275401
8198,0.016057046
8199,0.01612567
8200,0.049737025
8201,0.11275182
8202,0.12780344
8203,0.48725843
8204,0.4665666
8205,0.037643835
8206,0.062338296
8207,0.27858296
8208,0.2475976
8209,0.007471423
8210,0.046370387
8211,0.03644172
8212,0.0437998
8213,0.055091765
8214,0.034406543
8215,0.41219214
8216,0.10448758
8217,0.14620492
8218,0.5014516
8219,0.08243845
8220,0.008899692
8221,0.4839303
8222,0.05195466
8223,0.4891576
8224,0.049382463
8225,0.040927354
8226,0.034775294
8227,0.024628868
8228,0.034189384
8229,0.08282972
8230,0.09755767
8231,0.049067337
8232,0.017534891
8233,0.028659139
8234,0.04679911
8235,0.37841412
8236,0.040694147
8237,0.04843608
8238,0.035314396
8239,0.05891612
8240,0.028151574
8241,0.045661025
8242,0.06630237
8243,0.09926894
8244,0.023162968
8245,0.06501179
8246,0.13675648
8247,0.37305772
8248,0.046270397
8249,0.04221917
8250,0.0044535766
8251,0.008619001
8252,0.4893317
8253,0.10080893
8254,0.04707246
8255,0.473157
8256,0.31585068
8257,0.0
8258,0.0
8259,0.07543033
8260,0.042955138
8261,0.021442818
8262,0.022304978
8263,0.01514956
8264,0.036689065
8265,0.054891653
8266,0.064673536
8267,0.083654545
8268,0.15646943
8269,0.469555
8270,0.018592097
8271,0.027491625
8272,0.008033808
8273,0.034247372
8274,0.027479408
8275,0.03555475
8276,0.2554024
8277,0.01900797
8278,0.048761673
8279,0.008259675
8280,0.047455247
8281,0.03971534
8282,0.013635669
8283,0.12589027
8284,0.51389754
8285,0.033563428
8286,0.051369738
8287,0.023282025
8288,0.028176025
8289,0.037936565
8290,0.045461744
8291,0.013401358
8292,0.026338473
8293,0.008046376
8294,0.10505621
8295,0.16092932
8296,0.08422003
8297,0.06977849
8298,0.055937298
8299,0.025355138
8300,0.03069746
8301,0.032607403
8302,0.03964925
8303,0.051585924
8304,0.055877186
8305,0.23217875
8306,0.01976647
8307,0.05797523
8308,0.029383566
8309,0.014870807
8310,0.014828193
8311,0.024280358
8312,0.04470854
8313,0.028090712
8314,0.074745096
8315,0.18114293
8316,0.18002734
8317,0.04540067
8318,0.04851041
8319,0.041125163
8320,0.102027155
8321,0.05352896
8322,0.014178211
8323,0.053278394
8324,0.0143208755
8325,0.008447204
8326,0.027689427
8327,0.13200147
8328,0.02847808
8329,0.020595312
8330,0.024449337
8331,0.05679243
8332,0.08402942
8333,0.27725837
8334,0.24007414
8335,0.25029844
8336,0.057245977
8337,0.046215575
8338,0.016487401
8339,0.054236103
8340,0.04869533
8341,0.009478345
8342,0.08738291
8343,0.040684387
8344,0.6283749
8345,0.12321961
8346,0.024729105
8347,0.12646337
8348,0.0507971
8349,0.046705216
8350,0.018885514
8351,0.0066020056
8352,0.007975695
8353,0.054468554
8354,0.0
8355,0.016621698
8356,0.010097735
8357,0.073813856
8358,0.04519595
8359,0.0790472
8360,0.06682634
8361,0.11625941
8362,0.41711435
8363,0.43998033
8364,0.07699846
8365,0.031494714
8366,0.08934929
8367,0.021326395
8368,0.048255697
8369,0.033319253
8370,0.0121350875
8371,0.07090394
8372,0.062461924
8373,0.14368862
8374,0.061473906
8375,0.12835817
8376,0.05378802
8377,0.06325584
8378,0.023149317
8379,0.023461021
8380,0.11920509
8381,0.00830835
8382,0.03193963
8383,0.05053554
8384,0.006704148
8385,0.016839549
8386,0.040215
8387,0.061473045
8388,0.075721614
8389,0.23453519
8390,0.11431799
8391,0.24349411
8392,0.12036177
8393,0.13004154
8394,0.017310366
8395,0.0919843
8396,0.02067522
8397,0.06404441
8398,0.013968035
8399,0.044089053
8400,0.1054215
8401,0.036681812
8402,0.031453785
8403,0.07198239
8404,0.05099511
8405,0.063480146
8406,0.10441404
8407,0.036153037
8408,0.053885553
8409,0.006662528
8410,0.02505649
8411,0.057756778
8412,0.03971447
8413,0.062740766
8414,0.059944518
8415,0.14603563
8416,0.41170755
8417,0.11469255
8418,0.12874284
8419,0.07663329
8420,0.18735743
8421,0.08965903
8422,0.09158796
8423,0.06707604
8424,0.02392886
8425,0.26345932
8426,0.079821944
8427,0.099399425
8428,0.06427074
8429,0.094127156
8430,0.015414424
8431,0.023258777
8432,0.02263218
8433,0.021829728
8434,0.045097403
8435,0.15547471
8436,0.062712096
8437,0.041891605
8438,0.122841775
8439,0.47579718
8440,0.09433946
8441,0.015752299
8442,0.2567434
8443,0.07985348
8444,0.25306687
8445,0.26988056
8446,0.07710386
8447,0.025363168
8448,0.04529629
8449,0.052316487
8450,0.10109354
8451,0.16133618
8452,0.046399694
8453,0.16966704
8454,0.09357944
8455,0.06800319
8456,0.01820086
8457,0.012173173
8458,0.048233166
8459,0.07626837
8460,0.01893518
8461,0.13528727
8462,0.16318198
8463,0.12623915
8464,0.102043465
8465,0.04036771
8466,0.12539391
8467,0.19813895
8468,0.24992572
8469,0.07570157
8470,0.010192726
8471,0.06224352
8472,0.07792519
8473,0.4412545
8474,0.043399278
8475,0.072383
8476,0.37421647
8477,0.24320497
8478,0.015668672
8479,0.020524913
8480,0.0077375113
8481,0.044922117
8482,0.058438923
8483,0.16508467
8484,0.24936195
8485,0.012732929
8486,0.10875553
8487,0.10523094
8488,0.2546013
8489,0.147454
8490,0.15655719
8491,0.2592448
8492,0.37770423
8493,0.098822646
8494,0.05395247
8495,0.09679345
8496,0.06149089
8497,0.2873951
8498,0.9425177
8499,0.0024388647
8500,0.06120456
8501,0.38759583
8502,0.017152859
8503,0.051738933
8504,0.37398517
8505,0.012473377
8506,0.05294121
8507,0.07602158
8508,0.02166619
8509,0.053542048
8510,0.48737785
8511,0.058047667
8512,0.09879317
8513,0.25646323
8514,0.20898843
8515,0.26012045
8516,0.40754917
8517,0.275756
8518,0.03227549
8519,0.26448363
8520,0.23877487
8521,0.1595722
8522,0.8657169
8523,0.43744093
8524,0.40520582
8525,0.001672171
8526,0.03556326
8527,0.13723862
8528,0.020068841
8529,0.05756861
8530,0.02702677
8531,0.014197058
8532,0.006939969
8533,0.0044714515
8534,0.005477216
8535,0.060989186
8536,0.011659759
8537,0.026926596
8538,0.070837826
8539,0.12141754
8540,0.11396836
8541,0.13023742
8542,0.10601719
8543,0.25247815
8544,0.25005987
8545,0.034112424
8546,0.11847507
8547,0.19286081
8548,0.02360197
8549,0.20590895
8550,0.901176
8551,0.9858676
8552,0.4437327
8553,0.011249166
8554,0.03333231
8555,0.012964852
8556,0.04871529
8557,0.45630476
8558,0.06683703
8559,0.011570296
8560,0.046270277
8561,0.00621586
8562,0.060144052
8563,0.07599788
8564,0.065413155
8565,0.013189403
8566,0.40572226
8567,0.021167742
8568,0.045552436
8569,0.14411676
8570,0.123994365
8571,0.07824966
8572,0.06438833
8573,0.23406982
8574,0.20504524
8575,0.028980924
8576,0.2134142
8577,0.107498616
8578,0.22779591
8579,0.9902356
8580,0.80523694
8581,0.52451205
8582,0.018670695
8583,0.19599767
8584,0.03170423
8585,0.16691968
8586,0.08775916
8587,0.2656251
8588,0.046059906
8589,0.07238524
8590,0.019166768
8591,0.07350849
8592,0.11701516
8593,0.16800305
8594,0.14692785
8595,0.54565865
8596,0.47723013
8597,0.2511982
8598,0.17115088
8599,0.12176958
8600,0.087535374
8601,0.13697548
8602,0.050745912
8603,0.040754206
8604,0.15374877
8605,0.13264976
8606,0.060374223
8607,0.10390598
8608,0.024823636
8609,0.9192854
8610,0.9884233
8611,0.9698312
8612,0.086123705
8613,0.050667733
8614,0.36859885
8615,0.27505767
8616,0.01465638
8617,0.019145412
8618,0.051308338
8619,0.12807555
8620,0.06381618
8621,0.4312884
8622,0.6215225
8623,0.101424456
8624,0.13462545
8625,0.1302768
8626,0.18693279
8627,0.097781286
8628,0.41273162
8629,0.24658932
8630,0.0411964
8631,0.09192296
8632,0.12056889
8633,0.100124784
8634,0.04876319
8635,0.024516283
8636,0.43519306
8637,0.30140856
8638,0.27461925
8639,0.077556826
8640,0.033945933
8641,0.12967522
8642,0.07801996
8643,0.20843963
8644,0.03364263
8645,0.049971636
8646,0.04779564
8647,0.020766567
8648,0.0202352
8649,0.052068867
8650,0.05928015
8651,0.24990548
8652,0.80166996
8653,0.43487418
8654,0.27939248
8655,0.1490713
8656,0.19455421
8657,0.1826056
8658,0.46724093
8659,0.10766981
8660,0.033816
8661,0.03699063
8662,0.14971054
8663,0.16357383
8664,0.103138946
8665,0.2945449
8666,0.25974956
8667,0.26026398
8668,0.99129534
8669,0.1215381
8670,0.025403768
8671,0.13939376
8672,0.23319866
8673,0.023639401
8674,0.060435534
8675,0.26002494
8676,0.07279723
8677,0.047003277
8678,0.049815897
8679,0.059555072
8680,0.2350829
8681,0.39573342
8682,0.40279514
8683,0.53757083
8684,0.42429766
8685,0.19888428
8686,0.1842652
8687,0.26220322
8688,0.016779635
8689,0.02811313
8690,0.16175196
8691,0.076566696
8692,0.050785895
8693,0.27837428
8694,0.42784306
8695,0.07388911
8696,0.5714389
8697,0.3796012
8698,0.005170618
8699,0.09168026
8700,0.11832903
8701,0.09056895
8702,0.058160234
8703,0.012404505
8704,0.03249219
8705,0.075610295
8706,0.114890896
8707,0.109046265
8708,0.14972235
8709,0.3906799
8710,0.8499155
8711,0.47077164
8712,0.44365427
8713,0.6499917
8714,0.11195868
8715,0.020329963
8716,0.05933922
8717,0.07472997
8718,0.13074635
8719,0.2650071
8720,0.08380894
8721,0.03155343
8722,0.07123919
8723,0.24460587
8724,0.016079353
8725,0.010325717
8726,0.047435507
8727,0.11304323
8728,0.019254172
8729,0.05386173
8730,0.026778854
8731,0.010271016
8732,0.03539812
8733,0.09541098
8734,0.06893051
8735,0.10945209
8736,0.24208127
8737,0.26419652
8738,0.39150876
8739,0.873237
8740,0.6964999
8741,0.39454094
8742,0.10532583
8743,0.0
8744,0.041058656
8745,0.02167836
8746,0.055800185
8747,0.12610815
8748,0.020073846
8749,0.012239419
8750,0.039603937
8751,0.69517684
8752,0.18292268
8753,0.023347955
8754,0.07277177
8755,0.052472267
8756,0.23733035
8757,0.048366543
8758,0.060291566
8759,0.019907022
8760,0.052935664
8761,0.01214472
8762,0.016426235
8763,0.033296943
8764,0.105773546
8765,0.12345298
8766,0.5144457
8767,0.42655087
8768,0.25052077
8769,0.8662536
8770,0.4099741
8771,0.47613582
8772,0.14567965
8773,0.04106422
8774,0.03711932
8775,0.038845878
8776,0.05638907
8777,0.061376624
8778,0.02282431
8779,0.038561456
8780,0.07600931
8781,0.44887614
8782,0.23672816
8783,0.40287563
8784,0.036918823
8785,0.102495
8786,0.122454874
8787,0.1337028
8788,0.17512277
8789,0.04609104
8790,0.029998343
8791,0.055527695
8792,0.16075745
8793,0.6022188
8794,0.4029982
8795,0.45938465
8796,0.24298197
8797,0.26709625
8798,0.18352726
8799,0.07990484
8800,0.02995855
8801,0.023278285
8802,0.01523612
8803,0.05626108
8804,0.039785996
8805,0.11850031
8806,0.13545725
8807,0.08701506
8808,0.28743672
8809,0.03255706
8810,0.084586695
8811,0.38613003
8812,0.05225142
8813,0.0
8814,0.012015012
8815,0.010829381
8816,0.1324629
8817,0.24767861
8818,0.0467401
8819,0.23654842
8820,0.26533487
8821,0.08940307
8822,0.09767366
8823,0.02170585
8824,0.08319445
8825,0.08241369
8826,0.048093624
8827,0.13085443
8828,0.12480829
8829,0.048335433
8830,0.01502709
8831,0.39243978
8832,0.015443935
8833,0.029073179
8834,0.106572665
8835,0.009824392
8836,0.050701987
8837,0.049662843
8838,0.15271418
8839,0.05305659
8840,0.070975766
8841,0.009531417
8842,0.07064473
8843,0.19001877
8844,0.38946688
8845,0.41324174
8846,0.06327039
8847,0.0064234766
8848,0.012267257
8849,0.022223422
8850,0.03400999
8851,0.07548964
8852,0.018717991
8853,0.06832086
8854,0.15275064
8855,0.021641675
8856,0.04186016
8857,0.026313102
8858,0.03426344
8859,0.023405941
8860,0.015038719
8861,0.03733251
8862,0.092880696
8863,0.120212846
8864,0.40066683
8865,0.023021534
8866,0.02126947
8867,0.05912101
8868,0.080637254
8869,0.103675574
8870,0.38813707
8871,0.055651262
8872,0.008482247
8873,0.20296128
8874,0.039311633
8875,0.025869004
8876,0.090402596
8877,0.11052195
8878,0.058387402
8879,0.012270746
8880,0.039345425
8881,0.017701354
8882,0.19757892
8883,0.020624368
8884,0.034081824
8885,0.15853254
8886,0.080283746
8887,0.055474363
8888,0.025529956
8889,0.036054805
8890,0.08768117
8891,0.35923108
8892,0.032800324
8893,0.00013914084
8894,0.0145776365
8895,0.03133509
8896,0.050113633
8897,0.067902155
8898,0.24641526
8899,0.06997227
8900,0.24727233
8901,0.118901655
8902,0.036291514
8903,0.053177305
8904,0.04954323
8905,0.052083775
8906,0.17757587
8907,0.02077448
8908,0.10747487
8909,0.030873684
8910,0.120373115
8911,0.05691656
8912,0.011089256
8913,0.013530508
8914,0.2874328
8915,0.5609545
8916,0.23638934
8917,0.05584308
8918,0.0632955
8919,0.04108002
8920,0.023848876
8921,0.07847898
8922,0.078336515
8923,0.08058896
8924,0.84835666
8925,0.023130639
8926,0.07623239
8927,0.017727295
8928,0.09088142
8929,0.08313278
8930,0.020984307
8931,0.044601057
8932,0.16937071
8933,0.46595186
8934,0.07179257
8935,0.2185506
8936,0.029312762
8937,0.023133177
8938,0.03104312
8939,0.011843125
8940,0.029663773
8941,0.10755248
8942,0.03192723
8943,0.025176356
8944,0.009380127
8945,0.0644465
8946,0.04658311
8947,0.030333199
8948,0.016210726
8949,0.045739345
8950,0.01106972
8951,0.10539796
8952,0.035257433
8953,0.04789035
8954,0.023011172
8955,0.040568244
8956,0.089405715
8957,0.09995243
8958,0.030605488
8959,0.02504834
8960,0.06883541
8961,0.50666434
8962,0.078166656
8963,0.09686072
8964,0.044900134
8965,0.044393763
8966,0.055180587
8967,0.06478405
8968,0.020629793
8969,0.42068034
8970,0.029696675
8971,0.0
8972,0.0024606923
8973,0.013161512
8974,0.064521395
8975,0.106696285
8976,0.028957382
8977,0.116149224
8978,0.054982837
8979,0.02938826
8980,0.0063074464
8981,0.05350225
8982,0.35879
8983,0.03210822
8984,0.030075913
8985,0.0070274603
8986,0.024318717
8987,0.015499429
8988,0.059933007
8989,0.011107928
8990,0.044740893
8991,0.0065594455
8992,0.2824027
8993,0.10275881
8994,0.012445819
8995,0.017162811
8996,0.018664915
8997,0.009477443
8998,0.07318682
8999,0.14531471
9000,0.11529457
9001,0.095407695
9002,0.076701276
9003,0.020955099
9004,0.054860488
9005,0.015115558
9006,0.07512502
9007,0.26755053
9008,0.11388431
9009,0.013544142
9010,0.0
9011,0.042313628
9012,0.021767292
9013,0.015231155
9014,0.021207744
9015,0.017125795
9016,0.017324638
9017,0.0068317098
9018,0.017559653
9019,0.008382636
9020,0.01881918
9021,0.025802772
9022,0.059074495
9023,0.06286394
9024,0.14150977
9025,0.0062081376
9026,0.15451509
9027,0.24989058
9028,0.022487897
9029,0.011045342
9030,0.015486821
9031,0.016733898
9032,0.025184609
9033,0.024172561
9034,0.019124845
9035,0.033095613
9036,0.013352704
9037,0.011750222
9038,0.06818495
9039,0.056458484
9040,0.015135903
9041,0.06757959
9042,0.0128157735
9043,0.015150659
9044,0.006769856
9045,0.10080259
9046,0.034768917
9047,0.059719183
9048,0.0059496453
9049,0.0133935595
9050,0.024752188
9051,0.008551809
9052,0.09099881
9053,0.009329885
9054,0.014432936
9055,0.15962276
9056,0.052511476
9057,0.06060217
9058,0.06570345
9059,0.09966172
9060,0.02562741
9061,0.011327891
9062,0.07402632
9063,0.014934341
9064,0.063955896
9065,0.0029831326
9066,0.13323787
9067,0.024470912
9068,0.024964161
9069,0.025743194
9070,0.028166937
9071,0.02932551
9072,0.021138737
9073,0.017546903
9074,0.013031744
9075,0.00783695
9076,0.013686608
9077,0.037300147
9078,0.009237509
9079,0.011701743
9080,0.033185914
9081,0.070191555
9082,0.03769996
9083,0.003986
9084,0.17103772
9085,0.023291798
9086,0.024991529
9087,0.038216908
9088,0.006007452
9089,0.012060726
9090,0.018765284
9091,0.061642885
9092,0.022170061
9093,0.02795198
9094,0.027103335
9095,0.011357307
9096,0.03630148
9097,0.115288384
9098,0.14191929
9099,0.01232316
9100,0.0922444
9101,0.02965789
9102,0.04965237
9103,0.07323455
9104,0.034516614
9105,0.04759511
9106,0.0490541
9107,0.0043709544
9108,0.10429199
9109,0.037061535
9110,0.0030046497
9111,0.09807272
9112,0.02637973
9113,0.046681445
9114,0.037071597
9115,0.26643196
9116,0.41276583
9117,0.012385099
9118,0.2535462
9119,0.043217003
9120,0.16762857
9121,0.048472896
9122,0.13813554
9123,0.042887706
9124,0.026574954
9125,0.06010273
9126,0.013643148
9127,0.036488254
9128,0.013998627
9129,0.0074432115
9130,0.16684683
9131,0.029671822
9132,0.6993202
9133,0.1533237
9134,0.059337232
9135,0.031832516
9136,0.14412482
9137,0.0384208
9138,0.022501737
9139,0.043273937
9140,0.017795771
9141,0.010082757
9142,0.03670765
9143,0.0959853
9144,0.12525648
9145,0.4504533
9146,0.45295343
9147,0.053486817
9148,0.072476625
9149,0.4223473
9150,0.1590017
9151,0.05687976
9152,0.034078687
9153,0.05574511
9154,0.054631975
9155,0.03977415
9156,0.4131379
9157,0.077741966
9158,0.25226313
9159,0.4917492
9160,0.10175099
9161,0.012504905
9162,0.49206293
9163,0.002709837
9164,0.057418082
9165,0.26850206
9166,0.03647703
9167,0.04787176
9168,0.035406087
9169,0.029374572
9170,0.0
9171,0.030891214
9172,0.080378875
9173,0.081049114
9174,0.023408074
9175,0.031036202
9176,0.35974053
9177,0.37569898
9178,0.048437048
9179,0.030663162
9180,0.048566017
9181,0.035356537
9182,0.05485002
9183,0.02655482
9184,0.040179197
9185,0.051921945
9186,0.08724825
9187,0.05929972
9188,0.12811178
9189,0.030683236
9190,0.40151772
9191,0.044520155
9192,0.039021403
9193,0.024674414
9194,0.019576052
9195,0.009320052
9196,0.010106205
9197,0.006146828
9198,0.024013419
9199,0.46767247
9200,0.07705329
9201,0.044178426
9202,0.435253
9203,0.29947865
9204,0.07730081
9205,0.044590168
9206,0.014625315
9207,0.017355066
9208,0.016080996
9209,0.04346005
9210,0.005355392
9211,0.060171545
9212,0.055881314
9213,0.09943813
9214,0.39884645
9215,0.44271454
9216,0.017400226
9217,0.022511428
9218,0.046278153
9219,0.0068521397
9220,0.0032558588
9221,0.026604505
9222,0.021610742
9223,0.03525051
9224,0.18211472
9225,0.018580403
9226,0.045093797
9227,0.012913939
9228,0.049877632
9229,0.12337715
9230,0.46085146
9231,0.02500476
9232,0.051780563
9233,0.020448959
9234,0.029415118
9235,0.04332759
9236,0.04033299
9237,0.0173913
9238,0.023185845
9239,0.112597205
9240,0.16976245
9241,0.08696076
9242,0.19004898
9243,0.0580345
9244,0.025643196
9245,0.035022203
9246,0.031001303
9247,0.039390244
9248,0.054773197
9249,0.05375195
9250,0.24495241
9251,0.009800626
9252,0.052215587
9253,0.033886258
9254,0.019881476
9255,0.020518957
9256,0.023611745
9257,0.04360285
9258,0.07894182
9259,0.015310611
9260,0.021498634
9261,0.07095154
9262,0.17267263
9263,0.17492862
9264,0.050766047
9265,0.048382115
9266,0.036886614
9267,0.09669412
9268,0.050049093
9269,0.0118112145
9270,0.011749143
9271,0.027741903
9272,0.13446563
9273,0.025812607
9274,0.020162143
9275,0.0315183
9276,0.061559938
9277,0.08843924
9278,0.2806458
9279,0.11742059
9280,0.24408084
9281,0.060258638
9282,0.0518848
9283,0.023409016
9284,0.061802905
9285,0.04916158
9286,0.09515541
9287,0.04723361
9288,0.53182596
9289,0.12810008
9290,0.029548384
9291,0.011425345
9292,0.11364853
9293,0.04984778
9294,0.046869017
9295,0.01813909
9296,0.005946819
9297,0.062556945
9298,0.008145203
9299,0.014790312
9300,0.014356698
9301,0.07697783
9302,0.04158691
9303,0.08017016
9304,0.07276438
9305,0.1292186
9306,0.22235279
9307,0.42410845
9308,0.077064954
9309,0.03219243
9310,0.099079065
9311,0.024893556
9312,0.05421056
9313,0.029902834
9314,0.07461405
9315,0.061992817
9316,0.13250645
9317,0.047800507
9318,0.118987635
9319,0.049070667
9320,0.0688971
9321,0.041580927
9322,0.022018481
9323,0.022502342
9324,0.110747136
9325,0.03261931
9326,0.052379485
9327,0.0070396056
9328,0.020276329
9329,0.040048946
9330,0.061525337
9331,0.07218514
9332,0.23528937
9333,0.11343194
9334,0.1801138
9335,0.11692729
9336,0.13969886
9337,0.021241575
9338,0.09778835
9339,0.019787146
9340,0.069249704
9341,0.048403643
9342,0.095752984
9343,0.034056764
9344,0.024706963
9345,0.06745355
9346,0.04444108
9347,0.052406456
9348,0.086996935
9349,0.033092342
9350,0.056505032
9351,0.028819138
9352,0.030694898
9353,0.010718583
9354,0.062006008
9355,0.015692241
9356,0.046114415
9357,0.08127802
9358,0.06257944
9359,0.14348596
9360,0.38721296
9361,0.12438181
9362,0.12940198
9363,0.08543542
9364,0.103353836
9365,0.09293627
9366,0.097145766
9367,0.07088906
9368,0.013567035
9369,0.025104355
9370,0.27288204
9371,0.07338227
9372,0.091932856
9373,0.061517864
9374,0.08405895
9375,0.02141517
9376,0.0292974
9377,0.016769337
9378,0.045082178
9379,0.17509574
9380,0.06679441
9381,0.04277841
9382,0.119095124
9383,0.5048806
9384,0.10664087
9385,0.022893254
9386,0.25764647
9387,0.07575755
9388,0.26186225
9389,0.26856804
9390,0.085005544
9391,0.023966216
9392,0.05192857
9393,0.090369254
9394,0.15836987
9395,0.04803423
9396,0.24945244
9397,0.09329955
9398,0.079541855
9399,0.017128568
9400,0.018072842
9401,0.047680255
9402,0.073204
9403,0.018888645
9404,0.12927017
9405,0.1464072
9406,0.12769184
9407,0.0961852
9408,0.044560228
9409,0.13010669
9410,0.25237665
9411,0.25962266
9412,0.07531305
9413,0.014113213
9414,0.062175293
9415,0.01997235
9416,0.00452051
9417,0.09116399
9418,0.4840391
9419,0.042856727
9420,0.05974238
9421,0.3717626
9422,0.16779937
9423,0.014912322
9424,0.02052486
9425,0.0012888617
9426,0.0128243705
9427,0.04220351
9428,0.058555074
9429,0.1620598
9430,0.23908179
9431,0.10274603
9432,0.10803787
9433,0.24477679
9434,0.24127603
9435,0.15632649
9436,0.2511559
9437,0.3820809
9438,0.101988964
9439,0.025375195
9440,0.05725411
9441,0.09465701
9442,0.05578264
9443,0.28459072
9444,0.89418286
9445,0.0025530688
9446,0.06366157
9447,0.3981877
9448,0.014530773
9449,0.057968345
9450,0.24789909
9451,0.012186544
9452,0.05337511
9453,0.07166396
9454,0.020002266
9455,0.04943641
9456,0.0038373896
9457,0.27744502
9458,0.062930755
9459,0.10630422
9460,0.2424734
9461,0.15362182
9462,0.25740752
9463,0.40777847
9464,0.2770102
9465,0.035021234
9466,0.18208775
9467,0.24814764
9468,0.24717265
9469,0.84819967
9470,0.39253008
9471,0.29242498
9472,0.03301207
9473,0.13706824
9474,0.021521185
9475,0.0700503
9476,0.03218452
9477,0.013422448
9478,0.010785157
9479,0.009369396
9480,0.06458883
9481,0.008640841
9482,0.016340235
9483,0.034084875
9484,0.07463966
9485,0.12818545
9486,0.11544332
9487,0.13862747
9488,0.09915014
9489,0.17522036
9490,0.26287165
9491,0.0331224
9492,0.119315565
9493,0.28147376
9494,0.022649277
9495,0.07093228
9496,0.96883416
9497,0.90804607
9498,0.47669235
9499,0.008080069
9500,0.033242684
9501,0.02041319
9502,0.041671358
9503,0.45093772
9504,0.068677716
9505,0.016400917
9506,0.05517508
9507,0.010821577
9508,0.062770545
9509,0.07662977
9510,0.066083
9511,0.014519499
9512,0.42924744
9513,0.022869168
9514,0.04868114
9515,0.13893777
9516,0.13042724
9517,0.07588968
9518,0.060863763
9519,0.23245203
9520,0.20687121
9521,0.31138685
9522,0.1160338
9523,0.113929756
9524,0.9736183
9525,0.8764196
9526,0.44530928
9527,0.01567974
9528,0.0945451
9529,0.029014269
9530,0.013398991
9531,0.27671373
9532,0.10086992
9533,0.25856373
9534,0.045640573
9535,0.07181826
9536,0.024692591
9537,0.08413723
9538,0.09887858
9539,0.16076285
9540,0.1411221
9541,0.5231437
9542,0.25897905
9543,0.17000978
9544,0.16899379
9545,0.121657
9546,0.09969054
9547,0.1461935
9548,0.05448063
9549,0.042684462
9550,0.036888476
9551,0.1461917
9552,0.23860797
9553,0.0659737
9554,0.10645147
9555,0.020021975
9556,0.9059676
9557,0.98838705
9558,0.9502612
9559,0.08438535
9560,0.05049327
9561,0.24306415
9562,0.018029692
9563,0.28502032
9564,0.030958746
9565,0.010347894
9566,0.016221138
9567,0.0184531
9568,0.05671533
9569,0.11875617
9570,0.052059066
9571,0.39210412
9572,0.63257396
9573,0.09724157
9574,0.14262763
9575,0.1291949
9576,0.17291167
9577,0.09466408
9578,0.42515892
9579,0.11792216
9580,0.03907005
9581,0.10159984
9582,0.113630556
9583,0.09642076
9584,0.047935944
9585,0.01900963
9586,0.42206788
9587,0.39003223
9588,0.2745139
9589,0.07567052
9590,0.039639127
9591,0.12876378
9592,0.081915475
9593,0.2716685
9594,0.036990006
9595,0.05157501
9596,0.04915725
9597,0.022755302
9598,0.023632675
9599,0.056746278
9600,0.050372522
9601,0.40689892
9602,0.75261503
9603,0.40001664
9604,0.28722766
9605,0.14309116
9606,0.1944132
9607,0.24822733
9608,0.4341959
9609,0.09237775
9610,0.034266017
9611,0.043329973
9612,0.03199862
9613,0.25347206
9614,0.16255347
9615,0.099861905
9616,0.27845395
9617,0.20013084
9618,0.275326
9619,0.9914605
9620,0.11959277
9621,0.23898944
9622,0.24689245
9623,0.022295225
9624,0.06758664
9625,0.37774968
9626,0.07606183
9627,0.05558856
9628,0.049998708
9629,0.06306572
9630,0.23659061
9631,0.399671
9632,0.2810133
9633,0.5484469
9634,0.43112716
9635,0.1879456
9636,0.2552256
9637,0.40292484
9638,0.017694859
9639,0.03141854
9640,0.2660708
9641,0.07374381
9642,0.05456789
9643,0.3918914
9644,0.25560963
9645,0.068937756
9646,0.54964465
9647,0.40466416
9648,0.0023835625
9649,0.08258884
9650,0.1149054
9651,0.088953495
9652,0.06182691
9653,0.014823516
9654,0.020199157
9655,0.03277011
9656,0.072968245
9657,0.111505896
9658,0.10655592
9659,0.15240902
9660,0.38817126
9661,0.8366896
9662,0.44895306
9663,0.4337633
9664,0.60179126
9665,0.11088457
9666,0.02319789
9667,0.06623938
9668,0.07664168
9669,0.23069951
9670,0.25520375
9671,0.060322482
9672,0.031138513
9673,0.075936586
9674,0.2539684
9675,0.015295401
9676,0.011103491
9677,0.054612193
9678,0.12273345
9679,0.0315104
9680,0.022424368
9681,0.049767945
9682,0.029598098
9683,0.01136788
9684,0.032053698
9685,0.09547107
9686,0.07235407
9687,0.10910797
9688,0.25495294
9689,0.27284804
9690,0.3875974
9691,0.87078273
9692,0.7448546
9693,0.3821887
9694,0.11562575
9695,0.04377639
9696,0.02507953
9697,0.060506936
9698,0.11722794
9699,0.015907796
9700,0.047338113
9701,0.63794094
9702,0.05725291
9703,0.023728874
9704,0.17660518
9705,0.053080894
9706,0.2418847
9707,0.055098232
9708,0.022994889
9709,0.047820803
9710,0.014948758
9711,0.015698165
9712,0.034567405
9713,0.096329525
9714,0.13316645
9715,0.5719067
9716,0.39819878
9717,0.2542458
9718,0.8512809
9719,0.3776101
9720,0.43487987
9721,0.14228629
9722,0.042531382
9723,0.038310226
9724,0.066091724
9725,0.051698208
9726,0.023160974
9727,0.036417197
9728,0.068992056
9729,0.43841532
9730,0.2340931
9731,0.41618428
9732,0.038288444
9733,0.114937395
9734,0.13598986
9735,0.14259434
9736,0.16660103
9737,0.051589306
9738,0.031741265
9739,0.056678314
9740,0.16312273
9741,0.6462909
9742,0.36799362
9743,0.49095264
9744,0.24320327
9745,0.39792848
9746,0.18166721
9747,0.07521663
9748,0.037572622
9749,0.027929606
9750,0.01548627
9751,0.013321484
9752,0.04934727
9753,0.035276473
9754,0.12867561
9755,0.132414
9756,0.07194163
9757,0.27580106
9758,0.032169513
9759,0.083938606
9760,0.009531954
9761,0.26697367
9762,0.051798165
9763,0.012321866
9764,0.013755609
9765,0.13046579
9766,0.15729123
9767,0.048234455
9768,0.005652114
9769,0.24687901
9770,0.26011562
9771,0.08118479
9772,0.09590998
9773,0.077599704
9774,0.090916105
9775,0.049398378
9776,0.12379121
9777,0.14038604
9778,0.05449709
9779,0.010497793
9780,0.25253713
9781,0.012995821
9782,0.011624481
9783,0.018482685
9784,0.09468707
9785,0.04761027
9786,0.04489693
9787,0.1523814
9788,0.053341206
9789,0.06986312
9790,0.018044453
9791,0.07091808
9792,0.25096324
9793,0.4009778
9794,0.44036716
9795,0.0655324
9796,0.00825864
9797,0.015426088
9798,0.022702277
9799,0.03236635
9800,0.07197694
9801,0.017370276
9802,0.085681066
9803,0.14642902
9804,0.024036715
9805,0.041349627
9806,0.021541612
9807,0.036733005
9808,0.021473192
9809,0.018739482
9810,0.033782132
9811,0.09589395
9812,0.11046554
9813,0.3840064
9814,0.021846995
9815,0.02472489
9816,0.061301585
9817,0.08415787
9818,0.11396071
9819,0.26193544
9820,0.07849435
9821,0.0098696
9822,0.22079714
9823,0.037841026
9824,0.09023854
9825,0.12556307
9826,0.061200846
9827,0.016367612
9828,0.026520688
9829,0.015917111
9830,0.18792225
9831,0.01906915
9832,0.039409284
9833,0.16003862
9834,0.08129376
9835,0.055812575
9836,0.022076268
9837,0.04003719
9838,0.084320374
9839,0.3662233
9840,0.033144552
9841,0.0
9842,0.033457182
9843,0.056465875
9844,0.07190953
9845,0.24351315
9846,0.075149864
9847,0.26994756
9848,0.10568284
9849,0.035281893
9850,0.047667913
9851,0.049959857
9852,0.032008916
9853,0.25239927
9854,0.025540337
9855,0.124932185
9856,0.02679609
9857,0.12065977
9858,0.058802553
9859,0.011990658
9860,0.01664164
9861,0.47101748
9862,0.49379605
9863,0.24720865
9864,0.05892647
9865,0.012412378
9866,0.07942497
9867,0.04774281
9868,0.034298953
9869,0.08411389
9870,0.09428724
9871,0.09608577
9872,0.8682691
9873,0.0164262
9874,0.08432682
9875,0.09205913
9876,0.08335949
9877,0.016479287
9878,0.0461909
9879,0.14637809
9880,0.31375104
9881,0.072696604
9882,0.21942171
9883,0.033988565
9884,0.03195582
9885,0.016349832
9886,0.027875246
9887,0.099246286
9888,0.03802256
9889,0.028639482
9890,0.06525225
9891,0.045435186
9892,0.017344298
9893,0.04810261
9894,0.017250795
9895,0.10870207
9896,0.03408895
9897,0.053029053
9898,0.017440738
9899,0.04154915
9900,0.09147364
9901,0.104075715
9902,0.07067081
9903,0.5167195
9904,0.07923267
9905,0.10524199
9906,0.04851092
9907,0.061231714
9908,0.06555455
9909,0.023089087
9910,0.4400887
9911,0.03543325
9912,0.0021595256
9913,0.0017315653
9914,0.058154833
9915,0.10989282
9916,0.025380438
9917,0.016625859
9918,0.11500319
9919,0.04750117
9920,0.028741103
9921,0.054177344
9922,0.37752917
9923,0.038928065
9924,0.02196905
9925,0.018828107
9926,0.018807432
9927,0.06230333
9928,0.046100378
9929,0.012250245
9930,0.27981278
9931,0.09868937
9932,0.014399571
9933,0.021809453
9934,0.016974168
9935,0.0812506
9936,0.14777917
9937,0.101497255
9938,0.0792636
9939,0.07252857
9940,0.027734473
9941,0.0618871
9942,0.083418906
9943,0.2604398
9944,0.115112305
9945,0.009224776
9946,0.04092873
9947,0.018385869
9948,0.024289366
9949,0.018026713
9950,0.021783328
9951,0.009334777
9952,0.008924423
9953,0.014104202
9954,0.01054646
9955,0.027729468
9956,0.06391836
9957,0.056013826
9958,0.13218161
9959,0.01272719
9960,0.016506987
9961,0.27362296
9962,0.1801841
9963,0.0109335445
9964,0.009678656
9965,0.020610169
9966,0.031105472
9967,0.016193496
9968,0.013734946
9969,0.024166223
9970,0.02503004
9971,0.017371336
9972,0.03851578
9973,0.012442094
9974,0.013084961
9975,0.014341107
9976,0.025416298
9977,0.04301649
9978,0.065087214
9979,0.020191673
9980,0.009028159
9981,0.11304057
9982,0.03240405
9983,0.059291374
9984,0.03009886
9985,0.0101348
9986,0.093860336
9987,0.01682301
9988,0.015630698
9989,0.15606938
9990,0.05472581
9991,0.07251367
9992,0.065556005
9993,0.018204914
9994,0.10638334
9995,0.026703011
9996,0.011667041
9997,0.008019372
9998,0.08026579
9999,0.062176354
10000,0.0020250443
10001,0.13612756
10002,0.020866178
10003,0.029323474
10004,0.035705976
10005,0.025736138
10006,0.03543016
10007,0.011817702
10008,0.013583037
10009,0.012026787
10010,0.035779756
10011,0.010053911
10012,0.012819218
10013,0.03864401
10014,0.06613984
10015,0.038152155
10016,0.15203437
10017,0.018256038
10018,0.03229285
10019,0.005970555
10020,0.01320596
10021,0.022479951
10022,0.06421573
10023,0.020680517
10024,0.014123781
10025,0.027882181
10026,0.018960387
10027,0.0031235656
10028,0.035533413
10029,0.111942075
10030,0.16417272
10031,0.10187665
10032,0.019496014
10033,0.03904151
10034,0.0448377
10035,0.17050174
10036,0.09120961
10037,0.041718554
10038,0.039810777
10039,0.04746148
10040,0.033113465
10041,0.07071429
10042,0.0381729
10043,0.04098176
10044,0.031436615
10045,0.10150427
10046,0.03592766
10047,0.034110837
10048,0.38485414
10049,0.4273241
10050,0.013957589
10051,0.021022981
10052,0.035959445
10053,0.010347795
10054,0.28645787
10055,0.03471846
10056,0.2771743
10057,0.056689918
10058,0.28291675
10059,0.065316744
10060,0.013043499
10061,0.04931614
10062,0.06590506
10063,0.017168274
10064,0.10026579
10065,0.034810886
10066,0.6096357
10067,0.2468576
10068,0.042080846
10069,0.041589007
10070,0.24243449
10071,0.027275583
10072,0.0056885034
10073,0.04872689
10074,0.042356644
10075,0.0154465
10076,0.043460935
10077,0.09469024
10078,0.27603874
10079,0.502314
10080,0.4724041
10081,0.06220199
10082,0.14754638
10083,0.2412119
10084,0.0067203795
10085,0.019345159
10086,0.05162075
10087,0.056825887
10088,0.012966074
10089,0.09642965
10090,0.4417064
10091,0.09724152
10092,0.2772799
10093,0.5018242
10094,0.10070276
10095,0.021316404
10096,0.4684856
10097,0.054572385
10098,0.2557036
10099,0.038882177
10100,0.047921073
10101,0.035989907
10102,0.024370637
10103,0.03259419
10104,0.21833134
10105,0.10305698
10106,0.051937863
10107,0.038292516
10108,0.17408983
10109,0.29741183
10110,0.04888456
10111,0.02858022
10112,0.059529513
10113,0.034902155
10114,0.051840376
10115,0.030431837
10116,0.036127944
10117,0.04362664
10118,0.07861493
10119,0.029910421
10120,0.054627575
10121,0.1438275
10122,0.036943052
10123,0.26563045
10124,0.009864385
10125,0.051251937
10126,0.04392479
10127,0.022295764
10128,0.018511722
10129,0.011421432
10130,0.018246733
10131,0.4771039
10132,0.08660038
10133,0.0411767
10134,0.44103903
10135,0.30899885
10136,0.07174159
10137,0.043781515
10138,0.012219624
10139,0.021636086
10140,0.018497437
10141,0.0015047052
10142,0.036661748
10143,0.0
10144,0.0065539638
10145,0.066880636
10146,0.07032855
10147,0.07798843
10148,0.2583296
10149,0.46208698
10150,0.019286487
10151,0.024055857
10152,0.04963795
10153,0.00829887
10154,0.007877685
10155,0.026309935
10156,0.021609528
10157,0.03406843
10158,0.26297566
10159,0.013202978
10160,0.036375158
10161,0.05902186
10162,0.023650639
10163,0.13543802
10164,0.48251483
10165,0.03112073
10166,0.0451012
10167,0.024641702
10168,0.027012203
10169,0.04454788
10170,0.0526173
10171,0.011513685
10172,0.025381228
10173,0.011897902
10174,0.107845455
10175,0.16398862
10176,0.07709021
10177,0.06625222
10178,0.05784656
10179,0.026947342
10180,0.035444736
10181,0.031705778
10182,0.04215146
10183,0.07594866
10184,0.053408876
10185,0.23771559
10186,0.01612258
10187,0.06676218
10188,0.037627216
10189,0.022830615
10190,0.022254445
10191,0.044348147
10192,0.05061314
10193,0.013865137
10194,0.07680791
10195,0.026827618
10196,0.068949826
10197,0.28662574
10198,0.26419726
10199,0.04528455
10200,0.047080442
10201,0.043681636
10202,0.09973408
10203,0.04368215
10204,0.011339271
10205,0.023783479
10206,0.13187906
10207,0.025389409
10208,0.025114933
10209,0.03264738
10210,0.063985676
10211,0.07858756
10212,0.28055865
10213,0.24644871
10214,0.2494072
10215,0.06483029
10216,0.04897912
10217,0.024563076
10218,0.06563118
10219,0.04942958
10220,0.088632174
10221,0.047173876
10222,0.6110753
10223,0.14330135
10224,0.019478604
10225,0.10030212
10226,0.04097421
10227,0.04200157
10228,0.0043408936
10229,0.06001745
10230,0.016621374
10231,0.008294591
10232,0.017798204
10233,0.016336413
10234,0.08601657
10235,0.04722448
10236,0.08558371
10237,0.07360247
10238,0.13047889
10239,0.40831262
10240,0.45433682
10241,0.09059014
10242,0.03482648
10243,0.090682864
10244,0.02734882
10245,0.063666806
10246,0.010856713
10247,0.010962542
10248,0.07416081
10249,0.05153479
10250,0.13688438
10251,0.05236697
10252,0.116337
10253,0.047198962
10254,0.06514093
10255,0.04062732
10256,0.023070948
10257,0.018567592
10258,0.11547205
10259,0.006318675
10260,0.029220609
10261,0.04706163
10262,0.0013474496
10263,0.008706878
10264,0.049064837
10265,0.058711328
10266,0.078700036
10267,0.14018533
10268,0.122555345
10269,0.18940201
10270,0.13430902
10271,0.15881783
10272,0.024956767
10273,0.09341648
10274,0.021715546
10275,0.068895996
10276,0.010751997
10277,0.044230726
10278,0.099867746
10279,0.039582454
10280,0.028966546
10281,0.064917624
10282,0.053200267
10283,0.014971369
10284,0.054675985
10285,0.08777946
10286,0.032183874
10287,0.05649643
10288,0.006133925
10289,0.0218814
10290,0.022723328
10291,0.070765465
10292,0.018540477
10293,0.04902131
10294,0.08679998
10295,0.06984079
10296,0.15927368
10297,0.4638355
10298,0.12760311
10299,0.14045182
10300,0.0878112
10301,0.10609882
10302,0.09715138
10303,0.099277
10304,0.072101645
10305,0.020240482
10306,0.3694496
10307,0.081561916
10308,0.08985991
10309,0.057197526
10310,0.08483314
10311,0.012736548
10312,0.023916615
10313,0.0091155935
10314,0.015895434
10315,0.049286645
10316,0.323852
10317,0.06636887
10318,0.05064498
10319,0.121049225
10320,0.79986554
10321,0.101483144
10322,0.02813713
10323,0.12951793
10324,0.08062398
10325,0.24903724
10326,0.28065348
10327,0.087647475
10328,0.025765242
10329,0.050878897
10330,0.0983353
10331,0.23293614
10332,0.04815102
10333,0.18391283
10334,0.07874132
10335,0.051638752
10336,0.006223516
10337,0.023735814
10338,0.025571642
10339,0.062088747
10340,0.083164945
10341,0.021559088
10342,0.1344051
10343,0.16504261
10344,0.15010163
10345,0.10785105
10346,0.047225684
10347,0.13563989
10348,0.25585404
10349,0.26305816
10350,0.07368957
10351,0.015062405
10352,0.05939488
10353,0.024838757
10354,0.009316295
10355,0.07950318
10356,0.48021215
10357,0.05033593
10358,0.07064008
10359,0.37036312
10360,0.24248366
10361,0.01770555
10362,0.006191341
10363,0.046596963
10364,0.067417055
10365,0.16882269
10366,0.26456732
10367,0.11629716
10368,0.113323376
10369,0.23844697
10370,0.16463676
10371,0.15231581
10372,0.25748786
10373,0.40743244
10374,0.1061247
10375,0.01095443
10376,0.025120946
10377,0.058412075
10378,0.09187218
10379,0.08408529
10380,0.20648167
10381,0.89516383
10382,0.0
10383,0.05058911
10384,0.42214364
10385,0.01692575
10386,0.05545723
10387,0.2557953
10388,0.009851228
10389,0.015611917
10390,0.061835602
10391,0.08922898
10392,0.021041464
10393,0.056286056
10394,0.43225572
10395,0.06581786
10396,0.11644863
10397,0.26066253
10398,0.15035598
10399,0.27169073
10400,0.37708652
10401,0.29408905
10402,0.03273686
10403,0.45192933
10404,0.23631784
10405,0.256864
10406,0.84100235
10407,0.29642743
10408,0.40892828
10409,0.025374908
10410,0.13241391
10411,0.017532546
10412,0.0544828
10413,0.011014368
10414,0.012896478
10415,0.012081341
10416,0.068179
10417,0.0041765478
10418,0.015204013
10419,0.03943562
10420,0.08020036
10421,0.12964223
10422,0.12432389
10423,0.13080592
10424,0.10356038
10425,0.2465876
10426,0.12587452
10427,0.031996746
10428,0.111044265
10429,0.27630273
10430,0.025796091
10431,0.065463796
10432,0.99377984
10433,0.90401196
10434,0.5021606
10435,0.009739981
10436,0.027997272
10437,0.017018318
10438,0.036201686
10439,0.44341266
10440,0.05914197
10441,0.044852674
10442,0.011097138
10443,0.06705397
10444,0.07953802
10445,0.07418515
10446,0.01578945
10447,0.44522455
10448,0.028747125
10449,0.05226868
10450,0.1474005
10451,0.14266326
10452,0.080284186
10453,0.06517428
10454,0.22977273
10455,0.20563082
10456,0.012826065
10457,0.024745328
10458,0.3476027
10459,0.1014263
10460,0.10381702
10461,1.0
10462,0.8218506
10463,0.50569814
10464,0.010011753
10465,0.08510708
10466,0.029722704
10467,0.16733888
10468,0.09711441
10469,0.2449907
10470,0.03970128
10471,0.053665914
10472,0.021470994
10473,0.09781763
10474,0.10682589
10475,0.16486421
10476,0.13861705
10477,0.60078895
10478,0.48714405
10479,0.27137583
10480,0.18596722
10481,0.12427433
10482,0.097423874
10483,0.12898083
10484,0.05564814
10485,0.04282224
10486,0.12909368
10487,0.22261296
10488,0.074830234
10489,0.09938059
10490,0.024863916
10491,0.91510814
10492,0.9926604
10493,0.97772145
10494,0.102644816
10495,0.04739382
10496,0.23756297
10497,0.28259885
10498,0.030492414
10499,0.020355374
10500,0.02125213
10501,0.059677042
10502,0.12059677
10503,0.071048066
10504,0.45548198
10505,0.7557957
10506,0.10849452
10507,0.14953507
10508,0.13034065
10509,0.18195698
10510,0.10014463
10511,0.4361515
10512,0.12518369
10513,0.043362785
10514,0.0922899
10515,0.10484715
10516,0.08915944
10517,0.042988714
10518,0.017803587
10519,0.425341
10520,0.39340723
10521,0.24199572
10522,0.07394246
10523,0.02983416
10524,0.11700417
10525,0.07436431
10526,0.36898717
10527,0.031794034
10528,0.044582672
10529,0.0531596
10530,0.018108297
10531,0.062416773
10532,0.060417566
10533,0.45727792
10534,0.80646163
10535,0.4322984
10536,0.29538423
10537,0.14420703
10538,0.26661628
10539,0.1707096
10540,0.44707203
10541,0.0940526
10542,0.035905212
10543,0.037150044
10544,0.03687026
10545,0.14417544
10546,0.158146
10547,0.09501063
10548,0.2726261
10549,0.41745064
10550,0.25476918
10551,0.9743644
10552,0.23323087
10553,0.24191803
10554,0.23279352
10555,0.055103313
10556,0.23255125
10557,0.081847794
10558,0.048707847
10559,0.055464588
10560,0.0678633
10561,0.25600275
10562,0.410347
10563,0.3795187
10564,0.51780415
10565,0.42821622
10566,0.19613114
10567,0.2556328
10568,0.28023154
10569,0.017578486
10570,0.14505765
10571,0.07303056
10572,0.051591597
10573,0.43866244
10574,0.1908636
10575,0.061393175
10576,0.5434179
10577,0.4033872
10578,0.008121507
10579,0.078085355
10580,0.098932914
10581,0.09083664
10582,0.019046986
10583,0.036998212
10584,0.07678943
10585,0.1222645
10586,0.11930095
10587,0.24861635
10588,0.404767
10589,0.83432555
10590,0.44283456
10591,0.39665923
10592,0.6910075
10593,0.11490092
10594,0.018376743
10595,0.05366604
10596,0.06810369
10597,0.13565767
10598,0.25998574
10599,0.08576792
10600,0.026803367
10601,0.092458144
10602,0.15215437
10603,0.017571753
10604,0.044578157
10605,0.106680475
10606,0.025764279
10607,0.011990851
10608,0.048130844
10609,0.01950631
10610,0.012028972
10611,0.03675124
10612,0.1001026
10613,0.07678944
10614,0.113561444
10615,0.4351144
10616,0.28444314
10617,0.38505414
10618,0.89331776
10619,0.7041517
10620,0.39756525
10621,0.114911705
10622,0.004416019
10623,0.025461318
10624,0.05542775
10625,0.11634222
10626,0.0019937512
10627,0.01152176
10628,0.039608285
10629,0.70895445
10630,0.06065594
10631,0.022296695
10632,0.17164065
10633,0.054394692
10634,0.102724575
10635,0.05154867
10636,0.054371156
10637,0.02222614
10638,0.04101484
10639,0.015163558
10640,0.015716247
10641,0.039554358
10642,0.11197186
10643,0.13839088
10644,0.5765045
10645,0.3812356
10646,0.18143895
10647,0.9551605
10648,0.40294966
10649,0.42684576
10650,0.2498534
10651,0.04589303
10652,0.032086853
10653,0.03538086
10654,0.04538856
10655,0.0635669
10656,0.03684613
10657,0.069165014
10658,0.42883426
10659,0.10822436
10660,0.3920751
10661,0.14023656
10662,0.09631056
10663,0.12652797
10664,0.13116342
10665,0.16578898
10666,0.045254294
10667,0.029200621
10668,0.059098177
10669,0.14908928
10670,0.68585765
10671,0.39972308
10672,0.49168268
10673,0.3881952
10674,0.26775464
10675,0.17793138
10676,0.08812023
10677,0.032789074
10678,0.025553994
10679,0.05319664
10680,0.03389961
10681,0.109290645
10682,0.109481305
10683,0.061135367
10684,0.37363112
10685,0.03119866
10686,0.071836516
10687,0.009181479
10688,0.24737658
10689,0.05213695
10690,0.1281392
10691,0.16119005
10692,0.04867723
10693,0.25711715
10694,0.2682634
10695,0.08980541
10696,0.09951774
10697,0.031092592
10698,0.07274736
10699,0.083987005
10700,0.041532274
10701,0.12511681
10702,0.11734123
10703,0.05207023
10704,0.010293061
10705,0.25433514
10706,0.014771463
10707,0.015869517
10708,0.010794115
10709,0.09431203
10710,0.010389657
10711,0.04797748
10712,0.04611543
10713,0.15719444
10714,0.05028267
10715,0.07070151
10716,0.010132461
10717,0.07360259
10718,0.1949079
10719,0.39603996
10720,0.3960316
10721,0.07144651
10722,0.0073947804
10723,0.013719448
10724,0.023358501
10725,0.036858436
10726,0.074209675
10727,0.019833492
10728,0.072241515
10729,0.12371347
10730,0.019626636
10731,0.0321995
10732,0.021340251
10733,0.027827637
10734,0.017470354
10735,0.038387753
10736,0.100376755
10737,0.11754669
10738,0.38501728
10739,0.01808706
10740,0.023554496
10741,0.16884868
10742,0.089907035
10743,0.11658091
10744,0.3735788
10745,0.07686594
10746,0.009564376
10747,0.1076784
10748,0.039827306
10749,0.019779706
10750,0.07995434
10751,0.119025595
10752,0.05264331
10753,0.013657117
10754,0.016554598
10755,0.023407167
10756,0.012489066
10757,0.19110711
10758,0.021837156
10759,0.03491998
10760,0.15709351
10761,0.0882258
10762,0.061202068
10763,0.026264358
10764,0.035796363
10765,0.09039682
10766,0.29929224
10767,0.030216606
10768,0.0
10769,0.013501086
10770,0.03518046
10771,0.050102863
10772,0.06717136
10773,0.23681839
10774,0.079177685
10775,0.2509529
10776,0.0980131
10777,0.03694003
10778,0.046809413
10779,0.049816076
10780,0.030891826
10781,0.38208377
10782,0.10171835
10783,0.027644673
10784,0.114798896
10785,0.067200325
10786,0.011781658
10787,0.012857271
10788,0.40045357
10789,0.47384956
10790,0.24366663
10791,0.055875186
10792,0.06574602
10793,0.037040945
10794,0.032072738
10795,0.07663517
10796,0.080304556
10797,0.07454102
10798,0.8730879
10799,0.023947407
10800,0.079916485
10801,0.08936274
10802,0.07322901
10803,0.016630158
10804,0.044151668
10805,0.15557414
10806,0.44517443
10807,0.08019682
10808,0.139815
10809,0.0286302
10810,0.03248484
10811,0.030599086
10812,0.112765804
10813,0.03653616
10814,0.03012476
10815,0.065951504
10816,0.05192666
10817,0.049093194
10818,0.0161199
10819,0.09847427
10820,0.033529032
10821,0.05274712
10822,0.023984723
10823,0.041654084
10824,0.07905002
10825,0.09045034
10826,0.021196079
10827,0.02265859
10828,0.06822455
10829,0.5254853
10830,0.078197636
10831,0.09981251
10832,0.04730393
10833,0.05038933
10834,0.061987918
10835,0.06866524
10836,0.014956668
10837,0.021336831
10838,0.40358594
10839,0.028939327
10840,0.0
10841,0.059639275
10842,0.10378259
10843,0.108015396
10844,0.04974822
10845,0.026170176
10846,0.04668525
10847,0.37893057
10848,0.032809272
10849,0.023557093
10850,0.017618235
10851,0.058349468
10852,0.043139175
10853,0.006991581
10854,0.14754893
10855,0.09134146
10856,0.007992675
10857,0.014775934
10858,0.073165864
10859,0.14121862
10860,0.08645802
10861,0.08426356
10862,0.07065601
10863,0.023440756
10864,0.048407387
10865,0.0775825
10866,0.18325718
10867,0.1357005
10868,0.010249928
10869,0.012090493
10870,0.019619035
10871,0.017406484
10872,0.022023223
10873,0.01436207
10874,0.020158501
10875,0.008277979
10876,0.007438596
10877,0.0131965885
10878,0.018452507
10879,0.008034183
10880,0.026128393
10881,0.057833232
10882,0.061226603
10883,0.14545731
10884,0.0074778846
10885,0.011081765
10886,0.1258653
10887,0.23625523
10888,0.026882084
10889,0.011262711
10890,0.031402055
10891,0.015122316
10892,0.010565984
10893,0.025276711
10894,0.024019804
10895,0.0076426705
10896,0.018223133
10897,0.03259032
10898,0.013706286
10899,0.010035415
10900,0.010573074
10901,0.06711945
10902,0.02386813
10903,0.038161535
10904,0.066299446
10905,0.00842922
10906,0.101305164
10907,0.034090254
10908,0.05833242
10909,0.009721888
10910,0.0047189738
10911,0.028285822
10912,0.011594292
10913,0.09815441
10914,0.017174304
10915,0.0060395515
10916,0.003926694
10917,0.010878173
10918,0.0149051435
10919,0.24561031
10920,0.05077679
10921,0.06397529
10922,0.05630062
10923,0.013565187
10924,0.00065857556
10925,0.0051712487
10926,0.101679325
10927,0.030206053
10928,0.011458091
10929,0.072214425
10930,0.015680043
10931,0.05561476
10932,0.004663007
10933,0.24082194
10934,0.02442938
10935,0.032888982
10936,0.027029986
10937,0.02491134
10938,0.006558212
10939,0.013941542
10940,0.013189479
10941,0.0107267955
10942,0.0136173675
10943,0.03663039
10944,0.009051474
10945,0.042132396
10946,0.07195946
10947,0.03570182
10948,0.2483535
10949,0.014728722
10950,0.029978117
10951,0.004406697
10952,0.0136933355
10953,0.02087836
10954,0.06462791
10955,0.018454468
10956,0.02448942
10957,0.01784826
10958,0.004371031
10959,0.007861892
10960,0.013593481
10961,0.03515065
10962,0.111063816
10963,0.14108332
10964,0.09442459
10965,0.043190274
10966,0.06318518
10967,0.039010443
10968,0.06402819
10969,0.030998703
10970,0.045231104
10971,0.058547683
10972,0.0875321
10973,0.047849238
10974,0.079275645
10975,0.054987773
10976,0.045520034
10977,0.036735423
10978,0.12108108
10979,0.045930687
10980,0.05158078
10981,0.26477176
10982,0.36118233
10983,0.017280933
10984,0.048611358
10985,0.015165073
10986,0.2829554
10987,0.04144421
10988,0.19547726
10989,0.07778894
10990,0.14553016
10991,0.055843536
10992,0.023159897
10993,0.011319833
10994,0.044156935
10995,0.11559918
10996,0.043088894
10997,0.57430786
10998,0.24211092
10999,0.043982245
11000,0.2228588
11001,0.031234799
11002,0.02650451
11003,0.020494808
11004,0.055180714
11005,0.04016526
11006,0.013765094
11007,0.01741697
11008,0.048425388
11009,0.09122779
11010,0.1283411
11011,0.47580925
11012,0.44314337
11013,0.046094634
11014,0.06936575
11015,0.023327842
11016,0.23334017
11017,0.1535229
11018,0.009124485
11019,0.05760936
11020,0.04586506
11021,0.04935384
11022,0.08865855
11023,0.43253955
11024,0.103557914
11025,0.26453552
11026,0.59008235
11027,0.10582974
11028,0.46524262
11029,0.055999164
11030,0.46845227
11031,0.032109305
11032,0.042025935
11033,0.035005197
11034,0.031942084
11035,0.04328533
11036,0.08595305
11037,0.081542954
11038,0.0636507
11039,0.051267862
11040,0.30502307
11041,0.05112885
11042,0.031507954
11043,0.052422043
11044,0.060244694
11045,0.025734918
11046,0.038419105
11047,0.0
11048,0.057951055
11049,0.09779746
11050,0.037525143
11051,0.0698464
11052,0.27582586
11053,0.15539409
11054,0.020796278
11055,0.05501756
11056,0.080177546
11057,0.04122142
11058,0.036353048
11059,0.009958402
11060,0.49214187
11061,0.09597384
11062,0.060403958
11063,0.29891875
11064,0.5242511
11065,0.07339823
11066,0.04580089
11067,0.021171033
11068,0.017313855
11069,0.0
11070,0.03420048
11071,0.0054176836
11072,0.055880338
11073,0.064556316
11074,0.08988621
11075,0.17159012
11076,0.48861527
11077,0.0003388986
11078,0.14510508
11079,0.049630333
11080,0.010154563
11081,0.010814411
11082,0.022436785
11083,0.027394911
11084,0.031420603
11085,0.25750875
11086,0.012679455
11087,0.041022968
11088,0.0033899385
11089,0.021218238
11090,0.05537835
11091,0.021635532
11092,0.12797911
11093,0.46393368
11094,0.050976288
11095,0.057077616
11096,0.01926205
11097,0.029785464
11098,0.045241047
11099,0.050361224
11100,0.012447895
11101,0.019770592
11102,0.02174186
11103,0.005919979
11104,0.108173676
11105,0.14924248
11106,0.08159927
11107,0.06594978
11108,0.043967847
11109,0.026477275
11110,0.043169715
11111,0.045335267
11112,0.049241923
11113,0.08432738
11114,0.06600904
11115,0.117710434
11116,0.019793661
11117,0.0599921
11118,0.03923066
11119,0.026179831
11120,0.029890718
11121,0.05363266
11122,0.03328109
11123,0.07313129
11124,0.17949376
11125,0.2590278
11126,0.04440952
11127,0.04326954
11128,0.03707001
11129,0.08525446
11130,0.04614923
11131,0.0071907397
11132,0.053945836
11133,0.020224882
11134,0.21382272
11135,0.0323103
11136,0.030761048
11137,0.039057568
11138,0.07842842
11139,0.09842749
11140,0.28349432
11141,0.25065064
11142,0.2491959
11143,0.073503666
11144,0.062046994
11145,0.019446291
11146,0.06326917
11147,0.056087773
11148,0.010367265
11149,0.08864761
11150,0.04945684
11151,0.59868324
11152,0.10864669
11153,0.02174357
11154,0.009119032
11155,0.111234516
11156,0.048499238
11157,0.043603145
11158,0.013321178
11159,0.00550377
11160,0.059266217
11161,0.010975958
11162,0.026370017
11163,0.021593772
11164,0.09471361
11165,0.05303562
11166,0.09016651
11167,0.07510066
11168,0.13052237
11169,0.23322217
11170,0.46410725
11171,0.08738785
11172,0.038574696
11173,0.092643134
11174,0.027948119
11175,0.053316094
11176,0.010410121
11177,0.010941468
11178,0.06760219
11179,0.06417817
11180,0.13048013
11181,0.050625637
11182,0.11628004
11183,0.04970046
11184,0.05975952
11185,0.036577977
11186,0.0204718
11187,0.11975694
11188,0.004889939
11189,0.026847385
11190,0.04447972
11191,0.01762327
11192,0.029900795
11193,0.04988765
11194,0.06822894
11195,0.09566028
11196,0.14619875
11197,0.13515027
11198,0.24733914
11199,0.13322493
11200,0.14444225
11201,0.02507712
11202,0.109411046
11203,0.021068757
11204,0.07056997
11205,0.01204612
11206,0.043734636
11207,0.09448905
11208,0.04204631
11209,0.024485618
11210,0.05183068
11211,0.042832717
11212,0.050409768
11213,0.082813695
11214,0.030902553
11215,0.050677776
11216,0.019311827
11217,0.02466697
11218,0.0852791
11219,0.025780449
11220,0.054604925
11221,0.09116445
11222,0.06642079
11223,0.14409128
11224,0.33589974
11225,0.1307195
11226,0.13145334
11227,0.09161647
11228,0.10599169
11229,0.097475514
11230,0.097804725
11231,0.07662185
11232,0.008372053
11233,0.013254748
11234,0.022419166
11235,0.35284975
11236,0.07353067
11237,0.090035014
11238,0.06073724
11239,0.07957376
11240,0.016993947
11241,0.023499077
11242,0.025277643
11243,0.060797945
11244,0.3037227
11245,0.07610093
11246,0.05570198
11247,0.12780714
11248,0.56275463
11249,0.11358838
11250,0.025759807
11251,0.23355329
11252,0.093149684
11253,0.25483227
11254,0.26224548
11255,0.08847651
11256,0.024517188
11257,0.052519653
11258,0.039039843
11259,0.09804072
11260,0.15630639
11261,0.03934558
11262,0.16462596
11263,0.08496655
11264,0.05445915
11265,0.009136446
11266,0.0082601
11267,0.026274867
11268,0.028957944
11269,0.07518673
11270,0.08469153
11271,0.024241874
11272,0.13992184
11273,0.15633899
11274,0.15926468
11275,0.107611366
11276,0.055765208
11277,0.12364719
11278,0.24513304
11279,0.25514558
11280,0.072548926
11281,0.011244776
11282,0.06314675
11283,0.020541687
11284,0.06389995
11285,0.48173016
11286,0.041706085
11287,0.069162324
11288,0.40866503
11289,0.23393936
11290,0.010876477
11291,0.055562988
11292,0.0716345
11293,0.17646301
11294,0.24926658
11295,0.018908087
11296,0.118784554
11297,0.11502247
11298,0.15741125
11299,0.1493739
11300,0.15700026
11301,0.20102467
11302,0.40935233
11303,0.10382505
11304,0.0585359
11305,0.09158883
11306,0.060193505
11307,0.26613697
11308,0.890047
11309,0.001357393
11310,0.04822256
11311,0.4286913
11312,0.013736486
11313,0.04312948
11314,0.25381657
11315,0.021430187
11316,0.06707687
11317,0.09749213
11318,0.027728114
11319,0.058573637
11320,0.0066071576
11321,0.4454788
11322,0.06123469
11323,0.11131983
11324,0.2714422
11325,0.1572536
11326,0.26528236
11327,0.38527474
11328,0.27701434
11329,0.034764532
11330,0.17912447
11331,0.2430849
11332,0.24688172
11333,0.8821445
11334,0.31299618
11335,0.42233738
11336,0.029034112
11337,0.1302968
11338,0.060385276
11339,0.022536375
11340,0.011483175
11341,0.007912167
11342,0.019864578
11343,0.07588854
11344,0.008549206
11345,0.014098098
11346,0.03473674
11347,0.07849243
11348,0.11867024
11349,0.11976976
11350,0.13255684
11351,0.11217354
11352,0.21192195
11353,0.26408324
11354,0.027605075
11355,0.116675295
11356,0.27920002
11357,0.024503317
11358,0.061747324
11359,0.9254857
11360,0.88962513
11361,0.46839517
11362,0.008615911
11363,0.029199066
11364,0.03629393
11365,0.4106185
11366,0.062190134
11367,0.04735485
11368,0.06753001
11369,0.08746589
11370,0.07588391
11371,0.015523075
11372,0.4005022
11373,0.02795156
11374,0.051880114
11375,0.15596786
11376,0.13665779
11377,0.08116349
11378,0.063932404
11379,0.23083694
11380,0.2143449
11381,0.024576567
11382,0.11409284
11383,0.09880409
11384,0.1070007
11385,0.99177486
11386,0.8142987
11387,0.550427
11388,0.013906975
11389,0.0772156
11390,0.027311197
11391,0.26102084
11392,0.08990216
11393,0.26326975
11394,0.0423949
11395,0.07160669
11396,0.022276524
11397,0.09595391
11398,0.10319476
11399,0.15948814
11400,0.15623207
11401,0.52601516
11402,0.46310255
11403,0.2627434
11404,0.18292747
11405,0.12464708
11406,0.0838896
11407,0.12827829
11408,0.04981079
11409,0.036111083
11410,0.024798287
11411,0.11365055
11412,0.13031751
11413,0.06596663
11414,0.089147575
11415,0.033959113
11416,0.9318337
11417,0.9542168
11418,0.9839383
11419,0.09358978
11420,0.049466692
11421,0.22807726
11422,0.28572255
11423,0.028831057
11424,0.02192157
11425,0.022855412
11426,0.062658176
11427,0.13019706
11428,0.07374379
11429,0.43577945
11430,0.78438485
11431,0.10845418
11432,0.15407565
11433,0.13392033
11434,0.18677057
11435,0.084188245
11436,0.4166828
11437,0.12582393
11438,0.0407984
11439,0.0880132
11440,0.10937916
11441,0.098665595
11442,0.043401387
11443,0.018246464
11444,0.27880394
11445,0.3857225
11446,0.16355044
11447,0.07267551
11448,0.031975087
11449,0.1164485
11450,0.079019755
11451,0.26347557
11452,0.036763098
11453,0.03326665
11454,0.050601047
11455,0.02320473
11456,0.020830978
11457,0.060903765
11458,0.06265256
11459,0.43923378
11460,0.8043525
11461,0.42651168
11462,0.20229568
11463,0.15718172
11464,0.19719234
11465,0.17036755
11466,0.47149816
11467,0.09080051
11468,0.03901203
11469,0.04019842
11470,0.0339018
11471,0.12887919
11472,0.1543423
11473,0.09470975
11474,0.42463022
11475,0.39460325
11476,0.2578949
11477,0.9310893
11478,0.23070966
11479,0.019691559
11480,0.13711575
11481,0.19261613
11482,0.022245325
11483,0.056348287
11484,0.18785128
11485,0.08572849
11486,0.054753102
11487,0.05580393
11488,0.06532681
11489,0.15521021
11490,0.41216594
11491,0.4037846
11492,0.55557835
11493,0.44926783
11494,0.19417919
11495,0.24636656
11496,0.27040297
11497,0.020926781
11498,0.026968015
11499,0.16589782
11500,0.071214534
11501,0.40512994
11502,0.19481762
11503,0.062770166
11504,0.52347714
11505,0.42815858
11506,0.006265847
11507,0.08119563
11508,0.09882198
11509,0.08664027
11510,0.056308854
11511,0.018385056
11512,0.033854906
11513,0.081302986
11514,0.1319962
11515,0.11868032
11516,0.25235647
11517,0.4733372
11518,0.8291092
11519,0.4560278
11520,0.40666366
11521,0.62601054
11522,0.121223435
11523,0.061433986
11524,0.06842623
11525,0.13595495
11526,0.19066465
11527,0.07481761
11528,0.025555613
11529,0.080290474
11530,0.14125696
11531,0.017321019
11532,0.0057526133
11533,0.052163556
11534,0.11264227
11535,0.027208408
11536,0.049921274
11537,0.01572006
11538,0.04059786
11539,0.11098978
11540,0.07199259
11541,0.120863974
11542,0.24925512
11543,0.2984862
11544,0.40347603
11545,0.91722035
11546,0.6758558
11547,0.3949132
11548,0.13669965
11549,0.022121133
11550,0.04805624
11551,0.11883242
11552,0.015533354
11553,0.009172682
11554,0.03306949
11555,0.69691324
11556,0.065181375
11557,0.018761992
11558,0.07052332
11559,0.053623553
11560,0.100115806
11561,0.044029787
11562,0.05556115
11563,0.016073037
11564,0.016485516
11565,0.04103083
11566,0.11274233
11567,0.13488579
11568,0.54944265
11569,0.4129056
11570,0.16545007
11571,0.9256109
11572,0.4335043
11573,0.45372
11574,0.14418767
11575,0.03864225
11576,0.034216963
11577,0.03628437
11578,0.054170217
11579,0.050498556
11580,0.0383654
11581,0.07747772
11582,0.44129887
11583,0.24553244
11584,0.4110315
11585,0.035167914
11586,0.09676037
11587,0.13245122
11588,0.12711148
11589,0.24327722
11590,0.044988085
11591,0.03269602
11592,0.0107274
11593,0.05812343
11594,0.15506352
11595,0.6883027
11596,0.40601388
11597,0.4923989
11598,0.2511923
11599,0.3901505
11600,0.16701324
11601,0.08680252
11602,0.03419052
11603,0.024196481
11604,0.015278803
11605,0.054981258
11606,0.028866628
11607,0.113173336
11608,0.13126396
11609,0.081909314
11610,0.22924656
11611,0.03448951
11612,0.0736771
11613,0.25793022
11614,0.043898974
11615,0.015061003
11616,0.13799052
11617,0.24002706
11618,0.05236522
11619,0.24048834
11620,0.19521718
11621,0.08806174
11622,0.104624666
11623,0.08796364
11624,0.08406055
11625,0.0495739
11626,0.13181129
11627,0.12030179
11628,0.05006508
11629,0.010592037
11630,0.24236126
11631,0.012091501
11632,0.017153258
11633,0.08873741
11634,0.044754516
11635,0.14974932
11636,0.05361531
11637,0.069496006
11638,0.078094594
11639,0.19136502
11640,0.37450758
11641,0.46301523
11642,0.072875485
11643,0.009889283
11644,0.01618624
11645,0.03853639
11646,0.07280898
11647,0.021848785
11648,0.067060284
11649,0.14826244
11650,0.030443363
11651,0.020450579
11652,0.0292147
11653,0.019723577
11654,0.010639146
11655,0.03958305
11656,0.09602848
11657,0.11978022
11658,0.37690264
11659,0.021321077
11660,0.025018245
11661,0.06412889
11662,0.08306901
11663,0.11512414
11664,0.33443263
11665,0.07119675
11666,0.006228066
11667,0.11357813
11668,0.017593477
11669,0.03682542
11670,0.08489114
11671,0.11945037
11672,0.05278828
11673,0.011617467
11674,0.011115047
11675,0.018453607
11676,0.012892052
11677,0.20145144
11678,0.01938978
11679,0.03799556
11680,0.1489292
11681,0.08626584
11682,0.061495777
11683,0.021034475
11684,0.03839405
11685,0.08967183
11686,0.36295265
11687,0.027339535
11688,0.0009387162
11689,0.006513057
11690,0.018363599
11691,0.03603318
11692,0.047758024
11693,0.071450375
11694,0.24446373
11695,0.081072144
11696,0.25273013
11697,0.096576385
11698,0.03451782
11699,0.013861582
11700,0.046208166
11701,0.043688916
11702,0.0272391
11703,0.38386226
11704,0.09428162
11705,0.02475852
11706,0.119182214
11707,0.06394058
11708,0.01107169
11709,0.015460228
11710,0.4243083
11711,0.54009426
11712,0.1187437
11713,0.05982339
11714,0.06308551
11715,0.038519777
11716,0.03642492
11717,0.08800647
11718,0.08460539
11719,0.08864266
11720,0.8338447
11721,0.07093205
11722,0.084744975
11723,0.07435868
11724,0.018461842
11725,0.043741267
11726,0.15294059
11727,0.42777038
11728,0.07051172
11729,0.14103661
11730,0.029122973
11731,0.025300795
11732,0.032828547
11733,0.11633597
11734,0.035674132
11735,0.030117208
11736,0.008467071
11737,0.07106019
11738,0.052342772
11739,0.025979243
11740,0.019960854
11741,0.050872795
11742,0.09128828
11743,0.050282948
11744,0.021207588
11745,0.037566047
11746,0.083258055
11747,0.097508736
11748,0.017671429
11749,0.05886091
11750,0.5164819
11751,0.08347989
11752,0.0966453
11753,0.009529118
11754,0.042989917
11755,0.040247906
11756,0.06329702
11757,0.06886104
11758,0.019044172
11759,0.022612017
11760,0.30359155
11761,0.032765016
11762,0.05266251
11763,0.110668294
11764,0.025794104
11765,0.23104657
11766,0.045471374
11767,0.025395326
11768,0.04296647
11769,0.36258295
11770,0.030460572
11771,0.022176148
11772,0.00722367
11773,0.023317253
11774,0.013356164
11775,0.064020135
11776,0.008013382
11777,0.04285995
11778,0.16044644
11779,0.08991533
11780,0.012600239
11781,0.0139429495
11782,0.07972047
11783,0.14449058
11784,0.09304808
11785,0.08404604
11786,0.073401034
11787,0.026076237
11788,0.051925965
11789,0.19811939
11790,0.1535358
11791,0.10704753
11792,0.009924301
11793,0.0104626315
11794,0.042368364
11795,0.022597453
11796,0.015148465
11797,0.02342341
11798,0.015861768
11799,0.0067193913
11800,0.0062861955
11801,0.015438154
11802,0.014563855
11803,0.00671813
11804,0.01697949
11805,0.057811342
11806,0.05908407
11807,0.13333248
11808,0.009626279
11809,0.13809678
11810,0.0057590064
11811,0.171197
11812,0.009860383
11813,0.023635365
11814,0.033390716
11815,0.018172085
11816,0.013497857
11817,0.023074739
11818,0.023760585
11819,0.004391208
11820,0.017093828
11821,0.026819337
11822,0.012258872
11823,0.009438596
11824,0.06404106
11825,0.021548549
11826,0.048196316
11827,0.009414469
11828,0.06279554
11829,0.018674854
11830,0.015043039
11831,0.012805577
11832,0.10606974
11833,0.032465205
11834,0.06348014
11835,0.010480709
11836,0.0061211186
11837,0.01677875
11838,0.027374683
11839,0.007601983
11840,0.014297787
11841,0.084936686
11842,0.015397117
11843,0.25264347
11844,0.057775192
11845,0.0631383
11846,0.07196898
11847,0.0055418587
11848,0.098769546
11849,0.025670474
11850,0.012005751
11851,0.0052251574
11852,0.079802856
11853,0.01496156
11854,0.06588622
11855,0.13064003
11856,0.017465686
11857,0.029872524
11858,0.020063903
11859,0.022645894
11860,0.012054596
11861,0.016964167
11862,0.014774059
11863,0.009404233
11864,0.033892088
11865,0.008292431
11866,0.02874687
11867,0.06290452
11868,0.039155114
11869,0.0
11870,0.23005334
11871,0.027821986
11872,0.01688896
11873,0.027843373
11874,0.011103592
11875,0.02070977
11876,0.06931303
11877,0.019975372
11878,0.010547769
11879,0.024472708
11880,0.008011254
11881,0.005277329
11882,0.033000026
11883,0.09496431
11884,0.23898926
11885,0.017889384
11886,0.075451754
11887,0.020069886
11888,0.016838009
11889,0.067970484
11890,0.030861216
11891,0.049285598
11892,0.049294572
11893,0.06499223
11894,0.040106487
11895,0.017298058
11896,0.07115595
11897,0.055230655
11898,0.043267537
11899,0.022591075
11900,0.040768906
11901,0.121462435
11902,0.065292746
11903,0.04360877
11904,0.14579192
11905,0.39228216
11906,0.089305125
11907,0.045019172
11908,0.38315886
11909,0.043327812
11910,0.27870122
11911,0.07260075
11912,0.24656177
11913,0.049694974
11914,0.010467437
11915,0.0415799
11916,0.11564264
11917,0.026114756
11918,0.63006467
11919,0.2490508
11920,0.04788507
11921,0.24572302
11922,0.038783293
11923,0.01846547
11924,0.04996615
11925,0.036189094
11926,0.01807213
11927,0.010263881
11928,0.01812881
11929,0.10986019
11930,0.13892774
11931,0.4601238
11932,0.44744277
11933,0.05700247
11934,0.06502479
11935,0.022032058
11936,0.24907428
11937,0.27799568
11938,0.0111351125
11939,0.0179293
11940,0.04908112
11941,0.03912128
11942,0.053540725
11943,0.07525833
11944,0.40292197
11945,0.08459225
11946,0.26220632
11947,0.5477926
11948,0.11868946
11949,0.013010188
11950,0.4777682
11951,0.057678957
11952,0.4827668
11953,0.039279338
11954,0.049983386
11955,0.038306512
11956,0.030495418
11957,0.034359023
11958,0.09481044
11959,0.084745914
11960,0.029727988
11961,0.045303937
11962,0.3830494
11963,0.0451021
11964,0.029888973
11965,0.05356185
11966,0.06700359
11967,0.029062482
11968,0.03475155
11969,0.0
11970,0.049375083
11971,0.08792405
11972,0.05655058
11973,0.13968374
11974,0.039816957
11975,0.2539971
11976,0.014484178
11977,0.036577836
11978,0.046262026
11979,0.024308886
11980,0.011194306
11981,0.495383
11982,0.0938791
11983,0.050993286
11984,0.31221658
11985,0.46361426
11986,0.0
11987,0.07949773
11988,0.044092517
11989,0.01339151
11990,0.02001738
11991,0.021299997
11992,0.012573674
11993,0.0
11994,0.037802674
11995,0.006749919
11996,0.006683583
11997,0.070318565
11998,0.07164368
11999,0.085998535
12000,0.16649227
12001,0.4536635
12002,0.017003953
12003,0.024662035
12004,0.04595156
12005,0.003369905
12006,0.009687484
12007,0.026998462
12008,0.025233194
12009,0.036572617
12010,0.26469225
12011,0.016066294
12012,0.043747123
12013,0.008377116
12014,0.0787973
12015,0.052713938
12016,0.121746935
12017,0.4267556
12018,0.00027915946
12019,0.037667893
12020,0.049205557
12021,0.0179228
12022,0.025033088
12023,0.043369547
12024,0.05353103
12025,0.01187592
12026,0.021228006
12027,0.007125864
12028,0.118754596
12029,0.17641068
12030,0.07789102
12031,0.05990297
12032,0.06283503
12033,0.030338533
12034,0.040127024
12035,0.036598176
12036,0.045486942
12037,0.08885043
12038,0.06647071
12039,0.24647872
12040,0.016491957
12041,0.06647698
12042,0.039904144
12043,0.023969354
12044,0.029905485
12045,0.04964975
12046,0.013395008
12047,0.023231825
12048,0.0707649
12049,0.18484509
12050,0.26067308
12051,0.040874872
12052,0.04260511
12053,0.03210446
12054,0.09442418
12055,0.05053705
12056,0.011260778
12057,0.056793217
12058,0.012380414
12059,0.026169192
12060,0.14438596
12061,0.03434621
12062,0.028951755
12063,0.041238014
12064,0.069197915
12065,0.093310185
12066,0.27147424
12067,0.23681207
12068,0.25738913
12069,0.0693888
12070,0.053419024
12071,0.02014846
12072,0.06607388
12073,0.050968118
12074,0.09126581
12075,0.048843943
12076,0.63537055
12077,0.123852886
12078,0.020579467
12079,0.100768514
12080,0.04649109
12081,0.046672255
12082,0.017051805
12083,0.008086342
12084,0.057603087
12085,0.009845083
12086,0.026954312
12087,0.025652327
12088,0.088110596
12089,0.048110127
12090,0.086276166
12091,0.073198326
12092,0.13615172
12093,0.23689732
12094,0.45557204
12095,0.08239451
12096,0.033910055
12097,0.09038676
12098,0.024806116
12099,0.046288162
12100,0.028201738
12101,0.010514399
12102,0.0758371
12103,0.061044406
12104,0.12642659
12105,0.05123437
12106,0.10907254
12107,0.041465238
12108,0.05567018
12109,0.03741229
12110,0.13533258
12111,0.007927679
12112,0.026549311
12113,0.04254196
12114,0.031171104
12115,0.008548181
12116,0.016015733
12117,0.030350087
12118,0.050406426
12119,0.06516684
12120,0.0859168
12121,0.13933223
12122,0.123824105
12123,0.25180584
12124,0.23300107
12125,0.15283453
12126,0.014835155
12127,0.10134467
12128,0.01887202
12129,0.07203953
12130,0.04532984
12131,0.09099223
12132,0.031747926
12133,0.023889408
12134,0.05530768
12135,0.040484227
12136,0.009341622
12137,0.052974373
12138,0.08467485
12139,0.029826801
12140,0.053182743
12141,0.08140096
12142,0.020944256
12143,0.054755233
12144,0.08915179
12145,0.06755495
12146,0.16030169
12147,0.31737408
12148,0.12276094
12149,0.12699819
12150,0.07851183
12151,0.10544126
12152,0.09252458
12153,0.094830565
12154,0.06726653
12155,0.017475255
12156,0.37380973
12157,0.07240923
12158,0.08821143
12159,0.053052187
12160,0.08203473
12161,0.014319606
12162,0.017249709
12163,0.025554068
12164,0.056240994
12165,0.30053392
12166,0.068773575
12167,0.05090624
12168,0.12008648
12169,0.5627835
12170,0.11177999
12171,0.024918662
12172,0.23365076
12173,0.0787258
12174,0.18682766
12175,0.26291442
12176,0.08612999
12177,0.020017881
12178,0.04727354
12179,0.09468732
12180,0.14726348
12181,0.03847296
12182,0.16342956
12183,0.08145473
12184,0.058006767
12185,0.012200541
12186,0.023070956
12187,0.025570162
12188,0.065670766
12189,0.07941249
12190,0.021515181
12191,0.13640545
12192,0.15552509
12193,0.14584221
12194,0.10384984
12195,0.052604873
12196,0.13350125
12197,0.19599125
12198,0.2567243
12199,0.072314784
12200,0.060103204
12201,0.018330554
12202,0.06548939
12203,0.49291465
12204,0.03713717
12205,0.06767954
12206,0.39857504
12207,0.24624647
12208,0.010549121
12209,0.05746923
12210,0.067488305
12211,0.25946364
12212,0.2553937
12213,0.11772656
12214,0.105715536
12215,0.24154149
12216,0.23431614
12217,0.15469259
12218,0.18432344
12219,0.3834276
12220,0.09924684
12221,0.05616345
12222,0.09815625
12223,0.044052877
12224,0.2813671
12225,0.92631936
12226,0.00017810916
12227,0.05160369
12228,0.41172066
12229,0.013911593
12230,0.048037235
12231,0.26022494
12232,0.023240892
12233,0.0656973
12234,0.08834519
12235,0.025432386
12236,0.05772095
12237,0.004596575
12238,0.4519122
12239,0.06382733
12240,0.10900333
12241,0.25905153
12242,0.15465742
12243,0.2639732
12244,0.38421628
12245,0.28514436
12246,0.029686872
12247,0.27809697
12248,0.117895775
12249,0.24142902
12250,0.80898684
12251,0.40229523
12252,0.2961094
12253,0.030333785
12254,0.21962543
12255,0.033426363
12256,0.01599193
12257,0.006127729
12258,0.076843426
12259,0.013221364
12260,0.01318204
12261,0.0361133
12262,0.078730784
12263,0.123183586
12264,0.109255224
12265,0.13848668
12266,0.1057803
12267,0.2509895
12268,0.2590304
12269,0.030046484
12270,0.10914597
12271,0.20384918
12272,0.05365576
12273,0.9309719
12274,0.87691694
12275,0.46130896
12276,0.025226131
12277,0.018195832
12278,0.05752175
12279,0.4254693
12280,0.06915454
12281,0.04993758
12282,0.0070771216
12283,0.06960404
12284,0.076589234
12285,0.072169304
12286,0.016343126
12287,0.4287647
12288,0.025275096
12289,0.053071
12290,0.15175648
12291,0.13564433
12292,0.08295188
12293,0.057467736
12294,0.23528539
12295,0.2103367
12296,0.021662777
12297,0.22529626
12298,0.09841224
12299,0.10650781
12300,0.98751485
12301,0.8080872
12302,0.5160355
12303,0.090621024
12304,0.025951717
12305,0.009934596
12306,0.38790974
12307,0.10071531
12308,0.36115417
12309,0.04294211
12310,0.059709456
12311,0.018683447
12312,0.096560754
12313,0.12260495
12314,0.16165625
12315,0.14307632
12316,0.5375919
12317,0.45300964
12318,0.26344204
12319,0.2810935
12320,0.12425379
12321,0.09862379
12322,0.12446591
12323,0.04875507
12324,0.039204955
12325,0.028253125
12326,0.12080541
12327,0.123475775
12328,0.07102811
12329,0.08768696
12330,0.035826914
12331,0.93022305
12332,0.90821385
12333,0.9572433
12334,0.10488312
12335,0.04907693
12336,0.39350277
12337,0.015878899
12338,0.28891397
12339,0.02962634
12340,0.010752515
12341,0.021172822
12342,0.048273586
12343,0.12488992
12344,0.06647485
12345,0.4385663
12346,0.78660935
12347,0.10884917
12348,0.14547457
12349,0.13347405
12350,0.1861206
12351,0.08742462
12352,0.41006914
12353,0.1315266
12354,0.039391678
12355,0.09211239
12356,0.10693515
12357,0.09711167
12358,0.04825012
12359,0.028137326
12360,0.43021038
12361,0.28816372
12362,0.24130988
12363,0.076165244
12364,0.12667902
12365,0.08350832
12366,0.25737035
12367,0.029774833
12368,0.044519488
12369,0.050358318
12370,0.020520596
12371,0.060019016
12372,0.05977918
12373,0.4648932
12374,0.800692
12375,0.4123755
12376,0.2871976
12377,0.14739166
12378,0.24674436
12379,0.244787
12380,0.43946457
12381,0.08768347
12382,0.031501345
12383,0.041539986
12384,0.032535188
12385,0.13114648
12386,0.16811125
12387,0.21706888
12388,0.2896066
12389,0.26463658
12390,0.26182023
12391,0.98533607
12392,0.23427495
12393,0.023506349
12394,0.2340234
12395,0.22688144
12396,0.056413684
12397,0.17426357
12398,0.076756105
12399,0.04912414
12400,0.05182314
12401,0.06050436
12402,0.23447172
12403,0.406367
12404,0.26980078
12405,0.5079465
12406,0.29801664
12407,0.17926687
12408,0.17062943
12409,0.38231912
12410,0.012005579
12411,0.1575697
12412,0.075514935
12413,0.05506029
12414,0.43171248
12415,0.2605559
12416,0.07549852
12417,0.528147
12418,0.41967767
12419,0.0847532
12420,0.11571805
12421,0.086087994
12422,0.05436033
12423,0.011927948
12424,0.016342362
12425,0.03331065
12426,0.076358356
12427,0.1197364
12428,0.115965255
12429,0.15418541
12430,0.39371288
12431,0.78910214
12432,0.44614854
12433,0.39862144
12434,0.6446015
12435,0.12105329
12436,0.054941576
12437,0.07720866
12438,0.13590169
12439,0.19280575
12440,0.08652937
12441,0.032124303
12442,0.075744696
12443,0.14872266
12444,0.008421255
12445,0.04078932
12446,0.116545916
12447,0.02522854
12448,0.044616893
12449,0.024197657
12450,0.024729313
12451,0.0061784326
12452,0.015504375
12453,0.034438528
12454,0.099709
12455,0.06868994
12456,0.11788095
12457,0.2438907
12458,0.2801249
12459,0.3962216
12460,0.88206315
12461,0.70050776
12462,0.3989162
12463,0.11934483
12464,0.04233817
12465,0.028687779
12466,0.051653873
12467,0.11899857
12468,0.023466146
12469,0.037850436
12470,0.7301298
12471,0.063595265
12472,0.07592156
12473,0.054092843
12474,0.093519345
12475,0.047203124
12476,0.057046138
12477,0.018654136
12478,0.04220772
12479,0.012302323
12480,0.017445067
12481,0.040887702
12482,0.11227965
12483,0.13484909
12484,0.54744744
12485,0.40394697
12486,0.16876736
12487,0.94263184
12488,0.42852074
12489,0.48463014
12490,0.15026508
12491,0.008127577
12492,0.044648748
12493,0.0314376
12494,0.03774113
12495,0.070443474
12496,0.04728151
12497,0.035355058
12498,0.0712285
12499,0.44919604
12500,0.24247034
12501,0.37739325
12502,0.03359125
12503,0.095589444
12504,0.13687651
12505,0.13403212
12506,0.1563865
12507,0.04217604
12508,0.03161117
12509,0.0082153985
12510,0.05655443
12511,0.1532457
12512,0.7081731
12513,0.18617854
12514,0.45303747
12515,0.38220686
12516,0.36781543
12517,0.24898843
12518,0.0908543
12519,0.032284576
12520,0.026418835
12521,0.016279597
12522,0.054055788
12523,0.031832602
12524,0.1353091
12525,0.13566253
12526,0.08445489
12527,0.3684976
12528,0.029920788
12529,0.06570408
12530,0.41198558
12531,0.043235693
12532,0.010017631
12533,0.012936597
12534,0.016963296
12535,0.13073492
12536,0.15361759
12537,0.051778134
12538,0.2541387
12539,0.25803483
12540,0.08785093
12541,0.10136106
12542,0.025379697
12543,0.093093015
12544,0.0936903
12545,0.04714664
12546,0.12989704
12547,0.122657716
12548,0.048498765
12549,0.03368587
12550,0.006754799
12551,0.2544075
12552,0.013042078
12553,0.0943711
12554,0.044214755
12555,0.04668579
12556,0.14496745
12557,0.048235506
12558,0.07076287
12559,0.012243453
12560,0.072331004
12561,0.24908139
12562,0.37742168
12563,0.43547514
12564,0.07722067
12565,0.022809578
12566,0.03206035
12567,0.06691524
12568,0.07877444
12569,0.130819
12570,0.033449996
12571,0.016405992
12572,0.026149193
12573,0.01667392
12574,0.014003213
12575,0.097486444
12576,0.117121845
12577,0.37878305
12578,0.025592433
12579,0.021682067
12580,0.06071675
12581,0.08156993
12582,0.11634417
12583,0.34450948
12584,0.07274608
12585,0.008359765
12586,0.09812946
12587,0.04113333
12588,0.02042469
12589,0.08363942
12590,0.1251896
12591,0.05528157
12592,0.01676223
12593,0.011392914
12594,0.01421412
12595,0.012253841
12596,0.19371803
12597,0.015765319
12598,0.03500139
12599,0.14679083
12600,0.081239045
12601,0.057507277
12602,0.022671346
12603,0.03552129
12604,0.08444857
12605,0.37742448
12606,0.034502167
12607,0.0007571102
12608,0.016332148
12609,0.03713972
12610,0.047315735
12611,0.078781575
12612,0.1621829
12613,0.07696337
12614,0.23944268
12615,0.09777094
12616,0.034814052
12617,0.014965494
12618,0.04375724
12619,0.040438958
12620,0.02641055
12621,0.25683036
12622,0.017960249
12623,0.118564256
12624,0.022079373
12625,0.11655389
12626,0.06275647
12627,0.011785889
12628,0.015650723
12629,0.398371
12630,0.5737291
12631,0.11501099
12632,0.062296867
12633,0.07179651
12634,0.047922026
12635,0.02851379
12636,0.20836696
12637,0.08539271
12638,0.08106216
12639,0.80426735
12640,0.022395572
12641,0.07976275
12642,0.016492523
12643,0.09017391
12644,0.077367514
12645,0.015044537
12646,0.13298634
12647,0.42336327
12648,0.072039306
12649,0.12939104
12650,0.026253004
12651,0.033888817
12652,0.013145674
12653,0.02801751
12654,0.11165816
12655,0.03673255
12656,0.0046485197
12657,0.028047109
12658,0.0051403027
12659,0.06914961
12660,0.051399402
12661,0.016367102
12662,0.048786644
12663,0.015093574
12664,0.10633223
12665,0.05289455
12666,0.022579713
12667,0.040544357
12668,0.07996068
12669,0.0931743
12670,0.019717991
12671,0.05738995
12672,0.5546653
12673,0.086270444
12674,0.1026024
12675,0.040853888
12676,0.04500816
12677,0.05646465
12678,0.06274092
12679,0.014773146
12680,0.021467825
12681,0.2958522
12682,0.029344734
12683,0.002089118
12684,0.002484973
12685,0.014384215
12686,0.05658701
12687,0.10512625
12688,0.013229238
12689,0.11198768
12690,0.044503424
12691,0.02547293
12692,0.048321474
12693,0.3597052
12694,0.035946414
12695,0.024432346
12696,0.020988792
12697,0.060625374
12698,0.03889597
12699,0.11841632
12700,0.08960828
12701,0.012156883
12702,0.015152637
12703,0.01490944
12704,0.06808691
12705,0.23732038
12706,0.098515674
12707,0.07315942
12708,0.07872468
12709,0.023829306
12710,0.05123899
12711,0.017807916
12712,0.17365076
12713,0.24626061
12714,0.09736486
12715,0.007444097
12716,0.0023875644
12717,0.009628855
12718,0.046115424
12719,0.015139649
12720,0.013548434
12721,0.021920996
12722,0.014336003
12723,0.021008685
12724,0.0062832185
12725,0.018071994
12726,0.012811356
12727,0.009982322
12728,0.024040606
12729,0.060585357
12730,0.058509387
12731,0.12684944
12732,0.003085369
12733,0.008217889
12734,0.009341818
12735,0.13625585
12736,0.15286842
12737,0.0059856065
12738,0.0209062
12739,0.010461824
12740,0.029447287
12741,0.013880312
12742,0.013252671
12743,0.023097603
12744,0.019531624
12745,0.0075093936
12746,0.0151098985
12747,0.030979699
12748,0.0013876832
12749,0.013479506
12750,0.011405912
12751,0.064129114
12752,0.0181193
12753,0.04021301
12754,0.057020627
12755,0.023932181
12756,0.013482821
12757,0.009467608
12758,0.103762604
12759,0.033872053
12760,0.05514221
12761,0.013961411
12762,0.0045152307
12763,0.012037985
12764,0.025892356
12765,0.010998504
12766,0.01282795
12767,0.0827409
12768,0.015904943
12769,0.009859912
12770,0.15871099
12771,0.053851265
12772,0.055177577
12773,0.06292546
12774,0.07840124
12775,0.028355649
12776,0.011193935
12777,0.0067930105
12778,0.07476685
12779,0.015132192
12780,0.07257871
12781,0.0038336487
12782,0.12950186
12783,0.021872913
12784,0.025673924
12785,0.0344253
12786,0.030448489
12787,0.021132648
12788,0.025266483
12789,0.011936406
12790,0.011302389
12791,0.03410507
12792,0.00831152
12793,0.033461113
12794,0.06501145
12795,0.03929269
12796,0.15177321
12797,0.014890031
12798,0.0222074
12799,0.00551534
12800,0.010095694
12801,0.01852706
12802,0.059071343
12803,0.020650646
12804,0.013723601
12805,0.024753718
12806,0.016404118
12807,0.032316767
12808,0.0063696005
12809,0.037230045
12810,0.08734522
12811,0.14297603
12812,0.018195381
12813,0.08038479
12814,0.03719343
12815,0.057989784
12816,0.0402691
12817,0.05941846
12818,0.03741538
12819,0.04444095
12820,0.05355297
12821,0.034865398
12822,0.015821612
12823,0.12509401
12824,0.08588836
12825,0.035755135
12826,0.100739986
12827,0.046244342
12828,0.04857662
12829,0.046737123
12830,0.38541344
12831,0.37093464
12832,0.041566733
12833,0.010021807
12834,0.27633208
12835,0.0627651
12836,0.39069688
12837,0.08421214
12838,0.12741421
12839,0.052692026
12840,0.039030015
12841,0.14343797
12842,0.04638606
12843,0.6636676
12844,0.15282463
12845,0.044432234
12846,0.25400808
12847,0.02951758
12848,0.027541183
12849,0.05144874
12850,0.03630486
12851,0.02052097
12852,0.013965232
12853,0.047328178
12854,0.12581295
12855,0.14426064
12856,0.4223993
12857,0.47271597
12858,0.054960437
12859,0.020952102
12860,0.23815082
12861,0.14633381
12862,0.01726283
12863,0.05611301
12864,0.040770847
12865,0.051925495
12866,0.08520324
12867,0.4560648
12868,0.086981855
12869,0.25042665
12870,0.47774905
12871,0.11740118
12872,0.47064996
12873,0.01986709
12874,0.05386637
12875,0.2603702
12876,0.03662193
12877,0.04784005
12878,0.0390308
12879,0.02466422
12880,0.03626221
12881,0.08212017
12882,0.09883732
12883,0.031326372
12884,0.02502505
12885,0.027220557
12886,0.049354006
12887,0.28333506
12888,0.046200972
12889,0.026381733
12890,0.04976677
12891,0.053173505
12892,0.06933978
12893,0.034622062
12894,0.05625863
12895,0.085522614
12896,0.02873463
12897,0.06107883
12898,0.14361496
12899,0.04708114
12900,0.24881944
12901,0.04999455
12902,0.03708724
12903,0.025245812
12904,0.01647305
12905,0.010392543
12906,0.4817326
12907,0.10878214
12908,0.057041313
12909,0.45574108
12910,0.48968488
12911,0.07101381
12912,0.04838513
12913,0.022251321
12914,0.018811384
12915,0.015382986
12916,0.0
12917,0.032494172
12918,0.10029655
12919,0.009421697
12920,0.05337225
12921,0.07392569
12922,0.09516773
12923,0.26183876
12924,0.42696315
12925,0.033471968
12926,0.046709232
12927,0.008867088
12928,0.008062447
12929,0.022651523
12930,0.036024675
12931,0.26406395
12932,0.015410234
12933,0.04328485
12934,0.006634638
12935,0.013963137
12936,0.043933492
12937,0.12877998
12938,0.39420485
12939,0.032762483
12940,0.054499134
12941,0.019220857
12942,0.029014084
12943,0.048083525
12944,0.05993644
12945,0.012818981
12946,0.022875251
12947,0.007248038
12948,0.09643771
12949,0.15564705
12950,0.07883939
12951,0.07481219
12952,0.055366084
12953,0.02351355
12954,0.03319306
12955,0.042107955
12956,0.038378987
12957,0.08101518
12958,0.059224486
12959,0.25207615
12960,0.018804641
12961,0.061738722
12962,0.032903373
12963,0.021153336
12964,0.018364368
12965,0.027089939
12966,0.044153623
12967,0.026717097
12968,0.07820281
12969,0.19924703
12970,0.261322
12971,0.047509205
12972,0.039563306
12973,0.034654345
12974,0.09335233
12975,0.046207137
12976,0.013697255
12977,0.054819982
12978,0.028567623
12979,0.13193744
12980,0.026567131
12981,0.029648528
12982,0.039676517
12983,0.013215048
12984,0.07057457
12985,0.09046984
12986,0.27052298
12987,0.23639461
12988,0.24968271
12989,0.062082984
12990,0.054900035
12991,0.018049782
12992,0.06507919
12993,0.049312454
12994,0.012636824
12995,0.09810123
12996,0.04844888
12997,0.6169803
12998,0.1270915
12999,0.106755935
13000,0.043812808
13001,0.042072747
13002,0.013452272
13003,0.017597282
13004,0.064850055
13005,0.021147309
13006,0.014691454
13007,0.021659955
13008,0.08474217
13009,0.046714276
13010,0.07861346
13011,0.07549768
13012,0.12267243
13013,0.24590138
13014,0.479709
13015,0.08066104
13016,0.03463288
13017,0.08264436
13018,0.022945384
13019,0.04640954
13020,0.028281633
13021,0.008950682
13022,0.07672729
13023,0.047133677
13024,0.11808076
13025,0.045308836
13026,0.124592885
13027,0.036606003
13028,0.054070096
13029,0.043874506
13030,0.015219607
13031,0.020350924
13032,0.12207704
13033,0.011088529
13034,0.034553222
13035,0.04761521
13036,0.026513573
13037,0.0070222584
13038,0.014041962
13039,0.017941808
13040,0.044873096
13041,0.06511414
13042,0.07663464
13043,0.13565485
13044,0.11899796
13045,0.24682511
13046,0.22927827
13047,0.14104673
13048,0.01847209
13049,0.08942569
13050,0.063785926
13051,0.010249177
13052,0.045704003
13053,0.08512243
13054,0.03237638
13055,0.015917595
13056,0.04597109
13057,0.031959496
13058,0.009448881
13059,0.05470267
13060,0.07700015
13061,0.03200083
13062,0.021493329
13063,0.030994691
13064,0.072121814
13065,0.021101106
13066,0.04523277
13067,0.08353702
13068,0.06910648
13069,0.24875934
13070,0.31948048
13071,0.12013927
13072,0.12190251
13073,0.078517474
13074,0.104978524
13075,0.09438156
13076,0.09259965
13077,0.06128908
13078,0.010502398
13079,0.011472656
13080,0.41356936
13081,0.069584556
13082,0.07792784
13083,0.05122923
13084,0.07772332
13085,0.01805301
13086,0.020252196
13087,0.017963413
13088,0.024703993
13089,0.05266592
13090,0.18853179
13091,0.06587128
13092,0.054396015
13093,0.13718899
13094,0.5474781
13095,0.101391405
13096,0.017077612
13097,0.23366731
13098,0.07594219
13099,0.25595313
13100,0.19929864
13101,0.081933945
13102,0.02457246
13103,0.048375867
13104,0.097140156
13105,0.14474498
13106,0.04409576
13107,0.16551538
13108,0.07684661
13109,0.058120936
13110,0.021872526
13111,0.018947072
13112,0.0640065
13113,0.07726722
13114,0.022332491
13115,0.13083813
13116,0.1477761
13117,0.14784549
13118,0.09982841
13119,0.047152717
13120,0.12482798
13121,0.18001589
13122,0.26232207
13123,0.06767651
13124,0.012765633
13125,0.06079635
13126,0.014217361
13127,0.07709457
13128,0.5282075
13129,0.043744855
13130,0.0595725
13131,0.36380258
13132,0.15472849
13133,0.011498222
13134,0.05303613
13135,0.07015503
13136,0.26048493
13137,0.24761482
13138,0.114951424
13139,0.10341894
13140,0.15011951
13141,0.15995029
13142,0.1676604
13143,0.17946157
13144,0.38013968
13145,0.098722875
13146,0.022562448
13147,0.054550555
13148,0.08113478
13149,0.04647959
13150,0.27059636
13151,0.8820297
13152,0.0
13153,0.05142974
13154,0.37183642
13155,0.014570486
13156,0.047080025
13157,0.24475001
13158,0.012764255
13159,0.055321466
13160,0.0810343
13161,0.025417523
13162,0.06125067
13163,0.008621644
13164,0.4462792
13165,0.06018967
13166,0.109417126
13167,0.26488334
13168,0.15554145
13169,0.26347658
13170,0.38872108
13171,0.38911077
13172,0.2552473
13173,0.11998196
13174,0.12374599
13175,0.7957278
13176,0.4047458
13177,0.4149311
13178,0.022429328
13179,0.22438724
13180,0.071052864
13181,0.011337937
13182,0.071616925
13183,0.012337768
13184,0.016498592
13185,0.032622557
13186,0.07073689
13187,0.11742866
13188,0.110157065
13189,0.12888594
13190,0.095561236
13191,0.2646967
13192,0.137208
13193,0.034332354
13194,0.12284739
13195,0.27169397
13196,0.061214175
13197,0.9154926
13198,0.75273764
13199,0.49720553
13200,0.0048051593
13201,0.025009163
13202,0.014443728
13203,0.047267232
13204,0.4223943
13205,0.06891098
13206,0.053285092
13207,0.007153505
13208,0.06965134
13209,0.07630291
13210,0.06698314
13211,0.016420824
13212,0.3957024
13213,0.027574345
13214,0.044448018
13215,0.14395571
13216,0.13041784
13217,0.070362404
13218,0.05834764
13219,0.2362945
13220,0.412273
13221,0.028844796
13222,0.2237853
13223,0.09769203
13224,0.10840511
13225,0.9603724
13226,0.8626508
13227,0.52230567
13228,0.017723281
13229,0.08105413
13230,0.02245374
13231,0.0112694455
13232,0.3862528
13233,0.087009594
13234,0.27190635
13235,0.043958824
13236,0.0789986
13237,0.02025857
13238,0.09167924
13239,0.11522685
13240,0.14975911
13241,0.13855094
13242,0.5440264
13243,0.26427764
13244,0.2637551
13245,0.17290302
13246,0.1127026
13247,0.07789183
13248,0.12933923
13249,0.049034733
13250,0.023653701
13251,0.02996293
13252,0.12795976
13253,0.12470695
13254,0.05466412
13255,0.10094065
13256,0.02123528
13257,0.8839408
13258,1.0
13259,0.9362116
13260,0.109602936
13261,0.050301187
13262,0.24334715
13263,0.27237502
13264,0.02838995
13265,0.023675896
13266,0.019900702
13267,0.055975303
13268,0.121042356
13269,0.065891124
13270,0.45293424
13271,0.7723285
13272,0.10189864
13273,0.14100482
13274,0.12013449
13275,0.16983953
13276,0.092746675
13277,0.4286413
13278,0.1327054
13279,0.030156353
13280,0.098167606
13281,0.11301247
13282,0.1105147
13283,0.04380347
13284,0.016185379
13285,0.44677705
13286,0.40266868
13287,0.21250461
13288,0.075383954
13289,0.12325895
13290,0.08086113
13291,0.25575826
13292,0.033824537
13293,0.043874875
13294,0.05028008
13295,0.020955166
13296,0.019877242
13297,0.056119353
13298,0.0540373
13299,0.24899523
13300,0.7627726
13301,0.2706339
13302,0.272849
13303,0.14105314
13304,0.1895036
13305,0.16237815
13306,0.5116181
13307,0.08726604
13308,0.042769436
13309,0.052725665
13310,0.029621284
13311,0.14637034
13312,0.16180131
13313,0.21481206
13314,0.2657278
13315,0.25428164
13316,0.26174265
13317,0.964967
13318,0.23673779
13319,0.02189319
13320,0.23697011
13321,0.25022802
13322,0.022660641
13323,0.05866437
13324,0.15262125
13325,0.0785326
13326,0.046282824
13327,0.05032779
13328,0.06630932
13329,0.23377813
13330,0.41626942
13331,0.26703504
13332,0.5508692
13333,0.2965873
13334,0.17549728
13335,0.24652374
13336,0.26344424
13337,0.02242949
13338,0.023674784
13339,0.15878804
13340,0.18176539
13341,0.05200924
13342,0.45890924
13343,0.24769855
13344,0.064553745
13345,0.5774142
13346,0.38281396
13347,0.0839499
13348,0.12183332
13349,0.08992826
13350,0.04885376
13351,0.016285766
13352,0.009807648
13353,0.017419565
13354,0.028954865
13355,0.0729451
13356,0.11790816
13357,0.11467652
13358,0.15386675
13359,0.42898473
13360,0.78701234
13361,0.45004725
13362,0.38916
13363,0.5940146
13364,0.10686072
13365,0.05831368
13366,0.0748012
13367,0.13650909
13368,0.18827215
13369,0.07859502
13370,0.0159071
13371,0.07501708
13372,0.15160224
13373,0.002580664
13374,0.04676799
13375,0.111363545
13376,0.024745774
13377,0.043184284
13378,0.019790411
13379,0.02768947
13380,0.0030665777
13381,0.013902934
13382,0.034665696
13383,0.10098455
13384,0.0710242
13385,0.10858995
13386,0.2418923
13387,0.27873433
13388,0.39832455
13389,0.87888867
13390,0.6976934
13391,0.39195958
13392,0.111447364
13393,0.04867745
13394,0.022226287
13395,0.051246952
13396,0.12169403
13397,0.022113215
13398,0.031877056
13399,0.7676534
13400,0.056458507
13401,0.022906445
13402,0.074477576
13403,0.052977767
13404,0.23704344
13405,0.040285934
13406,0.061246775
13407,0.045476846
13408,0.013724755
13409,0.016217437
13410,0.036383733
13411,0.105115965
13412,0.1323692
13413,0.5413464
13414,0.37374428
13415,0.17572935
13416,0.8359902
13417,0.4046337
13418,0.45681792
13419,0.2497826
13420,0.03916894
13421,0.030932628
13422,0.038356528
13423,0.058460683
13424,0.053186085
13425,0.034822393
13426,0.07188633
13427,0.43940938
13428,0.24884142
13429,0.3919488
13430,0.036113933
13431,0.11109115
13432,0.12781794
13433,0.13479336
13434,0.17698634
13435,0.045967013
13436,0.029508624
13437,0.012810037
13438,0.0542763
13439,0.15233617
13440,0.7013777
13441,0.37485838
13442,0.52785194
13443,0.37263894
13444,0.28179768
13445,0.2456589
13446,0.09221888
13447,0.033529807
13448,0.014939231
13449,0.052702002
13450,0.033312622
13451,0.11982347
13452,0.12059572
13453,0.08992282
13454,0.27950913
13455,0.024708895
13456,0.077632405
13457,0.0073742415
13458,0.2614601
13459,0.046012647
13460,0.013759257
13461,0.12914886
13462,0.23499662
13463,0.04796047
13464,0.0063026343
13465,0.13884845
13466,0.191999
13467,0.09340117
13468,0.1126105
13469,0.026115049
13470,0.0890003
13471,0.08325416
13472,0.04481056
13473,0.13383651
13474,0.12660433
13475,0.051477946
13476,0.011365174
13477,0.35804892
13478,0.008470647
13479,0.011099187
13480,0.090842344
13481,0.042287808
13482,0.042780437
13483,0.1439681
13484,0.047159757
13485,0.06670001
13486,0.011242976
13487,0.06935719
13488,0.18705961
13489,0.37925497
13490,0.4194535
13491,0.076534756
13492,0.009066905
13493,0.023782928
13494,0.030807847
13495,0.07683881
13496,0.07895771
13497,0.13491665
13498,0.017072072
13499,0.029648492
13500,0.01660321
13501,0.03177569
13502,0.014315264
13503,0.009685891
13504,0.09559472
13505,0.113544844
13506,0.42287076
13507,0.017268281
13508,0.023374725
13509,0.06395855
13510,0.082215525
13511,0.1205533
13512,0.3589795
13513,0.08778472
13514,0.009690723
13515,0.12230458
13516,0.041367643
13517,0.08654672
13518,0.13205881
13519,0.05515959
13520,0.01430385
13521,0.0151595725
13522,0.009879179
13523,0.17472221
13524,0.021788293
13525,0.020993363
13526,0.031248184
13527,0.14892904
13528,0.07933345
13529,0.056244638
13530,0.020033062
13531,0.034764826
13532,0.07937154
13533,0.36918172
13534,0.02916734
13535,0.018256715
13536,0.036621008
13537,0.05388304
13538,0.072906986
13539,0.15257044
13540,0.07442877
13541,0.17589171
13542,0.11019063
13543,0.03273656
13544,0.015852226
13545,0.048119824
13546,0.03948321
13547,0.025698865
13548,0.2514937
13549,0.1112377
13550,0.024935655
13551,0.117900915
13552,0.059001368
13553,0.007830872
13554,0.013724613
13555,0.39682594
13556,0.5720173
13557,0.1092068
13558,0.055583186
13559,0.0047148955
13560,0.07714505
13561,0.04728725
13562,0.03866064
13563,0.22100875
13564,0.07229416
13565,0.086742766
13566,0.8960132
13567,0.012412365
13568,0.079370394
13569,0.017560257
13570,0.07866475
13571,0.07390885
13572,0.014952588
13573,0.040854704
13574,0.1278489
13575,0.41955897
13576,0.06444262
13577,0.22491655
13578,0.027383918
13579,0.020024834
13580,0.029546171
13581,0.027386276
13582,0.10836507
13583,0.03452543
13584,0.023583123
13585,0.062338937
13586,0.058303557
13587,0.02622016
13588,0.0156122465
13589,0.048016265
13590,0.015307076
13591,0.120680004
13592,0.045110114
13593,0.017389521
13594,0.039884776
13595,0.0815571
13596,0.103820585
13597,0.01926456
13598,0.0606944
13599,0.5841407
13600,0.08217464
13601,0.23891184
13602,0.036620762
13603,0.058113612
13604,0.06301129
13605,0.42562005
13606,0.02773649
13607,0.006850027
13608,0.0
13609,0.014327709
13610,0.054291744
13611,0.09824495
13612,0.024168354
13613,0.11554305
13614,0.05033334
13615,0.030457338
13616,0.045432124
13617,0.33599687
13618,0.023768423
13619,0.022841819
13620,0.005517818
13621,0.018023962
13622,0.06016358
13623,0.04350053
13624,0.12243981
13625,0.089665495
13626,0.013652157
13627,0.01681757
13628,0.015115411
13629,0.07689471
13630,0.14660013
13631,0.09347456
13632,0.09326557
13633,0.070092365
13634,0.028345669
13635,0.047812372
13636,0.010372601
13637,0.17558685
13638,0.24535164
13639,0.10849569
13640,0.038801514
13641,0.016195523
13642,0.019365374
13643,0.02568681
13644,0.016580984
13645,0.020788033
13646,0.008555813
13647,0.01706231
13648,0.017674938
13649,0.024890589
13650,0.062104087
13651,0.055492166
13652,0.12558322
13653,0.015482245
13654,0.22976346
13655,0.01233917
13656,0.2584629
13657,0.008880292
13658,0.026269779
13659,0.029231383
13660,0.017425235
13661,0.013657358
13662,0.025479713
13663,0.024191968
13664,0.017325655
13665,0.032951027
13666,0.0143845305
13667,0.0075679366
13668,0.07271147
13669,0.024075877
13670,0.03217498
13671,0.05825728
13672,0.013603516
13673,0.017060868
13674,0.016939314
13675,0.119822115
13676,0.030901417
13677,0.053284857
13678,0.005981263
13679,0.0049375617
13680,0.013425567
13681,0.0069217146
13682,0.030652527
13683,0.01884878
13684,0.086170636
13685,0.014344822
13686,0.1636951
13687,0.048430253
13688,0.07218508
13689,0.062543094
13690,0.014774
13691,0.08281858
13692,0.03100144
13693,0.01278334
13694,0.069180615
13695,0.016763516
13696,0.08453972
13697,0.12479515
13698,0.017259574
13699,0.02951898
13700,0.025055207
13701,0.023731658
13702,0.010919496
13703,0.014094893
13704,0.0073159304
13705,0.008571063
13706,0.032168075
13707,0.012915227
13708,0.041546673
13709,0.06401697
13710,0.03541344
13711,0.16982451
13712,0.008184784
13713,0.017860288
13714,0.029911153
13715,0.033048503
13716,0.005499607
13717,0.01908487
13718,0.053824473
13719,0.019863367
13720,0.013316234
13721,0.029845381
13722,0.01693107
13723,0.027648786
13724,0.007850728
13725,0.013286748
13726,0.034891967
13727,0.088879086
13728,0.13138728
13729,0.015478169
13730,0.070560865
13731,0.018781535
13732,0.026223354
13733,0.054553468
13734,0.030520368
13735,0.054529555
13736,0.038852602
13737,0.048315294
13738,0.09501837
13739,0.039097063
13740,0.027962927
13741,0.05798703
13742,0.037401427
13743,0.03866408
13744,0.033286523
13745,0.031605266
13746,0.10131449
13747,0.054378875
13748,0.04494831
13749,0.043334395
13750,0.15663986
13751,0.3987924
13752,0.020001424
13753,0.014669711
13754,0.29060403
13755,0.035161726
13756,0.18462567
13757,0.0594716
13758,0.1327582
13759,0.009991013
13760,0.0134300385
13761,0.13358937
13762,0.031303782
13763,0.6807358
13764,0.107933916
13765,0.053152144
13766,0.26329494
13767,0.03632642
13768,0.02632658
13769,0.020906366
13770,0.050932154
13771,0.045438264
13772,0.015113408
13773,0.01739329
13774,0.032692537
13775,0.096540205
13776,0.118860394
13777,0.49735063
13778,0.47957057
13779,0.051800333
13780,0.12794314
13781,0.25030106
13782,0.024263432
13783,0.04488867
13784,0.040944874
13785,0.058232673
13786,0.074340716
13787,0.42736354
13788,0.108865276
13789,0.45200643
13790,0.4924008
13791,0.013467233
13792,0.43787387
13793,0.060974065
13794,0.2635417
13795,0.043515664
13796,0.05018532
13797,0.037529588
13798,0.030987933
13799,0.034716044
13800,0.10152209
13801,0.10585888
13802,0.06368083
13803,0.040705834
13804,0.054345865
13805,0.32240444
13806,0.050171565
13807,0.035116293
13808,0.05544635
13809,0.051561117
13810,0.059376273
13811,0.029806107
13812,0.03782063
13813,0.03765
13814,0.106932834
13815,0.032205306
13816,0.050820433
13817,0.14980438
13818,0.2697355
13819,0.012515452
13820,0.0471086
13821,0.026802039
13822,0.45430052
13823,0.11359598
13824,0.05750885
13825,0.28711346
13826,0.3022272
13827,0.07805032
13828,0.044777602
13829,0.02398521
13830,0.01730162
13831,0.0023523192
13832,0.032015935
13833,0.0050825146
13834,0.10539278
13835,0.069967486
13836,0.05732047
13837,0.085795626
13838,0.15789606
13839,0.4250268
13840,0.024843957
13841,0.029459313
13842,0.05067945
13843,0.009963954
13844,0.005352179
13845,0.028640268
13846,0.021779172
13847,0.034613233
13848,0.38082817
13849,0.016982684
13850,0.039328188
13851,0.04949545
13852,0.13639897
13853,0.40340233
13854,0.014567525
13855,0.045419604
13856,0.049894936
13857,0.02831072
13858,0.04751298
13859,0.05376676
13860,0.013005106
13861,0.016694611
13862,0.020488277
13863,0.10572704
13864,0.15584767
13865,0.077190526
13866,0.05397039
13867,0.0539194
13868,0.005745157
13869,0.030025024
13870,0.03398181
13871,0.03556739
13872,0.04019183
13873,0.0916052
13874,0.056400113
13875,0.24202037
13876,0.009417934
13877,0.063740194
13878,0.032365385
13879,0.028721616
13880,0.017336957
13881,0.02534919
13882,0.046513513
13883,0.078208104
13884,0.030723512
13885,0.072179854
13886,0.2855273
13887,0.26982898
13888,0.0469496
13889,0.047325965
13890,0.03293408
13891,0.10034096
13892,0.052741718
13893,0.012221581
13894,0.057823163
13895,0.020321192
13896,0.14439441
13897,0.032902308
13898,0.020299906
13899,0.031871893
13900,0.014004991
13901,0.07102417
13902,0.084564835
13903,0.27452895
13904,0.2532074
13905,0.26256055
13906,0.070833184
13907,0.050132304
13908,0.020299768
13909,0.064343445
13910,0.05539075
13911,0.012949712
13912,0.09876829
13913,0.05089028
13914,0.6523864
13915,0.11838173
13916,0.10512315
13917,0.049235027
13918,0.047847763
13919,0.018411102
13920,0.012110846
13921,0.006008306
13922,0.06319933
13923,0.018587664
13924,0.0176908
13925,0.019935422
13926,0.07743402
13927,0.048949208
13928,0.08123933
13929,0.06679198
13930,0.1257304
13931,0.23691668
13932,0.3351582
13933,0.08563646
13934,0.03129837
13935,0.09450244
13936,0.019561587
13937,0.05602564
13938,0.013340269
13939,0.02981855
13940,0.07664453
13941,0.06669852
13942,0.12678653
13943,0.041362982
13944,0.1043309
13945,0.037435062
13946,0.056496944
13947,0.031694848
13948,0.01582223
13949,0.016889215
13950,0.12504221
13951,0.030769462
13952,0.05491373
13953,0.025376
13954,0.007674933
13955,0.020705493
13956,0.049293026
13957,0.060899325
13958,0.07725187
13959,0.1446073
13960,0.12071863
13961,0.26349777
13962,0.23642685
13963,0.14308587
13964,0.016181938
13965,0.087886184
13966,0.062925495
13967,0.010394699
13968,0.048778094
13969,0.1028921
13970,0.031686496
13971,0.015549969
13972,0.059900966
13973,0.03901212
13974,0.052440066
13975,0.06949974
13976,0.02796083
13977,0.060099356
13978,0.020111585
13979,0.024134638
13980,0.009861878
13981,0.0824587
13982,0.019304821
13983,0.047421623
13984,0.07937712
13985,0.06183601
13986,0.15358122
13987,0.33419323
13988,0.122278355
13989,0.13299811
13990,0.08155263
13991,0.09844117
13992,0.09341583
13993,0.095651895
13994,0.06538219
13995,0.0115777105
13996,0.013694897
13997,0.2620204
13998,0.067268096
13999,0.083887964
14000,0.05869758
14001,0.06668337
14002,0.014100052
14003,0.023218919
14004,0.054632854
14005,0.17358911
14006,0.065467104
14007,0.04683338
14008,0.13112608
14009,0.6056273
14010,0.11057382
14011,0.018997436
14012,0.23805158
14013,0.08079756
14014,0.245665
14015,0.19602314
14016,0.08862926
14017,0.05171436
14018,0.10096117
14019,0.13876036
14020,0.04220705
14021,0.17127635
14022,0.081442714
14023,0.0624617
14024,0.01608992
14025,0.019413445
14026,0.052933697
14027,0.072713986
14028,0.017667577
14029,0.13691579
14030,0.13622107
14031,0.15555109
14032,0.10062456
14033,0.048840813
14034,0.12767996
14035,0.24304529
14036,0.25070637
14037,0.078968324
14038,0.010468212
14039,0.06203241
14040,0.02372228
14041,0.012423614
14042,0.08269357
14043,0.52564573
14044,0.03273155
14045,0.06355986
14046,0.3918316
14047,0.23841135
14048,0.0051229894
14049,0.018553425
14050,0.047059093
14051,0.0594426
14052,0.26679605
14053,0.26142225
14054,0.10311191
14055,0.1029586
14056,0.1436949
14057,0.15274079
14058,0.16467099
14059,0.19597103
14060,0.3917773
14061,0.0874075
14062,0.057031855
14063,0.084100924
14064,0.054705925
14065,0.2870225
14066,0.8833749
14067,0.0
14068,0.048106104
14069,0.4069851
14070,0.013596132
14071,0.048454914
14072,0.2620193
14073,0.05142636
14074,0.08409186
14075,0.021738615
14076,0.05286898
14077,0.43023932
14078,0.062076405
14079,0.09719005
14080,0.26710904
14081,0.23424825
14082,0.26730227
14083,0.3752304
14084,0.39367354
14085,0.030919777
14086,0.44957438
14087,0.24285653
14088,0.24210763
14089,0.799425
14090,0.43845582
14091,0.41270494
14092,0.025222074
14093,0.2233128
14094,0.04335962
14095,0.02244034
14096,0.010774882
14097,0.0621537
14098,0.010371042
14099,0.00942568
14100,0.031414013
14101,0.06983543
14102,0.118590236
14103,0.109053165
14104,0.1312223
14105,0.101321675
14106,0.26835597
14107,0.13109536
14108,0.0304406
14109,0.11400844
14110,0.2616168
14111,0.022038117
14112,0.05812703
14113,0.9308184
14114,0.87843776
14115,0.51324224
14116,0.008787907
14117,0.027815951
14118,0.010277398
14119,0.038305085
14120,0.38441187
14121,0.063574806
14122,0.047713187
14123,0.009310107
14124,0.06787837
14125,0.076100305
14126,0.06938284
14127,0.009873381
14128,0.39653406
14129,0.02456666
14130,0.044301514
14131,0.14055113
14132,0.13009663
14133,0.08245568
14134,0.056957822
14135,0.23323844
14136,0.20869373
14137,0.024813516
14138,0.11314426
14139,0.10712924
14140,0.09550623
14141,0.92843515
14142,0.84287786
14143,0.5512558
14144,0.010384587
14145,0.07300009
14146,0.018108742
14147,0.0067807874
14148,0.39603856
14149,0.089870594
14150,0.25111145
14151,0.04408911
14152,0.06910708
14153,0.021227155
14154,0.09787095
14155,0.11439132
14156,0.1520425
14157,0.14252064
14158,0.5611953
14159,0.4824544
14160,0.2548929
14161,0.17233773
14162,0.11910664
14163,0.07584062
14164,0.122955404
14165,0.05591399
14166,0.040386047
14167,0.023457259
14168,0.124656074
14169,0.120925635
14170,0.053405754
14171,0.09923177
14172,0.023408402
14173,0.9400634
14174,0.9627759
14175,0.94237894
14176,0.115474604
14177,0.048727345
14178,0.1301066
14179,0.39144123
14180,0.02721992
14181,0.01930415
14182,0.022330744
14183,0.04925461
14184,0.12267486
14185,0.06916719
14186,0.43579698
14187,0.81625277
14188,0.10022713
14189,0.13117898
14190,0.12453033
14191,0.17455035
14192,0.08783194
14193,0.43535003
14194,0.12509347
14195,0.042659357
14196,0.090555735
14197,0.10990477
14198,0.09369691
14199,0.0370082
14200,0.019245913
14201,0.4533356
14202,0.269318
14203,0.16888125
14204,0.07787624
14205,0.11352261
14206,0.07659762
14207,0.25667515
14208,0.03233153
14209,0.04177311
14210,0.04854995
14211,0.020874921
14212,0.021906681
14213,0.057706974
14214,0.059366945
14215,0.4165511
14216,0.76614755
14217,0.2775375
14218,0.26812404
14219,0.12565051
14220,0.18371841
14221,0.24675474
14222,0.44497314
14223,0.088048816
14224,0.030168846
14225,0.038860302
14226,0.024568047
14227,0.23851576
14228,0.24035555
14229,0.10239502
14230,0.45141017
14231,0.26080626
14232,0.23584296
14233,1.0
14234,0.23470114
14235,0.01666995
14236,0.24134134
14237,0.22730501
14238,0.020611957
14239,0.054978434
14240,0.27304643
14241,0.0030783948
14242,0.072469726
14243,0.052183095
14244,0.05031611
14245,0.062470395
14246,0.15330003
14247,0.4209727
14248,0.26702854
14249,0.5576517
14250,0.4307167
14251,0.16688359
14252,0.24958754
14253,0.26033208
14254,0.025496826
14255,0.15705284
14256,0.06644013
14257,0.056332666
14258,0.42543912
14259,0.25048313
14260,0.06350303
14261,0.52118134
14262,0.42874718
14263,0.005748489
14264,0.07446713
14265,0.12600052
14266,0.08261665
14267,0.049695216
14268,0.0074321656
14269,0.018355835
14270,0.03248867
14271,0.073760584
14272,0.11377634
14273,0.11483009
14274,0.14543326
14275,0.4148058
14276,0.7633531
14277,0.41034988
14278,0.2988092
14279,0.6129248
14280,0.11742464
14281,0.016285399
14282,0.05873851
14283,0.068659306
14284,0.1293293
14285,0.18573803
14286,0.07434436
14287,0.03003842
14288,0.076734856
14289,0.1476583
14290,0.050447047
14291,0.11069749
14292,0.022169558
14293,0.040533442
14294,0.006345499
14295,0.009450652
14296,0.034373
14297,0.094935134
14298,0.07474164
14299,0.11447822
14300,0.25171277
14301,0.1923585
14302,0.37182152
14303,0.90411323
14304,0.6834567
14305,0.39669722
14306,0.10999551
14307,0.017779335
14308,0.050030876
14309,0.11271495
14310,0.018565085
14311,0.03429918
14312,0.83333707
14313,0.05803136
14314,0.025499273
14315,0.07466363
14316,0.044078898
14317,0.09217312
14318,0.04419223
14319,0.06257692
14320,0.019202124
14321,0.043483753
14322,0.012260031
14323,0.013708158
14324,0.034262177
14325,0.109796666
14326,0.13088648
14327,0.47889486
14328,0.37408736
14329,0.16001
14330,0.93815607
14331,0.3972607
14332,0.46452314
14333,0.2449261
14334,0.04132052
14335,0.029180868
14336,0.035051472
14337,0.046736605
14338,0.053613685
14339,0.07782145
14340,0.45695236
14341,0.097502775
14342,0.4135713
14343,0.030769473
14344,0.08878612
14345,0.12636545
14346,0.12649965
14347,0.22996937
14348,0.044182424
14349,0.028832676
14350,0.007969552
14351,0.055632893
14352,0.15397085
14353,0.7760702
14354,0.40013534
14355,0.46562907
14356,0.37392533
14357,0.36775485
14358,0.1647274
14359,0.09255888
14360,0.036193877
14361,0.028025143
14362,0.052229363
14363,0.03964229
14364,0.12954773
14365,0.11689308
14366,0.083117194
14367,0.27210057
14368,0.026261594
14369,0.07769694
14370,0.0067439247
14371,0.23306035
14372,0.04480042
14373,0.0110431705
14374,0.0120737385
14375,0.13127714
14376,0.24411455
14377,0.05294798
14378,0.3835579
14379,0.26076758
14380,0.0869897
14381,0.100091375
14382,0.02650542
14383,0.09483689
14384,0.0855546
14385,0.046570662
14386,0.12959757
14387,0.12277918
14388,0.045068398
14389,0.00680259
14390,0.22145657
14391,0.016994331
14392,0.09624643
14393,0.04729147
14394,0.1474251
14395,0.05026792
14396,0.066096045
14397,0.010723131
14398,0.077073306
14399,0.1938244
14400,0.36236224
14401,0.40069616
14402,0.07114928
14403,0.021626642
14404,0.03676565
14405,0.07122696
14406,0.07146011
14407,0.11758621
14408,0.013258715
14409,0.0263581
14410,0.016942922
14411,0.030758584
14412,0.012313625
14413,0.026897915
14414,0.094406806
14415,0.112010576
14416,0.37018597
14417,0.017400976
14418,0.020523487
14419,0.0663758
14420,0.07714628
14421,0.113889985
14422,0.35424238
14423,0.08640983
14424,0.008637741
14425,0.19479008
14426,0.039618738
14427,0.07976025
14428,0.10464597
14429,0.047393512
14430,0.018624235
14431,0.27037665
14432,0.019493798
14433,0.041350316
14434,0.15992686
14435,0.08808155
14436,0.058530003
14437,0.020929962
14438,0.03403185
14439,0.08442421
14440,0.35208154
14441,0.021759737
14442,0.013213043
14443,0.04917828
14444,0.070113406
14445,0.23640317
14446,0.075341545
14447,0.17040086
14448,0.110008314
14449,0.03546536
14450,0.012833464
14451,0.04104066
14452,0.038073067
14453,0.026801137
14454,0.23811053
14455,0.026741218
14456,0.12769833
14457,0.12273492
14458,0.062235598
14459,0.0064446107
14460,0.010058425
14461,0.36971122
14462,0.56581634
14463,0.24009943
14464,0.060902487
14465,0.009588501
14466,0.07185161
14467,0.042215962
14468,0.03341662
14469,0.080201864
14470,0.0825192
14471,0.08404043
14472,0.8262743
14473,0.059347905
14474,0.08075036
14475,0.07080425
14476,0.041473515
14477,0.13419855
14478,0.3155226
14479,0.061998308
14480,0.14122778
14481,0.027711816
14482,0.022822203
14483,0.040294986
14484,0.024861397
14485,0.101448506
14486,0.032323346
14487,0.023896148
14488,0.00444592
14489,0.056566264
14490,0.051456597
14491,0.02504255
14492,0.045712892
14493,0.018306574
14494,0.11447443
14495,0.043487065
14496,0.02442276
14497,0.04478844
14498,0.08301475
14499,0.0938757
14500,0.017915634
14501,0.021436205
14502,0.057001486
14503,0.67425954
14504,0.069903694
14505,0.10992047
14506,0.043559033
14507,0.04102279
14508,0.051559303
14509,0.063366026
14510,0.015815878
14511,0.019421017
14512,0.29608878
14513,0.029820535
14514,0.01387055
14515,0.055731867
14516,0.22002932
14517,0.023600422
14518,0.015128283
14519,0.107561216
14520,0.048463643
14521,0.021754842
14522,0.043648962
14523,0.3871993
14524,0.03260358
14525,0.01783327
14526,0.0058152787
14527,0.053897943
14528,0.040421303
14529,0.113418
14530,0.08076735
14531,0.012773265
14532,0.013362619
14533,0.07137957
14534,0.14052609
14535,0.08711223
14536,0.07658488
14537,0.07945599
14538,0.02604985
14539,0.047155015
14540,0.073170856
14541,0.252002
14542,0.12050355
14543,0.038434643
14544,0.020058222
14545,0.014071937
14546,0.019600566
14547,0.013680641
14548,0.02245769
14549,0.008366837
14550,0.0073760897
14551,0.015492128
14552,0.023575136
14553,0.059273433
14554,0.053334475
14555,0.11959077
14556,0.0054585966
14557,0.13760869
14558,0.012393609
14559,0.16242458
14560,0.0038563563
14561,0.01305487
14562,0.030063033
14563,0.016118838
14564,0.00919374
14565,0.030659726
14566,0.018271785
14567,0.0077219927
14568,0.020725787
14569,0.015378694
14570,0.015154937
14571,0.013863992
14572,0.06790094
14573,0.007299994
14574,0.026371483
14575,0.0423001
14576,0.05152325
14577,0.020377327
14578,0.008410328
14579,0.1052999
14580,0.030553998
14581,0.051658437
14582,0.011413623
14583,0.026651504
14584,0.011943372
14585,0.015014021
14586,0.10078816
14587,0.011334934
14588,0.17263187
14589,0.053824905
14590,0.052203137
14591,0.05462607
14592,0.077289455
14593,0.026893806
14594,0.007466419
14595,0.07177026
14596,0.014973678
14597,0.07830863
14598,0.0068307547
14599,0.12570457
14600,0.023321593
14601,0.02562142
14602,0.0324139
14603,0.013980907
14604,0.019314842
14605,0.013945362
14606,0.011518619
14607,0.01342225
14608,0.031267118
14609,0.008646737
14610,0.010236767
14611,0.039221395
14612,0.07156905
14613,0.032243554
14614,0.16832218
14615,0.0038210782
14616,0.013066781
14617,0.027051374
14618,0.028490078
14619,0.0052577197
14620,0.016475849
14621,0.05907717
14622,0.021966068
14623,0.015973475
14624,0.031790987
14625,0.01921801
14626,0.029440196
14627,0.009452016
14628,0.031513236
14629,0.09350546
14630,0.14261183
14631,0.077121444
14632,0.024538701
14633,0.020822851
14634,0.055478174
14635,0.04046636
14636,0.027873367
14637,0.057339616
14638,0.043421846
14639,0.046918783
14640,0.03781141
14641,0.2470143
14642,0.045981087
14643,0.04582971
14644,0.04192263
14645,0.08507884
14646,0.041929424
14647,0.059046637
14648,0.035112936
14649,0.28031975
14650,0.39342564
14651,0.022359645
14652,0.03229385
14653,0.2794122
14654,0.028104583
14655,0.17207637
14656,0.23142381
14657,0.14554572
14658,0.056666497
14659,0.013179975
14660,0.0019616291
14661,0.043274958
14662,0.106366366
14663,0.6606047
14664,0.26138347
14665,0.045581996
14666,0.37293643
14667,0.032089334
14668,0.0046874895
14669,0.03547409
14670,0.02395952
14671,0.054236565
14672,0.0401602
14673,0.018590637
14674,0.031229306
14675,0.088372834
14676,0.13324454
14677,0.44432333
14678,0.48016676
14679,0.07932526
14680,0.27581444
14681,0.14497136
14682,0.022051623
14683,0.05547135
14684,0.054377355
14685,0.056942366
14686,0.060613144
14687,0.4246421
14688,0.14423156
14689,0.15881309
14690,0.4976715
14691,0.09768593
14692,0.009269587
14693,0.46605033
14694,0.058628865
14695,0.28873816
14696,0.04862519
14697,0.03833336
14698,0.032465745
14699,0.03603266
14700,0.08798583
14701,0.110927194
14702,0.07154663
14703,0.048338883
14704,0.2948145
14705,0.05153679
14706,0.009415118
14707,0.03505204
14708,0.0592384
14709,0.054615054
14710,0.07272598
14711,0.03238421
14712,0.04293217
14713,0.045972407
14714,0.095160134
14715,0.033168115
14716,0.1478581
14717,0.25962555
14718,0.013107961
14719,0.045955747
14720,0.03022451
14721,0.012629461
14722,0.47379574
14723,0.11220307
14724,0.0694914
14725,0.4330636
14726,0.30296057
14727,0.08311825
14728,0.054083113
14729,0.02503166
14730,0.0048018447
14731,0.032691367
14732,0.008606018
14733,0.09518934
14734,0.08664543
14735,0.06920677
14736,0.09554146
14737,0.16502689
14738,0.42091188
14739,0.4078316
14740,0.05396234
14741,0.010497833
14742,0.02853075
14743,0.024328124
14744,0.041384008
14745,0.37073913
14746,0.01593477
14747,0.042061526
14748,0.058258556
14749,0.0620202
14750,0.13262136
14751,0.39843592
14752,0.046096638
14753,0.054754555
14754,0.022440523
14755,0.029046759
14756,0.046750154
14757,0.06442763
14758,0.014348244
14759,0.01652164
14760,0.027689751
14761,0.12991054
14762,0.1555394
14763,0.084871165
14764,0.070727535
14765,0.0562335
14766,0.0045450204
14767,0.0318958
14768,0.037786562
14769,0.035014
14770,0.040884744
14771,0.08524749
14772,0.05532246
14773,0.2550435
14774,0.023483843
14775,0.06437913
14776,0.03158083
14777,0.022030577
14778,0.014486441
14779,0.023001168
14780,0.048862845
14781,0.021912223
14782,0.026662918
14783,0.07364253
14784,0.29936597
14785,0.25865272
14786,0.053766537
14787,0.043787543
14788,0.033807654
14789,0.09411724
14790,0.0538074
14791,0.013468298
14792,0.058644924
14793,0.010147867
14794,0.026109826
14795,0.15410082
14796,0.036544528
14797,0.03128204
14798,0.03699479
14799,0.0036020416
14800,0.07402256
14801,0.081497625
14802,0.27482322
14803,0.15500912
14804,0.2660029
14805,0.074157454
14806,0.0595812
14807,0.015298058
14808,0.057223056
14809,0.049729127
14810,0.0029655679
14811,0.011786212
14812,0.09769892
14813,0.047734246
14814,0.59873855
14815,0.12495753
14816,0.028375575
14817,0.1225849
14818,0.046913333
14819,0.043625798
14820,0.011884036
14821,0.06635119
14822,0.002909724
14823,0.017665032
14824,0.02392997
14825,0.07689843
14826,0.049576957
14827,0.08671508
14828,0.07843081
14829,0.13622265
14830,0.2426042
14831,0.45296887
14832,0.08972335
14833,0.028419223
14834,0.0922177
14835,0.008090088
14836,0.052798465
14837,0.011693353
14838,0.029286278
14839,0.08357936
14840,0.06611124
14841,0.14516477
14842,0.049900226
14843,0.10748537
14844,0.039850213
14845,0.05757658
14846,0.034406625
14847,0.1083026
14848,0.030827232
14849,0.05426822
14850,0.029151497
14851,0.010058232
14852,0.00796073
14853,0.025452254
14854,0.04848563
14855,0.062830366
14856,0.084728144
14857,0.2504058
14858,0.13472292
14859,0.26071152
14860,0.14546736
14861,0.13824071
14862,0.021433836
14863,0.09920031
14864,0.013242086
14865,0.07089013
14866,0.04745651
14867,0.098774254
14868,0.037394874
14869,0.022855008
14870,0.043002795
14871,0.0466838
14872,0.05049273
14873,0.07341502
14874,0.03003184
14875,0.056501906
14876,0.021505384
14877,0.010460554
14878,0.08039249
14879,0.020330243
14880,0.047145575
14881,0.08495327
14882,0.07068125
14883,0.25688553
14884,0.32818237
14885,0.12653649
14886,0.12890154
14887,0.08403033
14888,0.10567003
14889,0.09174712
14890,0.093490995
14891,0.06372568
14892,0.023039361
14893,0.34854138
14894,0.07724884
14895,0.08477718
14896,0.070605755
14897,0.02274798
14898,0.011758057
14899,0.017867496
14900,0.045568023
14901,0.16858993
14902,0.06736913
14903,0.053963277
14904,0.13863842
14905,0.6091213
14906,0.11661698
14907,0.022148183
14908,0.2573888
14909,0.07568036
14910,0.2606027
14911,0.19275858
14912,0.08533855
14913,0.055106048
14914,0.1015796
14915,0.23974761
14916,0.038690645
14917,0.1513611
14918,0.07909092
14919,0.05966334
14920,0.014912027
14921,0.018742053
14922,0.052179728
14923,0.08090613
14924,0.023262976
14925,0.12683465
14926,0.14439169
14927,0.15520257
14928,0.10512003
14929,0.050608702
14930,0.13931495
14931,0.18921112
14932,0.24823846
14933,0.07304037
14934,0.059490215
14935,0.021915305
14936,0.008718442
14937,0.079164386
14938,0.46853644
14939,0.040203977
14940,0.06952168
14941,0.38285136
14942,0.24640408
14943,0.010776729
14944,0.017365588
14945,0.009396629
14946,0.047125936
14947,0.061957847
14948,0.2673974
14949,0.25907475
14950,0.11359476
14951,0.10218514
14952,0.22832948
14953,0.16855513
14954,0.15084836
14955,0.19107282
14956,0.38178492
14957,0.108057044
14958,0.05701259
14959,0.09020926
14960,0.05839424
14961,0.27752537
14962,0.9431856
14963,0.0028539198
14964,0.060055956
14965,0.3814319
14966,0.010488545
14967,0.048260152
14968,0.26004463
14969,0.012368523
14970,0.017257135
14971,0.056319967
14972,0.08225591
14973,0.024926791
14974,0.06390131
14975,0.49381146
14976,0.061549883
14977,0.10719102
14978,0.25916323
14979,0.14933194
14980,0.26394847
14981,0.3672388
14982,0.37808573
14983,0.03296517
14984,0.26879275
14985,0.11479451
14986,0.12728055
14987,0.8407879
14988,0.28955227
14989,0.29684967
14990,0.030553306
14991,0.22775623
14992,0.061542206
14993,0.015190276
14994,0.01612992
14995,0.06225571
14996,0.012220671
14997,0.014586255
14998,0.040306106
14999,0.07178837
15000,0.1275529
15001,0.11683979
15002,0.1373991
15003,0.10327253
15004,0.25076357
15005,0.12240401
15006,0.032599363
15007,0.10838325
15008,0.26000345
15009,0.023910072
15010,0.061879512
15011,0.99860907
15012,0.9281167
15013,0.5055018
15014,0.028839719
15015,0.012666948
15016,0.048925836
15017,0.46315297
15018,0.07183543
15019,0.05463014
15020,0.002890704
15021,0.01053743
15022,0.06753293
15023,0.080465876
15024,0.07489724
15025,0.012802661
15026,0.43215075
15027,0.026556004
15028,0.048752926
15029,0.1415665
15030,0.13254209
15031,0.08325486
15032,0.06152504
15033,0.24261497
15034,0.22225906
15035,0.030070288
15036,0.22384378
15037,0.092800885
15038,0.10613254
15039,0.9589293
15040,0.8138708
15041,0.5597732
15042,0.013600639
15043,0.19703442
15044,0.022971561
15045,0.007896125
15046,0.26024148
15047,0.091569565
15048,0.38302636
15049,0.04575931
15050,0.068295754
15051,0.022055423
15052,0.10211457
15053,0.12849951
15054,0.1530317
15055,0.14362279
15056,0.5400099
15057,0.4538451
15058,0.24680501
15059,0.17174384
15060,0.11265147
15061,0.08390733
15062,0.13518003
15063,0.053319693
15064,0.039964955
15065,0.026635
15066,0.12938188
15067,0.12651941
15068,0.06173589
15069,0.09364635
15070,0.028506996
15071,0.9196303
15072,0.9918692
15073,0.98028386
15074,0.11638772
15075,0.048079666
15076,0.2301478
15077,0.40669522
15078,0.024606895
15079,0.019629063
15080,0.021463828
15081,0.057581317
15082,0.122263856
15083,0.0626747
15084,0.40570125
15085,0.90775585
15086,0.10620916
15087,0.14310196
15088,0.12634362
15089,0.26024067
15090,0.087997295
15091,0.40816012
15092,0.25504526
15093,0.044334907
15094,0.08607036
15095,0.10528045
15096,0.10498932
15097,0.043610867
15098,0.016870588
15099,0.27142876
15100,0.27304032
15101,0.16898167
15102,0.074665345
15103,0.029097669
15104,0.12008905
15105,0.078362174
15106,0.2664562
15107,0.03247129
15108,0.038082674
15109,0.052601423
15110,0.023529785
15111,0.029734673
15112,0.0595851
15113,0.057010245
15114,0.45771763
15115,0.8037816
15116,0.3771754
15117,0.20024438
15118,0.1319691
15119,0.1870542
15120,0.23848815
15121,0.43874925
15122,0.08317066
15123,0.036201548
15124,0.024630897
15125,0.1262992
15126,0.24523461
15127,0.115748085
15128,0.2777001
15129,0.26060155
15130,0.25537816
15131,0.97217274
15132,0.12990163
15133,0.017852264
15134,0.23288377
15135,0.24073982
15136,0.05040484
15137,0.41696236
15138,0.07735267
15139,0.04734564
15140,0.050442267
15141,0.0625031
15142,0.15036048
15143,0.4266192
15144,0.26920944
15145,0.49477607
15146,0.2925569
15147,0.1765169
15148,0.24941704
15149,0.2743177
15150,0.010980239
15151,0.15556593
15152,0.078025594
15153,0.056894556
15154,0.4328163
15155,0.2554466
15156,0.07188894
15157,0.56479985
15158,0.37773716
15159,0.009236611
15160,0.07584939
15161,0.12672466
15162,0.078378126
15163,0.051847924
15164,0.015388564
15165,0.008781549
15166,0.03514513
15167,0.075630054
15168,0.11874811
15169,0.11620255
15170,0.15187056
15171,0.3756024
15172,0.7773603
15173,0.40046948
15174,0.4240355
15175,0.5815515
15176,0.110773735
15177,0.02036977
15178,0.058640365
15179,0.06677323
15180,0.1463792
15181,0.17981626
15182,0.08059057
15183,0.023469025
15184,0.08212619
15185,0.25183064
15186,0.047660764
15187,0.11506634
15188,0.02609444
15189,0.018046891
15190,0.048320066
15191,0.020936107
15192,0.02029598
15193,0.0103352135
15194,0.041490298
15195,0.10263981
15196,0.073278345
15197,0.09793418
15198,0.24396612
15199,0.19428183
15200,0.36736777
15201,0.90619093
15202,0.6810702
15203,0.28808013
15204,0.10824389
15205,0.043596126
15206,0.014982774
15207,0.051928475
15208,0.10647967
15209,0.01719346
15210,0.03378338
15211,0.8824077
15212,0.06328743
15213,0.021842206
15214,0.16994573
15215,0.054308336
15216,0.105782606
15217,0.046245113
15218,0.046526168
15219,0.020149898
15220,0.04472113
15221,0.015295497
15222,0.012222876
15223,0.03954703
15224,0.10225827
15225,0.13645828
15226,0.47326046
15227,0.4076463
15228,0.25344184
15229,0.92166704
15230,0.40381184
15231,0.4868168
15232,0.23687422
15233,0.040436108
15234,0.03369763
15235,0.035225272
15236,0.049845897
15237,0.0568109
15238,0.03406876
15239,0.07650478
15240,0.4614788
15241,0.1162198
15242,0.3981294
15243,0.03086956
15244,0.101690084
15245,0.13127878
15246,0.1375552
15247,0.16772579
15248,0.042321812
15249,0.032851607
15250,0.053917803
15251,0.15188114
15252,0.82318014
15253,0.3786875
15254,0.46222037
15255,0.38040853
15256,0.2743369
15257,0.25207144
15258,0.09975046
15259,0.03400658
15260,0.019958176
15261,0.051704653
15262,0.104691856
15263,0.13052961
15264,0.06872719
15265,0.19920136
15266,0.07180568
15267,0.011539088
15268,0.26192424
15269,0.0484747
15270,0.010073994
15271,0.013625429
15272,0.13038836
15273,0.2431343
15274,0.050630867
15275,0.006531636
15276,0.25132248
15277,0.25948846
15278,0.089708194
15279,0.10729869
15280,0.030712018
15281,0.08272966
15282,0.09146
15283,0.04850546
15284,0.117863595
15285,0.11975136
15286,0.047847267
15287,0.010669493
15288,0.22500078
15289,0.015001833
15290,0.09989742
15291,0.04595844
15292,0.16108005
15293,0.04646771
15294,0.06805174
15295,0.072721444
15296,0.18914717
15297,0.36206996
15298,0.43894783
15299,0.08099832
15300,0.017502997
15301,0.024961343
15302,0.02833554
15303,0.06992554
15304,0.01889038
15305,0.06675259
15306,0.14002061
15307,0.018896999
15308,0.029083667
15309,0.015378763
15310,0.02489869
15311,0.01971682
15312,0.01356527
15313,0.09579056
15314,0.11307447
15315,0.38931528
15316,0.020065568
15317,0.022320217
15318,0.067963354
15319,0.083077475
15320,0.10633746
15321,0.36109525
15322,0.08857135
15323,0.008110474
15324,0.0028402556
15325,0.11829443
15326,0.04222426
15327,0.08824775
15328,0.11652178
15329,0.051974576
15330,0.007393779
15331,0.014246231
15332,0.020479608
15333,0.011130725
15334,0.2722208
15335,0.01519473
15336,0.034294482
15337,0.15038691
15338,0.0834462
15339,0.057230636
15340,0.019740999
15341,0.03642414
15342,0.0826436
15343,0.36078122
15344,0.03211176
15345,0.01768282
15346,0.033480432
15347,0.044844247
15348,0.070471324
15349,0.24633008
15350,0.077198215
15351,0.16696137
15352,0.10593665
15353,0.03401315
15354,0.048272725
15355,0.04472768
15356,0.02374983
15357,0.19683355
15358,0.02011923
15359,0.022029877
15360,0.13507755
15361,0.02990142
15362,0.11707129
15363,0.05986907
15364,0.012008312
15365,0.37847394
15366,0.5738321
15367,0.23856895
15368,0.07223258
15369,0.009850624
15370,0.0777691
15371,0.048630796
15372,0.03666256
15373,0.20708163
15374,0.075492054
15375,0.08469943
15376,0.84657115
15377,0.017000137
15378,0.08281366
15379,0.017200816
15380,0.07256741
15381,0.0725257
15382,0.01940283
15383,0.03835399
15384,0.13933901
15385,0.32658404
15386,0.08250977
15387,0.16243027
15388,0.026401224
15389,0.028746333
15390,0.10865869
15391,0.034099318
15392,0.025704129
15393,0.004445023
15394,0.058676966
15395,0.049772877
15396,0.02662258
15397,0.051515985
15398,0.013307038
15399,0.111644
15400,0.047518604
15401,0.01766224
15402,0.029669605
15403,0.08384074
15404,0.09244981
15405,0.018214513
15406,0.021960458
15407,0.053341366
15408,0.71395105
15409,0.07882018
15410,0.09744461
15411,0.049293987
15412,0.041683514
15413,0.057503108
15414,0.06359011
15415,0.015733514
15416,0.020071035
15417,0.3767296
15418,0.02743089
15419,0.0031578932
15420,0.011238517
15421,0.054281764
15422,0.09910077
15423,0.023670621
15424,0.10518963
15425,0.04621876
15426,0.024979753
15427,0.04820857
15428,0.37964424
15429,0.027136168
15430,0.024846718
15431,0.010570921
15432,0.017374296
15433,0.053400215
15434,0.04040921
15435,0.11758128
15436,0.0883745
15437,0.015876308
15438,0.019575818
15439,0.07065339
15440,0.14856464
15441,0.09940431
15442,0.07045482
15443,0.08482266
15444,0.02912176
15445,0.040678605
15446,0.17939329
15447,0.24374583
15448,0.1395157
15449,0.013261612
15450,0.00911258
15451,0.036093928
15452,0.02064177
15453,0.01203105
15454,0.017677763
15455,0.018208595
15456,0.02315351
15457,0.008863026
15458,0.016608777
15459,0.017213712
15460,0.009644192
15461,0.019189361
15462,0.051820748
15463,0.05496799
15464,0.12217395
15465,0.011809658
15466,0.14959285
15467,0.0061497265
15468,0.40909857
15469,0.022657625
15470,0.03314773
15471,0.008974975
15472,0.021504257
15473,0.023724554
15474,0.018530032
15475,0.029650507
15476,0.013075735
15477,0.015629757
15478,0.062144037
15479,0.023767358
15480,0.04468289
15481,0.05913994
15482,0.017684542
15483,0.0083615845
15484,0.008378426
15485,0.10506069
15486,0.032721847
15487,0.050110687
15488,0.0062722783
15489,0.011733333
15490,0.031832427
15491,0.012623406
15492,0.10111845
15493,0.016856262
15494,0.00761151
15495,0.26887223
15496,0.05034278
15497,0.0674946
15498,0.07048654
15499,0.0720583
15500,0.025355889
15501,0.008683519
15502,0.07577903
15503,0.017665174
15504,0.09318238
15505,0.0050220164
15506,0.14428464
15507,0.017174724
15508,0.029356899
15509,0.030959317
15510,0.023108263
15511,0.0048941313
15512,0.011646136
15513,0.012083418
15514,0.008527187
15515,0.031124055
15516,0.009582984
15517,0.011773861
15518,0.05363363
15519,0.06460288
15520,0.03756102
15521,0.15122823
15522,0.01852913
15523,0.024785921
15524,0.018804705
15525,0.06003276
15526,0.020788547
15527,0.017467003
15528,0.02690375
15529,0.019180866
15530,0.036447212
15531,0.009341089
15532,0.032861155
15533,0.10420353
15534,0.23092672
15535,0.078049526
15536,0.015032177
15537,0.017882988
15538,0.056349367
15539,0.053732537
15540,0.0534299
15541,0.043274786
15542,0.050950453
15543,0.06772851
15544,0.047995694
15545,0.031631686
15546,0.12853837
15547,0.017263224
15548,0.20666581
15549,0.049003474
15550,0.45348468
15551,0.409305
15552,0.047115915
15553,0.27188438
15554,0.040936377
15555,0.33334124
15556,0.06314125
15557,0.13858446
15558,0.049166247
15559,0.007478625
15560,0.068161234
15561,0.013929072
15562,0.042579085
15563,0.25724173
15564,0.022186423
15565,0.7120083
15566,0.1302076
15567,0.054815486
15568,0.2808139
15569,0.036610994
15570,0.029540947
15571,0.02637415
15572,0.056799766
15573,0.039546665
15574,0.015754895
15575,0.013401345
15576,0.11783329
15577,0.480679
15578,0.43940547
15579,0.044956148
15580,0.127021
15581,0.14918056
15582,0.025817638
15583,0.055792022
15584,0.042157814
15585,0.04879297
15586,0.0642269
15587,0.42324224
15588,0.118838936
15589,0.15787865
15590,0.4965216
15591,0.10630474
15592,0.016607959
15593,0.46141466
15594,0.022471784
15595,0.056477897
15596,0.27784178
15597,0.04112866
15598,0.049836975
15599,0.038593862
15600,0.030761419
15601,0.09453426
15602,0.11053497
15603,0.07277264
15604,0.028664596
15605,0.04017033
15606,0.35683838
15607,0.05160296
15608,0.034427598
15609,0.059375025
15610,0.05619691
15611,0.07184065
15612,0.03467738
15613,0.040241227
15614,0.0
15615,0.043871786
15616,0.08387477
15617,0.034012146
15618,0.053919032
15619,0.15337417
15620,0.040595636
15621,0.25026405
15622,0.005228814
15623,0.038652234
15624,0.05002316
15625,0.02487383
15626,0.015497751
15627,0.4591265
15628,0.11205292
15629,0.061441306
15630,0.28341854
15631,0.47466108
15632,0.08470174
15633,0.049065378
15634,0.02263239
15635,0.02083899
15636,0.015321985
15637,0.001925141
15638,0.037621632
15639,0.0063600442
15640,0.07036572
15641,0.06166839
15642,0.088547885
15643,0.24852915
15644,0.42831087
15645,0.0
15646,0.014894321
15647,0.13459818
15648,0.048768118
15649,0.011329972
15650,0.023134232
15651,0.032854468
15652,0.25744796
15653,0.011368581
15654,0.041744992
15655,0.010468456
15656,0.05949043
15657,0.2449008
15658,0.43147272
15659,0.040801983
15660,0.05249601
15661,0.0148656685
15662,0.02732554
15663,0.056961752
15664,0.059827827
15665,0.011276349
15666,0.023270803
15667,0.00773666
15668,0.11864813
15669,0.15540735
15670,0.07778104
15671,0.06521303
15672,0.06030591
15673,0.034939427
15674,0.033771075
15675,0.03519613
15676,0.054282304
15677,0.084624104
15678,0.056632567
15679,0.11467213
15680,0.02430023
15681,0.06371243
15682,0.03564339
15683,0.021039905
15684,0.014715911
15685,0.02527092
15686,0.048805024
15687,0.02646596
15688,0.07150756
15689,0.27505943
15690,0.26064947
15691,0.05133163
15692,0.04465198
15693,0.03607277
15694,0.10022273
15695,0.05186192
15696,0.015564715
15697,0.051106136
15698,0.0068906974
15699,0.025824388
15700,0.14724064
15701,0.03126897
15702,0.025248015
15703,0.031726662
15704,0.17525339
15705,0.079986
15706,0.28228232
15707,0.2549913
15708,0.1518746
15709,0.07557006
15710,0.058723066
15711,0.014755911
15712,0.057481397
15713,0.04973276
15714,0.006871817
15715,0.21313585
15716,0.053301767
15717,0.60328513
15718,0.12251931
15719,0.10763178
15720,0.04338591
15721,0.045232434
15722,0.0125881815
15723,0.058585446
15724,0.0119025335
15725,0.020962711
15726,0.01884359
15727,0.078463085
15728,0.04933911
15729,0.085942835
15730,0.07513412
15731,0.1312745
15732,0.24126169
15733,0.42208365
15734,0.084476426
15735,0.03517464
15736,0.086510286
15737,0.02174064
15738,0.041236505
15739,0.026203163
15740,0.08055738
15741,0.053041156
15742,0.124744706
15743,0.046949364
15744,0.11543976
15745,0.04169983
15746,0.056971256
15747,0.032023296
15748,0.017228309
15749,0.11989691
15750,0.0063046645
15751,0.027301265
15752,0.049789567
15753,0.025986878
15754,0.010027661
15755,0.02616645
15756,0.04507663
15757,0.0643113
15758,0.08171016
15759,0.14421523
15760,0.12610869
15761,0.42991266
15762,0.14107186
15763,0.15267543
15764,0.02099426
15765,0.096546315
15766,0.017045777
15767,0.06413033
15768,0.04263505
15769,0.1014965
15770,0.037258107
15771,0.025297694
15772,0.05318067
15773,0.04526034
15774,0.0515324
15775,0.07642081
15776,0.03330932
15777,0.051696323
15778,0.02510165
15779,0.08661713
15780,0.016104778
15781,0.041717853
15782,0.08915991
15783,0.07322968
15784,0.1588507
15785,0.4278137
15786,0.13308929
15787,0.12876046
15788,0.07985325
15789,0.106018625
15790,0.089615665
15791,0.091372736
15792,0.0640377
15793,0.0105395615
15794,0.021075433
15795,0.39275113
15796,0.06659684
15797,0.0861516
15798,0.053315174
15799,0.07818722
15800,0.019403184
15801,0.016820364
15802,0.021590585
15803,0.053145044
15804,0.18695645
15805,0.06694388
15806,0.053265154
15807,0.1303267
15808,0.5876056
15809,0.11075988
15810,0.019931987
15811,0.4147797
15812,0.07132947
15813,0.24624395
15814,0.20027918
15815,0.081173934
15816,0.049894046
15817,0.04511753
15818,0.109083064
15819,0.15250872
15820,0.051141847
15821,0.15269469
15822,0.082570866
15823,0.058250707
15824,0.012152956
15825,0.00362673
15826,0.02061647
15827,0.023572886
15828,0.058927275
15829,0.08278229
15830,0.019491164
15831,0.13376798
15832,0.15202478
15833,0.16180073
15834,0.09923494
15835,0.048142023
15836,0.1325425
15837,0.18289123
15838,0.25359702
15839,0.07505411
15840,0.056299906
15841,0.02098716
15842,0.1822932
15843,0.5308989
15844,0.042757064
15845,0.07081784
15846,0.39104474
15847,0.1611871
15848,0.0114572495
15849,0.058125224
15850,0.2633991
15851,0.253224
15852,0.012520604
15853,0.11025365
15854,0.10200219
15855,0.22721873
15856,0.152663
15857,0.16422474
15858,0.19599836
15859,0.37013808
15860,0.10391085
15861,0.05058936
15862,0.0885856
15863,0.054563776
15864,0.26189774
15865,0.91014504
15866,0.0032435576
15867,0.055326972
15868,0.40336487
15869,0.046440385
15870,0.25539306
15871,0.01349691
15872,0.016192311
15873,0.052935436
15874,0.0801496
15875,0.024776982
15876,0.053452417
15877,0.006230791
15878,0.4319155
15879,0.05860907
15880,0.1059144
15881,0.19238037
15882,0.15929136
15883,0.193017
15884,0.38827762
15885,0.38900575
15886,0.02927192
15887,0.26178905
15888,0.23901254
15889,0.124850765
15890,0.79957914
15891,0.43671095
15892,0.29601035
15893,0.028066063
15894,0.22091165
15895,0.058672205
15896,0.01642051
15897,0.009961493
15898,0.069609016
15899,0.013894101
15900,0.040353406
15901,0.07402993
15902,0.121222
15903,0.11324058
15904,0.13459904
15905,0.100447275
15906,0.24947126
15907,0.12491718
15908,0.039900925
15909,0.10482617
15910,0.4200222
15911,0.02832025
15912,0.058996942
15913,0.9425833
15914,0.85491323
15915,0.5667036
15916,0.028338766
15917,0.013929805
15918,0.06269951
15919,0.40779915
15920,0.060512554
15921,0.053562067
15922,0.067039594
15923,0.08732539
15924,0.0675423
15925,0.016472802
15926,0.39296794
15927,0.025921505
15928,0.049553562
15929,0.15065242
15930,0.12546052
15931,0.07078323
15932,0.06047418
15933,0.41726726
15934,0.37279636
15935,0.024161946
15936,0.107625216
15937,0.11001407
15938,0.09333349
15939,0.98925054
15940,0.86148167
15941,0.53539497
15942,0.016072502
15943,0.077074185
15944,0.023656009
15945,0.40711516
15946,0.08583265
15947,0.38476524
15948,0.047861986
15949,0.06775269
15950,0.023691399
15951,0.10522381
15952,0.122391984
15953,0.15137468
15954,0.16768943
15955,0.52453387
15956,0.4660352
15957,0.25550324
15958,0.17739509
15959,0.11995408
15960,0.07458956
15961,0.121823974
15962,0.05200313
15963,0.0408605
15964,0.019933276
15965,0.127575
15966,0.13185914
15967,0.06044734
15968,0.09132031
15969,0.025101291
15970,0.916004
15971,1.0
15972,0.96617496
15973,0.121855535
15974,0.05546914
15975,0.23810801
15976,0.41298848
15977,0.024938188
15978,0.019053264
15979,0.021164257
15980,0.049485587
15981,0.116609044
15982,0.065368146
15983,0.4132913
15984,0.92186326
15985,0.096746996
15986,0.13699043
15987,0.135707
15988,0.1745494
15989,0.08421407
15990,0.41150638
15991,0.2716074
15992,0.040540412
15993,0.09865304
15994,0.104812816
15995,0.094110146
15996,0.045075033
15997,0.41921267
15998,0.20120782
15999,0.18008123
16000,0.0828512
16001,0.030113325
16002,0.1106019
16003,0.19251056
16004,0.2691283
16005,0.03302486
16006,0.04549712
16007,0.0454623
16008,0.024279865
16009,0.020816011
16010,0.060669824
16011,0.06060811
16012,0.25279582
16013,0.80060494
16014,0.271951
16015,0.2743243
16016,0.13347086
16017,0.18753012
16018,0.24381869
16019,0.4465043
16020,0.08146427
16021,0.033176865
16022,0.040799078
16023,0.028847838
16024,0.13228348
16025,0.26546907
16026,0.11562636
16027,0.28670567
16028,0.25782722
16029,0.1791589
16030,0.97686434
16031,0.120355226
16032,0.022760147
16033,0.23172183
16034,0.23044612
16035,0.052826513
16036,0.1854739
16037,0.07680134
16038,0.052451834
16039,0.05121611
16040,0.06610511
16041,0.15071192
16042,0.39197907
16043,0.2654548
16044,0.50082445
16045,0.29181176
16046,0.17208105
16047,0.16546725
16048,0.26168242
16049,0.14817676
16050,0.074885935
16051,0.05728627
16052,0.44245687
16053,0.25380218
16054,0.07351848
16055,0.015271888
16056,0.49975464
16057,0.43475655
16058,0.075394124
16059,0.11360494
16060,0.08790284
16061,0.048682567
16062,0.009843529
16063,0.008657722
16064,0.01695354
16065,0.034008518
16066,0.075554304
16067,0.11835855
16068,0.11660988
16069,0.1538948
16070,0.38488182
16071,0.7750658
16072,0.41748455
16073,0.40905127
16074,0.5784204
16075,0.10389577
16076,0.0177425
16077,0.05942669
16078,0.06893218
16079,0.13814823
16080,0.23861898
16081,0.06683896
16082,0.029792367
16083,0.07312536
16084,0.13834766
16085,0.020458557
16086,0.044992592
16087,0.116767764
16088,0.017785398
16089,0.04595064
16090,0.020154681
16091,0.012365976
16092,0.04110662
16093,0.09637882
16094,0.071131214
16095,0.10962295
16096,0.25027412
16097,0.19610989
16098,0.3863988
16099,0.8630079
16100,0.69251484
16101,0.37634432
16102,0.11765411
16103,0.046946835
16104,0.022205997
16105,0.051051702
16106,0.12273746
16107,0.9535096
16108,0.06613081
16109,0.023187246
16110,0.07392942
16111,0.054885477
16112,0.10878463
16113,0.039819844
16114,0.049702562
16115,0.01671744
16116,0.04037562
16117,0.015060722
16118,0.016043672
16119,0.03544732
16120,0.11014824
16121,0.1401472
16122,0.51752007
16123,0.41409612
16124,0.25885308
16125,0.9951204
16126,0.40485305
16127,0.514803
16128,0.25129288
16129,0.041008834
16130,0.030299304
16131,0.03360243
16132,0.05997855
16133,0.058667686
16134,0.081594944
16135,0.43594018
16136,0.24595334
16137,0.41170543
16138,0.03208612
16139,0.106552325
16140,0.12793279
16141,0.13887314
16142,0.1642315
16143,0.044845648
16144,0.03088663
16145,0.05595627
16146,0.16386434
16147,0.835003
16148,0.37037912
16149,0.43949595
16150,0.2470201
16151,0.36982054
16152,0.24135004
16153,0.09635818
16154,0.036026534
16155,0.0080956565
16156,0.024303606
16157,0.013018249
16158,0.053949527
16159,0.033428203
16160,0.1259186
16161,0.13053732
16162,0.07971435
16163,0.19733326
16164,0.072797276
16165,0.011059487
16166,0.39900222
16167,0.04348678
16168,0.012533182
16169,0.013502691
16170,0.13945581
16171,0.24007101
16172,0.04475435
16173,0.013937133
16174,0.34912178
16175,0.20124374
16176,0.088429995
16177,0.0986943
16178,0.028044209
16179,0.08278166
16180,0.09138414
16181,0.04985824
16182,0.12629454
16183,0.13096516
16184,0.046530545
16185,0.03139633
16186,0.005033174
16187,0.23219322
16188,0.01027096
16189,0.01268767
16190,0.08997431
16191,0.03981904
16192,0.04567821
16193,0.14789365
16194,0.050583456
16195,0.06738466
16196,0.009557402
16197,0.07029194
16198,0.18640655
16199,0.3393439
16200,0.45829505
16201,0.09180883
16202,0.032355122
16203,0.06822222
16204,0.016612679
16205,0.067587756
16206,0.13247564
16207,0.014789355
16208,0.045606364
16209,0.016006349
16210,0.024758866
16211,0.014691839
16212,0.008585449
16213,0.027216267
16214,0.09508682
16215,0.115061805
16216,0.4216821
16217,0.01628633
16218,0.025513705
16219,0.060258325
16220,0.0796321
16221,0.10491624
16222,0.35068643
16223,0.107653774
16224,0.009165226
16225,0.11115664
16226,0.040122043
16227,0.019203646
16228,0.08679049
16229,0.12102313
16230,0.046991944
16231,0.009631201
16232,0.017902102
16233,0.1878482
16234,0.016866038
16235,0.032695416
16236,0.15054774
16237,0.07962893
16238,0.05869992
16239,0.021668278
16240,0.0349455
16241,0.078569934
16242,0.36381796
16243,0.030470556
16244,0.016448824
16245,0.029846754
16246,0.044399507
16247,0.06440395
16248,0.16242255
16249,0.08326996
16250,0.24207349
16251,0.101546064
16252,0.032723114
16253,0.0146317
16254,0.0633236
16255,0.042702924
16256,0.021525577
16257,0.24763587
16258,0.1332229
16259,0.020070614
16260,0.11417422
16261,0.0614586
16262,0.013666067
16263,0.3982843
16264,0.5065618
16265,0.10330148
16266,0.06142427
16267,0.011861695
16268,0.07020602
16269,0.04369762
16270,0.08518277
16271,0.07930878
16272,0.07541602
16273,0.847006
16274,0.019558957
16275,0.0676115
16276,0.018992247
16277,0.074462175
16278,0.062818766
16279,0.054045763
16280,0.14524904
16281,0.31118798
16282,0.07488034
16283,0.15318076
16284,0.024413731
16285,0.03181807
16286,0.10381611
16287,0.030969359
16288,0.025060512
16289,0.005232458
16290,0.059953414
16291,0.053569045
16292,0.02478118
16293,0.015827704
16294,0.046096954
16295,0.0033795368
16296,0.015357809
16297,0.11583494
16298,0.034303013
16299,0.053306364
16300,0.021793017
16301,0.03709124
16302,0.077079825
16303,0.09255452
16304,0.048565686
16305,0.76911736
16306,0.060897697
16307,0.09963892
16308,0.042482134
16309,0.057463735
16310,0.06497237
16311,0.014523874
16312,0.45099708
16313,0.026146634
16314,0.012747907
16315,0.0032886823
16316,0.055287667
16317,0.09993598
16318,0.018604394
16319,0.11689581
16320,0.047002185
16321,0.042449635
16322,0.41088307
16323,0.020177374
16324,0.02720058
16325,0.004519021
16326,0.018720126
16327,0.014918071
16328,0.057466585
16329,0.0069747777
16330,0.045078564
16331,0.1450464
16332,0.08030975
16333,0.015060152
16334,0.017151833
16335,0.06735008
16336,0.25118825
16337,0.09638712
16338,0.072370954
16339,0.07139887
16340,0.024257245
16341,0.047650337
16342,0.1776363
16343,0.25372764
16344,0.20994067
16345,0.006907056
16346,0.0076518976
16347,0.017936438
16348,0.01318934
16349,0.024770472
16350,0.011221256
16351,0.021134676
16352,0.0070234896
16353,0.015791757
16354,0.014385297
16355,0.009398222
16356,0.02492632
16357,0.05248069
16358,0.063656464
16359,0.11944909
16360,0.00815311
16361,0.1248267
16362,0.0051009418
16363,0.26015255
16364,0.009314709
16365,0.005973557
16366,0.006221329
16367,0.027764706
16368,0.013521688
16369,0.011448816
16370,0.019431505
16371,0.02311345
16372,0.01525105
16373,0.0127506
16374,0.06912549
16375,0.02653963
16376,0.035722427
16377,0.058318727
16378,0.022439543
16379,0.005726199
16380,0.012513833
16381,0.008706813
16382,0.10901881
16383,0.02410153
16384,0.049876053
16385,0.014326886
16386,0.029443467
16387,0.09217098
16388,0.009310081
16389,0.18382047
16390,0.05525615
16391,0.05813286
16392,0.06284422
16393,0.014686197
16394,0.06904624
16395,0.029831292
16396,0.01408067
16397,0.08238038
16398,0.016364623
16399,0.07931076
16400,0.0031507418
16401,0.15260448
16402,0.020643484
16403,0.026561853
16404,0.02896211
16405,0.02473782
16406,0.0070898533
16407,0.011292157
16408,0.010216994
16409,0.015750835
16410,0.03183224
16411,0.008722306
16412,0.049250763
16413,0.069890134
16414,0.006168431
16415,0.163983
16416,0.015126237
16417,0.022100305
16418,0.011472094
16419,0.019020243
16420,0.054082874
16421,0.017661924
16422,0.014855326
16423,0.029892268
16424,0.017259348
16425,0.031734366
16426,0.009911075
16427,0.11228172
16428,0.15084226
16429,0.07058641
16430,0.019590542
16431,0.04899958
16432,0.04382801
16433,0.025460385
16434,0.0687024
16435,0.04082196
16436,0.024677163
16437,0.027145766
16438,0.094294116
16439,0.040384952
16440,0.03793794
16441,0.14754187
16442,0.058787946
16443,0.07004911
16444,0.049012367
16445,0.14816456
16446,0.23269424
16447,0.017798092
16448,0.02820857
16449,0.29489827
16450,0.043140292
16451,0.322215
16452,0.06877022
16453,0.23662639
16454,0.03658141
16455,0.003553533
16456,0.042298146
16457,0.013185067
16458,0.047254194
16459,0.019512301
16460,0.112403035
16461,0.030835753
16462,0.70219916
16463,0.27009448
16464,0.11377385
16465,0.05239186
16466,0.041227747
16467,0.016267536
16468,0.035049234
16469,0.115390524
16470,0.14103352
16471,0.29116443
16472,0.4432261
16473,0.02235615
16474,0.124971904
16475,0.12213311
16476,0.019285938
16477,0.05202919
16478,0.03844515
16479,0.062062852
16480,0.014398312
16481,0.07351785
16482,0.43599087
16483,0.12158304
16484,0.15185563
16485,0.49879715
16486,0.098806866
16487,0.018923344
16488,0.4876067
16489,0.064547636
16490,0.2940573
16491,0.040421605
16492,0.05139757
16493,0.039930128
16494,0.031814132
16495,0.09045571
16496,0.0854906
16497,0.067588024
16498,0.024346469
16499,0.023710972
16500,0.033388454
16501,0.3772957
16502,0.04471123
16503,0.032801565
16504,0.05929723
16505,0.04933443
16506,0.073568955
16507,0.034166265
16508,0.065510884
16509,0.05401601
16510,0.24034359
16511,0.2602986
16512,0.06984875
16513,0.046018146
16514,0.030355755
16515,0.022431752
16516,0.48594683
16517,0.11889148
16518,0.05919425
16519,0.27945432
16520,0.46856594
16521,0.08194015
16522,0.054467008
16523,0.023575103
16524,0.021057678
16525,0.017452128
16526,0.047999777
16527,0.0049153883
16528,0.000458674
16529,0.009584226
16530,0.057767194
16531,0.07516393
16532,0.24962057
16533,0.4487354
16534,0.015700998
16535,0.14798564
16536,0.050816767
16537,0.011799248
16538,0.03733989
16539,0.27192175
16540,0.016662067
16541,0.0435583
16542,0.0098673245
16543,0.05589975
16544,0.012713057
16545,0.3652558
16546,0.38334832
16547,0.06805078
16548,0.03159886
16549,0.047772598
16550,0.06629342
16551,0.014469668
16552,0.02376664
16553,0.11197278
16554,0.16864277
16555,0.077261694
16556,0.07339268
16557,0.05809327
16558,0.0312568
16559,0.038402334
16560,0.036448494
16561,0.03961446
16562,0.07022487
16563,0.054034904
16564,0.25180984
16565,0.021631125
16566,0.06340197
16567,0.03750978
16568,0.024901098
16569,0.014523379
16570,0.024159243
16571,0.045247488
16572,0.021872621
16573,0.025733516
16574,0.06271198
16575,0.18581998
16576,0.27945668
16577,0.048444927
16578,0.052955285
16579,0.03730621
16580,0.0895453
16581,0.050613906
16582,0.01443883
16583,0.050489686
16584,0.02487636
16585,0.15761472
16586,0.032422833
16587,0.019855473
16588,0.030710924
16589,0.17875265
16590,0.08164812
16591,0.2794159
16592,0.25608957
16593,0.25860688
16594,0.07258251
16595,0.05813777
16596,0.014248535
16597,0.058556788
16598,0.05362112
16599,0.10837532
16600,0.050051354
16601,0.60062504
16602,0.12622283
16603,0.029568344
16604,0.115605555
16605,0.051269703
16606,0.047987785
16607,0.01582889
16608,0.009472232
16609,0.010222572
16610,0.06960537
16611,0.02690485
16612,0.019643234
16613,0.020826839
16614,0.077456154
16615,0.052017454
16616,0.082105204
16617,0.07400833
16618,0.13458182
16619,0.24873525
16620,0.43881053
16621,0.07933453
16622,0.03587694
16623,0.08824414
16624,0.021812856
16625,0.044624887
16626,0.030845843
16627,0.013600974
16628,0.087348655
16629,0.06551587
16630,0.12539919
16631,0.044564333
16632,0.10814853
16633,0.04517427
16634,0.0611638
16635,0.043948762
16636,0.13418987
16637,0.012094692
16638,0.03372501
16639,0.056264978
16640,0.029567512
16641,0.024706379
16642,0.026517762
16643,0.05129318
16644,0.06325884
16645,0.08361635
16646,0.13827397
16647,0.12723114
16648,0.24901694
16649,0.1374774
16650,0.15585318
16651,0.022818087
16652,0.0944095
16653,0.06157376
16654,0.012387328
16655,0.04860813
16656,0.10219637
16657,0.031002656
16658,0.023197124
16659,0.048886508
16660,0.04026749
16661,0.06489557
16662,0.08424298
16663,0.035331257
16664,0.054758657
16665,0.02232716
16666,0.029131452
16667,0.08368039
16668,0.019026347
16669,0.047344696
16670,0.11943559
16671,0.07008028
16672,0.15844747
16673,0.40754673
16674,0.12476508
16675,0.14657052
16676,0.07851703
16677,0.1042259
16678,0.08822473
16679,0.09538905
16680,0.06555482
16681,0.022098739
16682,0.25397074
16683,0.06919784
16684,0.09118429
16685,0.054604653
16686,0.07886543
16687,0.018598156
16688,0.025635473
16689,0.021996168
16690,0.022425491
16691,0.04890292
16692,0.19230929
16693,0.07141408
16694,0.047418647
16695,0.1395105
16696,0.579665
16697,0.11070857
16698,0.02120468
16699,0.25666496
16700,0.07556486
16701,0.24981518
16702,0.20006129
16703,0.0804024
16704,0.025527671
16705,0.046471465
16706,0.044100527
16707,0.10814912
16708,0.24993154
16709,0.04570712
16710,0.24669002
16711,0.08965594
16712,0.067452975
16713,0.008621678
16714,0.021048378
16715,0.023822535
16716,0.058807343
16717,0.0766873
16718,0.021631526
16719,0.12798801
16720,0.15238775
16721,0.2408137
16722,0.10851219
16723,0.05350107
16724,0.13845047
16725,0.1890589
16726,0.39900035
16727,0.07177608
16728,0.058222998
16729,0.02414664
16730,0.06453778
16731,0.51218957
16732,0.033306338
16733,0.07693671
16734,0.36889875
16735,0.16185924
16736,0.01273977
16737,0.018340874
16738,0.0068363515
16739,0.05093254
16740,0.056357134
16741,0.26667824
16742,0.2586903
16743,0.009859536
16744,0.105294794
16745,0.10688983
16746,0.23593056
16747,0.15835527
16748,0.15578437
16749,0.25452194
16750,0.40642354
16751,0.09062463
16752,0.05572175
16753,0.090018205
16754,0.05057358
16755,0.18766356
16756,0.88113236
16757,0.0077648605
16758,0.049554534
16759,0.3999191
16760,0.04986448
16761,0.26476863
16762,0.059238363
16763,0.080209956
16764,0.022084242
16765,0.05511121
16766,0.004756908
16767,0.43255013
16768,0.05637742
16769,0.105170615
16770,0.17558491
16771,0.14621118
16772,0.19910118
16773,0.39532
16774,0.4027833
16775,0.031226655
16776,0.26792395
16777,0.117602915
16778,0.23840718
16779,0.8937355
16780,0.28861254
16781,0.3033093
16782,0.027250672
16783,0.23874314
16784,0.056520548
16785,0.022227965
16786,0.012172364
16787,0.061321672
16788,0.01296779
16789,0.0125315655
16790,0.03946616
16791,0.070976295
16792,0.12983553
16793,0.1136096
16794,0.13479157
16795,0.103201866
16796,0.27575108
16797,0.12937044
16798,0.13204141
16799,0.2674221
16800,0.026341466
16801,0.058277257
16802,0.9774273
16803,0.9198165
16804,0.5306494
16805,0.02744074
16806,0.016900217
16807,0.06501212
16808,0.4454236
16809,0.07263348
16810,0.013791459
16811,0.05815163
16812,0.008457899
16813,0.06989078
16814,0.07733985
16815,0.07244051
16816,0.014901821
16817,0.4283734
16818,0.026903596
16819,0.0420025
16820,0.14209165
16821,0.12251492
16822,0.07046375
16823,0.060884677
16824,0.24419902
16825,0.4139945
16826,0.027226303
16827,0.12741067
16828,0.11230714
16829,0.22939791
16830,0.98370945
16831,0.8010315
16832,0.5254343
16833,0.0187651
16834,0.08290972
16835,0.024680508
16836,0.41726995
16837,0.0875983
16838,0.2634298
16839,0.045725044
16840,0.0783703
16841,0.024990404
16842,0.11545701
16843,0.12333319
16844,0.1545892
16845,0.1521237
16846,0.58164936
16847,0.44105542
16848,0.25347012
16849,0.16951925
16850,0.10910912
16851,0.071421556
16852,0.25354996
16853,0.057489924
16854,0.03929496
16855,0.029140357
16856,0.12551898
16857,0.13877672
16858,0.060875196
16859,0.11140672
16860,0.03729002
16861,0.9278554
16862,0.99517506
16863,0.96318495
16864,0.11666135
16865,0.055118818
16866,0.23913907
16867,0.30207348
16868,0.026509464
16869,0.020308923
16870,0.023911668
16871,0.050384574
16872,0.1253432
16873,0.06678939
16874,0.4753427
16875,0.93440044
16876,0.09575787
16877,0.14049038
16878,0.12267874
16879,0.1692663
16880,0.087238185
16881,0.4079663
16882,0.23709205
16883,0.039207354
16884,0.10134703
16885,0.10005043
16886,0.107081264
16887,0.050189715
16888,0.017590683
16889,0.2757688
16890,0.28593412
16891,0.16585453
16892,0.09702457
16893,0.02849202
16894,0.11970428
16895,0.075908095
16896,0.2627421
16897,0.032938283
16898,0.04048318
16899,0.060367998
16900,0.020258741
16901,0.02291736
16902,0.056212813
16903,0.055986468
16904,0.42974174
16905,0.7689697
16906,0.26005477
16907,0.25988293
16908,0.14114858
16909,0.19034497
16910,0.24972327
16911,0.4976243
16912,0.088738054
16913,0.050491966
16914,0.032824695
16915,0.13028687
16916,0.26950315
16917,0.10721998
16918,0.27195686
16919,0.25832132
16920,0.24482004
16921,1.0
16922,0.23741117
16923,0.020717582
16924,0.14159521
16925,0.23660323
16926,0.023090886
16927,0.0616779
16928,0.22099847
16929,0.07139327
16930,0.04355612
16931,0.048598535
16932,0.056816164
16933,0.1498388
16934,0.3819093
16935,0.2596407
16936,0.50066465
16937,0.28928006
16938,0.16868353
16939,0.16333419
16940,0.39825222
16941,0.02483721
16942,0.15740398
16943,0.07091223
16944,0.05698149
16945,0.42738104
16946,0.25546134
16947,0.07427086
16948,0.017132385
16949,0.5513218
16950,0.43556583
16951,0.077421784
16952,0.12483326
16953,0.091511816
16954,0.051307015
16955,0.009274357
16956,0.037806466
16957,0.06919095
16958,0.10985912
16959,0.113659404
16960,0.15015623
16961,0.40126997
16962,0.709359
16963,0.45150924
16964,0.39733145
16965,0.5954204
16966,0.10817914
16967,0.05842687
16968,0.07220447
16969,0.23542506
16970,0.1847449
16971,0.07812572
16972,0.026454605
16973,0.07626852
16974,0.15417586
16975,0.022256847
16976,0.04492111
16977,0.111994974
16978,0.02451768
16979,0.043877285
16980,0.024122117
16981,0.010266973
16982,0.036092043
16983,0.09798803
16984,0.07176388
16985,0.10925461
16986,0.23935461
16987,0.26874062
16988,0.41298762
16989,0.83163685
16990,0.68353456
16991,0.28859195
16992,0.11672841
16993,0.039975576
16994,0.024089219
16995,0.06163227
16996,0.11310406
16997,0.019449754
16998,0.015775582
16999,0.036910687
17000,0.95275235
17001,0.056616243
17002,0.025137393
17003,0.067002796
17004,0.05400127
17005,0.11216455
17006,0.04014045
17007,0.05080763
17008,0.016131174
17009,0.043206133
17010,0.0148287425
17011,0.016186316
17012,0.037260823
17013,0.113151655
17014,0.13424537
17015,0.48845518
17016,0.41199157
17017,0.2520757
17018,0.9800032
17019,0.4011086
17020,0.46783313
17021,0.25539473
17022,0.03990039
17023,0.03445271
17024,0.031442188
17025,0.05744614
17026,0.058871184
17027,0.041179415
17028,0.088149786
17029,0.4383156
17030,0.25254416
17031,0.4001501
17032,0.03483793
17033,0.102992006
17034,0.13310109
17035,0.13383242
17036,0.17281054
17037,0.049777083
17038,0.029002704
17039,0.010905042
17040,0.049001414
17041,0.15150914
17042,0.82130504
17043,0.37856144
17044,0.47430077
17045,0.25888214
17046,0.36638838
17047,0.17559484
17048,0.104858704
17049,0.036731355
17050,0.010705095
17051,0.023678016
17052,0.033604242
17053,0.117602825
17054,0.14313333
17055,0.07096698
17056,0.28065053
17057,0.072858125
17058,0.011443403
17059,0.3944487
17060,0.047150735
17061,0.016572375
17062,0.13979131
17063,0.24527104
17064,0.047373556
17065,0.0077506774
17066,0.3543406
17067,0.19071002
17068,0.090776965
17069,0.11145506
17070,0.024939826
17071,0.08699359
17072,0.089834705
17073,0.053024072
17074,0.11624159
17075,0.119569235
17076,0.04299608
17077,0.009978073
17078,0.24298343
17079,0.016882114
17080,0.09496872
17081,0.043703847
17082,0.14683443
17083,0.05038863
17084,0.06739949
17085,0.0115543585
17086,0.06967208
17087,0.19602185
17088,0.3682957
17089,0.4411301
17090,0.1095381
17091,0.032235548
17092,0.072487354
17093,0.020649498
17094,0.07248207
17095,0.14123209
17096,0.01264626
17097,0.027351338
17098,0.015320234
17099,0.04695787
17100,0.007020734
17101,0.023748891
17102,0.08873014
17103,0.11260458
17104,0.37293056
17105,0.019245654
17106,0.020821044
17107,0.061371297
17108,0.08238314
17109,0.09867912
17110,0.38415992
17111,0.11528129
17112,0.011029937
17113,0.118769266
17114,0.039748542
17115,0.07892071
17116,0.13540378
17117,0.05074378
17118,0.013833282
17119,0.19774164
17120,0.008071572
17121,0.014927023
17122,0.034911685
17123,0.14909576
17124,0.07776864
17125,0.057705514
17126,0.02248002
17127,0.03518212
17128,0.080585234
17129,0.28158268
17130,0.031304065
17131,0.024196936
17132,0.033611976
17133,0.04439553
17134,0.071804196
17135,0.16545221
17136,0.07190223
17137,0.25989938
17138,0.102661856
17139,0.03703518
17140,0.009872368
17141,0.04540274
17142,0.046170894
17143,0.02526273
17144,0.26060492
17145,0.1291151
17146,0.019517325
17147,0.11300074
17148,0.057529468
17149,0.012751773
17150,0.3912631
17151,0.5129516
17152,0.24123561
17153,0.06698498
17154,0.008754918
17155,0.085669294
17156,0.04747216
17157,0.07711822
17158,0.08077064
17159,0.09066415
17160,0.84300274
17161,0.019730918
17162,0.072548285
17163,0.08626341
17164,0.0748989
17165,0.012468851
17166,0.04179519
17167,0.13752544
17168,0.43955213
17169,0.06843871
17170,0.15086766
17171,0.031797197
17172,0.040497683
17173,0.025248986
17174,0.10527499
17175,0.037128218
17176,0.028769147
17177,0.0035643189
17178,0.058389477
17179,0.05288033
17180,0.021227792
17181,0.050019722
17182,0.012674716
17183,0.016929362
17184,0.117665894
17185,0.038974732
17186,0.052267093
17187,0.019487044
17188,0.035791636
17189,0.07907159
17190,0.10101524
17191,0.016634753
17192,0.05931015
17193,0.75666344
17194,0.066727504
17195,0.10119271
17196,0.045514423
17197,0.038258795
17198,0.054567356
17199,0.05731607
17200,0.014836865
17201,0.0199248
17202,0.28979945
17203,0.026793025
17204,0.0027115447
17205,0.0025286372
17206,0.0051817
17207,0.016107697
17208,0.013691097
17209,0.052281074
17210,0.10367779
17211,0.02486868
17212,0.015141252
17213,0.11494105
17214,0.04371821
17215,0.0255083
17216,0.039097153
17217,0.40239495
17218,0.021920882
17219,0.007746453
17220,0.016514584
17221,0.052207112
17222,0.006701863
17223,0.040145185
17224,0.15784295
17225,0.08159621
17226,0.018378386
17227,0.019162143
17228,0.0750444
17229,0.1485173
17230,0.097125284
17231,0.08219259
17232,0.07173631
17233,0.028616538
17234,0.055184104
17235,0.013261412
17236,0.1885283
17237,0.26207274
17238,0.13186146
17239,0.010389902
17240,0.007988038
17241,0.03691628
17242,0.014876434
17243,0.010678741
17244,0.016674256
17245,0.010113649
17246,0.024659028
17247,0.01733077
17248,0.017176779
17249,0.011588066
17250,0.023571916
17251,0.06368625
17252,0.069194846
17253,0.116173364
17254,0.01034072
17255,0.14203067
17256,0.00583905
17257,0.18450528
17258,0.015332812
17259,0.026489953
17260,0.015221237
17261,0.0123047335
17262,0.01861602
17263,0.021310825
17264,0.017366117
17265,0.033416625
17266,0.018714625
17267,0.012242715
17268,0.07648925
17269,0.027021505
17270,0.04370268
17271,0.059974883
17272,0.02056822
17273,0.010623697
17274,0.00543544
17275,0.09647296
17276,0.031444047
17277,0.051931623
17278,0.005746325
17279,0.014481502
17280,0.036837302
17281,0.090926945
17282,0.004393784
17283,0.015348016
17284,0.18185383
17285,0.051877595
17286,0.07424386
17287,0.06741328
17288,0.019686224
17289,0.06640176
17290,0.026132284
17291,0.009414433
17292,0.0029402678
17293,0.09346355
17294,0.07817003
17295,0.008460513
17296,0.14112848
17297,0.021094225
17298,0.030959584
17299,0.037724387
17300,0.027530521
17301,0.019147258
17302,0.012754072
17303,0.010833474
17304,0.011881395
17305,0.03823162
17306,0.009905402
17307,0.05473425
17308,0.07279262
17309,0.0046564704
17310,0.24857256
17311,0.014856862
17312,0.028573014
17313,0.018987823
17314,0.0066640126
17315,0.01841902
17316,0.05035608
17317,0.019820018
17318,0.017207101
17319,0.030869832
17320,0.021158315
17321,0.030321768
17322,0.018054543
17323,0.038711857
17324,0.1191725
17325,0.17929885
17326,0.08015321
17327,0.016103419
17328,0.017305851
17329,0.012210047
17330,0.057756253
17331,0.12225434
17332,0.029208291
17333,0.017416839
17334,0.0656094
17335,0.035612322
17336,0.0311464
17337,0.14502823
17338,0.06787941
17339,0.060628206
17340,0.16285554
17341,0.43952668
17342,0.01690383
17343,0.044233974
17344,0.046070594
17345,0.26581308
17346,0.03634985
17347,0.2622246
17348,0.079033166
17349,0.12475275
17350,0.042923752
17351,0.014603872
17352,0.020916805
17353,0.015932098
17354,0.020616572
17355,0.33692575
17356,0.02089274
17357,0.62730193
17358,0.2308488
17359,0.034845266
17360,0.24023503
17361,0.036957458
17362,0.061745908
17363,0.04570636
17364,0.020917846
17365,0.018481923
17366,0.08892106
17367,0.23763712
17368,0.4467993
17369,0.46709564
17370,0.12292063
17371,0.24513942
17372,0.059759833
17373,0.059072282
17374,0.05994287
17375,0.0134580275
17376,0.051479753
17377,0.031847674
17378,0.39782175
17379,0.11931986
17380,0.24694715
17381,0.5110518
17382,0.08620965
17383,0.009354408
17384,0.446357
17385,0.06034717
17386,0.30097592
17387,0.058751173
17388,0.06191709
17389,0.03267676
17390,0.048501976
17391,0.026262818
17392,0.07765676
17393,0.086281985
17394,0.07889247
17395,0.023639683
17396,0.040199265
17397,0.048510574
17398,0.4127909
17399,0.05169324
17400,0.039288595
17401,0.0632934
17402,0.056310553
17403,0.0794722
17404,0.033841193
17405,0.037476767
17406,0.030836275
17407,0.082701385
17408,0.03155349
17409,0.04291617
17410,0.14488405
17411,0.26102176
17412,0.033574488
17413,0.062471684
17414,0.029168079
17415,0.022727672
17416,0.012017281
17417,0.47267643
17418,0.106244825
17419,0.05968162
17420,0.39716464
17421,0.28841433
17422,0.0048171384
17423,0.089372106
17424,0.05740206
17425,0.022691168
17426,0.017078064
17427,0.019829419
17428,0.0061935177
17429,0.032788593
17430,0.0012256245
17431,0.13279064
17432,0.07645385
17433,0.079434544
17434,0.08507283
17435,0.25858167
17436,0.3860189
17437,0.015966186
17438,0.13883588
17439,0.057000943
17440,0.015902856
17441,0.026600398
17442,0.02467464
17443,0.033634365
17444,0.2811334
17445,0.040035643
17446,0.013332284
17447,0.048624568
17448,0.060915187
17449,0.23050708
17450,0.39977953
17451,0.050246343
17452,0.05498366
17453,0.031129362
17454,0.047196314
17455,0.061720856
17456,0.017235227
17457,0.024572201
17458,0.013732355
17459,0.120406814
17460,0.16784084
17461,0.07960399
17462,0.06340915
17463,0.064148694
17464,0.008047277
17465,0.037399527
17466,0.040980667
17467,0.03367213
17468,0.09155098
17469,0.056824908
17470,0.21227898
17471,0.015025006
17472,0.06471938
17473,0.044738397
17474,0.023792919
17475,0.013947795
17476,0.022436466
17477,0.04728693
17478,0.022232778
17479,0.024570335
17480,0.061191995
17481,0.19308463
17482,0.2758995
17483,0.050493386
17484,0.04657977
17485,0.034559093
17486,0.10557769
17487,0.058889873
17488,0.010699901
17489,0.053434215
17490,0.00917862
17491,0.028544668
17492,0.15844876
17493,0.033030625
17494,0.021711944
17495,0.031705145
17496,0.067291155
17497,0.067930244
17498,0.25828943
17499,0.24880514
17500,0.24897335
17501,0.06800951
17502,0.051793344
17503,0.016150929
17504,0.054934308
17505,0.051451556
17506,0.009197109
17507,0.10399968
17508,0.060888592
17509,0.5802785
17510,0.10850178
17511,0.028024893
17512,0.11526429
17513,0.04933144
17514,0.045147855
17515,0.015991949
17516,0.08124
17517,0.014052694
17518,0.018900884
17519,0.084313564
17520,0.047153566
17521,0.08604807
17522,0.0718527
17523,0.13570738
17524,0.24171717
17525,0.3017057
17526,0.08754799
17527,0.032653134
17528,0.08793997
17529,0.02197968
17530,0.055326708
17531,0.08099953
17532,0.06648707
17533,0.12735541
17534,0.045500953
17535,0.09912503
17536,0.043081533
17537,0.05696884
17538,0.03826022
17539,0.020856952
17540,0.12478928
17541,0.01406285
17542,0.032836597
17543,0.06092913
17544,0.04099802
17545,0.0142816035
17546,0.027179688
17547,0.04621745
17548,0.0664795
17549,0.08563288
17550,0.1356047
17551,0.12849337
17552,0.23263393
17553,0.23144314
17554,0.16954997
17555,0.0179549
17556,0.09800683
17557,0.07276113
17558,0.045865588
17559,0.09069714
17560,0.03939615
17561,0.05183411
17562,0.012863037
17563,0.04882313
17564,0.08392475
17565,0.03908879
17566,0.06380181
17567,0.0074586966
17568,0.023557823
17569,0.02843397
17570,0.08812726
17571,0.017678712
17572,0.04734324
17573,0.111002296
17574,0.0679078
17575,0.1580862
17576,0.3303178
17577,0.122051574
17578,0.13918059
17579,0.08383373
17580,0.10745278
17581,0.083488256
17582,0.0947933
17583,0.06866097
17584,0.013919588
17585,0.019345086
17586,0.28016746
17587,0.07865554
17588,0.09264575
17589,0.062091276
17590,0.07402584
17591,0.026005192
17592,0.021103453
17593,0.023602119
17594,0.04274138
17595,0.19220866
17596,0.06377505
17597,0.04839198
17598,0.13266289
17599,0.5818139
17600,0.11079689
17601,0.026275376
17602,0.41631344
17603,0.083406076
17604,0.25437054
17605,0.1985868
17606,0.080617204
17607,0.024163712
17608,0.056643207
17609,0.10985945
17610,0.15406431
17611,0.048602555
17612,0.25106618
17613,0.07988361
17614,0.06422751
17615,0.014044229
17616,0.01850465
17617,0.022258705
17618,0.05819252
17619,0.083621904
17620,0.019092668
17621,0.1355739
17622,0.14091828
17623,0.16403207
17624,0.10208029
17625,0.05319086
17626,0.13392216
17627,0.24977759
17628,0.37434337
17629,0.07728684
17630,0.05796895
17631,0.026231283
17632,0.004186733
17633,0.075867265
17634,0.5047992
17635,0.077464215
17636,0.39400044
17637,0.2548445
17638,0.014443897
17639,0.00814796
17640,0.011401345
17641,0.053601053
17642,0.056589916
17643,0.25466898
17644,0.25922862
17645,0.10686969
17646,0.09921539
17647,0.16054972
17648,0.15694642
17649,0.15425344
17650,0.18863298
17651,0.37304214
17652,0.10981863
17653,0.061744623
17654,0.10871591
17655,0.062107258
17656,0.28290054
17657,0.82924414
17658,0.051072713
17659,0.42335898
17660,0.053738855
17661,0.27155957
17662,0.009805933
17663,0.050173234
17664,0.07233079
17665,0.021860316
17666,0.05368943
17667,0.00544139
17668,0.39822102
17669,0.06093356
17670,0.11084701
17671,0.25415426
17672,0.14962682
17673,0.22435407
17674,0.40152892
17675,0.38491544
17676,0.17730817
17677,0.24614006
17678,0.24407862
17679,0.9234744
17680,0.31804147
17681,0.41015658
17682,0.02670357
17683,0.23809665
17684,0.07083095
17685,0.023005662
17686,0.013083365
17687,0.011602415
17688,0.061454333
17689,0.015321457
17690,0.038635217
17691,0.07789482
17692,0.12075851
17693,0.122527815
17694,0.14163053
17695,0.10461991
17696,0.26891327
17697,0.26304018
17698,0.12234972
17699,0.4951359
17700,0.023678519
17701,0.05569814
17702,0.9192045
17703,0.8801442
17704,0.52967036
17705,0.011844998
17706,0.026763666
17707,0.018107997
17708,0.06516399
17709,0.41546756
17710,0.07142943
17711,0.01575927
17712,0.06656489
17713,0.013947501
17714,0.06778687
17715,0.082584254
17716,0.075363986
17717,0.016416842
17718,0.4190129
17719,0.028536787
17720,0.047288205
17721,0.23518965
17722,0.123195626
17723,0.07048604
17724,0.06593703
17725,0.2621186
17726,0.4477662
17727,0.024196688
17728,0.10730176
17729,0.10247459
17730,0.09546283
17731,0.9728736
17732,0.79409736
17733,0.50971746
17734,0.02273145
17735,0.08647336
17736,0.024818674
17737,0.29216337
17738,0.08498246
17739,0.24785684
17740,0.064218804
17741,0.021485258
17742,0.12959763
17743,0.13313489
17744,0.16112648
17745,0.15108292
17746,0.5375689
17747,0.45124835
17748,0.25161052
17749,0.1656241
17750,0.11635957
17751,0.08321152
17752,0.13619047
17753,0.058308475
17754,0.047659036
17755,0.13008605
17756,0.12541896
17757,0.047348425
17758,0.09602795
17759,0.012629971
17760,0.8609347
17761,0.98855245
17762,0.9677005
17763,0.13159502
17764,0.05602473
17765,0.24610311
17766,0.29506195
17767,0.019461218
17768,0.020867502
17769,0.04803579
17770,0.12970135
17771,0.06847777
17772,0.46231928
17773,0.9301903
17774,0.09827508
17775,0.13192794
17776,0.1294106
17777,0.17590728
17778,0.091214865
17779,0.4051863
17780,0.12974863
17781,0.044553094
17782,0.089251496
17783,0.10340739
17784,0.104480445
17785,0.046933174
17786,0.013731497
17787,0.2937761
17788,0.42406493
17789,0.16386789
17790,0.085508995
17791,0.11334543
17792,0.0773624
17793,0.25789475
17794,0.027565897
17795,0.04507103
17796,0.050494373
17797,0.020528926
17798,0.025397131
17799,0.060546294
17800,0.06185282
17801,0.43219984
17802,0.8704844
17803,0.27842492
17804,0.27366516
17805,0.13825616
17806,0.1942545
17807,0.17858285
17808,0.5317408
17809,0.08533236
17810,0.03646394
17811,0.0405987
17812,0.032024283
17813,0.13782206
17814,0.15880969
17815,0.12299968
17816,0.44169387
17817,0.27689415
17818,0.24255075
17819,1.0
17820,0.14162712
17821,0.02596804
17822,0.14507273
17823,0.2329979
17824,0.023233958
17825,0.06116242
17826,0.18573765
17827,0.074216515
17828,0.04806947
17829,0.05464505
17830,0.05978843
17831,0.23932163
17832,0.42817873
17833,0.28861672
17834,0.49899256
17835,0.44429082
17836,0.17349556
17837,0.16618033
17838,0.27902144
17839,0.024994249
17840,0.1514692
17841,0.0698478
17842,0.05678823
17843,0.4485376
17844,0.2739651
17845,0.07645712
17846,0.01717037
17847,0.5202636
17848,0.40124473
17849,0.07586815
17850,0.11130113
17851,0.086012356
17852,0.04891036
17853,0.013980575
17854,0.034267228
17855,0.07098191
17856,0.118899986
17857,0.1213666
17858,0.15074418
17859,0.41232267
17860,0.73579293
17861,0.4234921
17862,0.3943817
17863,0.61497617
17864,0.112176105
17865,0.056499984
17866,0.06677475
17867,0.13556553
17868,0.18267532
17869,0.07708419
17870,0.02984639
17871,0.09560976
17872,0.14514497
17873,0.020527687
17874,0.04693287
17875,0.10536976
17876,0.025827236
17877,0.019277688
17878,0.0226367
17879,0.012886682
17880,0.034260593
17881,0.1005838
17882,0.07456044
17883,0.109583095
17884,0.2513962
17885,0.20207696
17886,0.4380013
17887,0.89528495
17888,0.67808104
17889,0.29035655
17890,0.11120878
17891,0.042129166
17892,0.02443447
17893,0.050223935
17894,0.110661894
17895,0.01660711
17896,0.014009094
17897,0.031524885
17898,0.904293
17899,0.060061853
17900,0.020161223
17901,0.07995051
17902,0.052868083
17903,0.10318455
17904,0.039924286
17905,0.04663798
17906,0.014859253
17907,0.04999373
17908,0.012599522
17909,0.017346643
17910,0.0388141
17911,0.11261127
17912,0.1363579
17913,0.54140055
17914,0.40606725
17915,0.25720614
17916,0.9996141
17917,0.3947859
17918,0.4567894
17919,0.25795496
17920,0.039086953
17921,0.03329379
17922,0.03333171
17923,0.056598824
17924,0.057225157
17925,0.031940553
17926,0.078619875
17927,0.41622454
17928,0.24202374
17929,0.40213704
17930,0.0340601
17931,0.12530956
17932,0.118800804
17933,0.11331346
17934,0.1438713
17935,0.03853443
17936,0.033128295
17937,0.054554384
17938,0.15616056
17939,0.82825035
17940,0.41317314
17941,0.5078581
17942,0.42870924
17943,0.27743483
17944,0.24058165
17945,0.108237445
17946,0.039530743
17947,0.025484666
17948,0.015977826
17949,0.051339168
17950,0.03468022
17951,0.123490565
17952,0.11871553
17953,0.061673068
17954,0.18149935
17955,0.02167171
17956,0.060489986
17957,0.004088828
17958,0.40756342
17959,0.0394269
17960,0.013726892
17961,0.011474445
17962,0.13109134
17963,0.2614872
17964,0.047507994
17965,0.010604445
17966,0.24345972
17967,0.263316
17968,0.093464315
17969,0.1008549
17970,0.028341878
17971,0.08158075
17972,0.08489103
17973,0.050521024
17974,0.123953655
17975,0.122426756
17976,0.04671548
17977,0.026219942
17978,0.11288621
17979,0.09410762
17980,0.04645003
17981,0.14380893
17982,0.051362343
17983,0.06763247
17984,0.011491314
17985,0.076599725
17986,0.19516014
17987,0.3715994
17988,0.45218718
17989,0.1079168
17990,0.014501908
17991,0.03833286
17992,0.064669244
17993,0.020177256
17994,0.071317695
17995,0.14262274
17996,0.0107666645
17997,0.02901746
17998,0.011930552
17999,0.020352943
18000,0.009060025
18001,0.024856575
18002,0.098953955
18003,0.11546096
18004,0.3971803
18005,0.01852365
18006,0.022553524
18007,0.17339383
18008,0.07916034
18009,0.09588121
18010,0.36261863
18011,0.10990279
18012,0.008864022
18013,0.11575725
18014,0.036081485
18015,0.078333564
18016,0.13074048
18017,0.016059527
18018,0.19628076
18019,0.03349099
18020,0.15669332
18021,0.078097925
18022,0.066225685
18023,0.019844413
18024,0.037713442
18025,0.075125866
18026,0.30187783
18027,0.026038524
18028,0.016251596
18029,0.03455408
18030,0.045791723
18031,0.06928461
18032,0.14957951
18033,0.06538623
18034,0.2647953
18035,0.09068615
18036,0.032542147
18037,0.014002139
18038,0.0367393
18039,0.043060776
18040,0.022704652
18041,0.26892316
18042,0.15677482
18043,0.027431907
18044,0.11341845
18045,0.06067096
18046,0.008972187
18047,0.014366068
18048,0.4040942
18049,0.542322
18050,0.24266258
18051,0.062314324
18052,0.08402603
18053,0.044763505
18054,0.048511907
18055,0.08210518
18056,0.086560465
18057,0.07659094
18058,0.8186213
18059,0.067951016
18060,0.015280721
18061,0.06513489
18062,0.07435501
18063,0.012485329
18064,0.04448899
18065,0.13142757
18066,0.44736576
18067,0.0616108
18068,0.24500665
18069,0.03037757
18070,0.04899415
18071,0.027298596
18072,0.10545973
18073,0.03519425
18074,0.028139235
18075,0.00862623
18076,0.053705692
18077,0.06174771
18078,0.02667258
18079,0.015109131
18080,0.05789539
18081,0.011832291
18082,0.12789783
18083,0.034386635
18084,0.044486575
18085,0.014659188
18086,0.036718946
18087,0.085020676
18088,0.092419975
18089,0.01941591
18090,0.05635328
18091,0.83123803
18092,0.05506796
18093,0.22173129
18094,0.047429252
18095,0.03956921
18096,0.05328064
18097,0.06417985
18098,0.013703119
18099,0.28014514
18100,0.030333148
18101,0.0021230667
18102,0.013201204
18103,0.054629494
18104,0.09726156
18105,0.014812657
18106,0.11930568
18107,0.046865676
18108,0.026600532
18109,0.046579838
18110,0.41969222
18111,0.031014659
18112,0.021282624
18113,0.013826477
18114,0.01824011
18115,0.009721549
18116,0.05093411
18117,0.035842367
18118,0.1338866
18119,0.08014086
18120,0.016683793
18121,0.068266295
18122,0.18021443
18123,0.09815636
18124,0.08068772
18125,0.08886064
18126,0.03976681
18127,0.056955136
18128,0.18801527
18129,0.26762325
18130,0.1139052
18131,0.003538417
18132,0.041103233
18133,0.015252718
18134,0.013224524
18135,0.016849197
18136,0.014538078
18137,0.025366576
18138,0.016991943
18139,0.03118755
18140,0.06779013
18141,0.06615052
18142,0.13668095
18143,0.016519586
18144,0.12968504
18145,0.013206885
18146,0.17671438
18147,0.025995884
18148,0.011358927
18149,0.008447983
18150,0.017676122
18151,0.02545721
18152,0.01573703
18153,0.038905893
18154,0.016305227
18155,0.081274115
18156,0.03506283
18157,0.048837077
18158,0.021959603
18159,0.05551391
18160,0.026287057
18161,0.0110043585
18162,0.0059104455
18163,0.006127566
18164,0.1089512
18165,0.027325047
18166,0.049282834
18167,0.006786476
18168,0.031026196
18169,0.016549107
18170,0.106498055
18171,0.27286074
18172,0.06206559
18173,0.07762818
18174,0.06772314
18175,0.06309496
18176,0.02815748
18177,0.00629325
18178,0.08127942
18179,0.09897658
18180,0.005701094
18181,0.17137286
18182,0.021415198
18183,0.029853785
18184,0.046301592
18185,0.03834913
18186,0.017481681
18187,0.03531562
18188,0.008762804
18189,0.0128422
18190,0.01522975
18191,0.006395401
18192,0.038783345
18193,0.009437527
18194,0.0048803547
18195,0.061678134
18196,0.07988969
18197,0.0140975015
18198,0.007792676
18199,0.24422087
18200,0.013293001
18201,0.024378447
18202,0.019634975
18203,0.02857861
18204,0.0045415247
18205,0.009329648
18206,0.017164012
18207,0.054464206
18208,0.021283334
18209,0.015879484
18210,0.02661556
18211,0.035141163
18212,0.008219217
18213,0.015074518
18214,0.043188937
18215,0.14254136
18216,0.18009008
18217,0.022903856
18218,0.07913327
18219,0.024873491
18220,0.010502222
18221,0.025839794
18222,0.032816153
18223,0.17024891
18224,0.02946799
18225,0.024128191
18226,0.07514757
18227,0.03424974
18228,0.02729575
18229,0.11976548
18230,0.04602728
18231,0.059495397
18232,0.03616363
18233,0.40829626
18234,0.37323722
18235,0.028603598
18236,0.1552411
18237,0.045686767
18238,0.27361324
18239,0.07093057
18240,0.12969135
18241,0.008966133
18242,0.053522483
18243,0.050756466
18244,0.020886283
18245,0.27053702
18246,0.029110076
18247,0.6326915
18248,0.24938647
18249,0.04327062
18250,0.118003644
18251,0.02782611
18252,0.0
18253,0.041037444
18254,0.03010414
18255,0.06841607
18256,0.04377642
18257,0.015750268
18258,0.01874973
18259,0.100038424
18260,0.24222441
18261,0.46519557
18262,0.44309285
18263,0.06634885
18264,0.27287784
18265,0.021959137
18266,0.07181587
18267,0.049773246
18268,0.058418766
18269,0.056671955
18270,0.4281801
18271,0.12804946
18272,0.14747393
18273,0.49476844
18274,0.0799595
18275,0.011126856
18276,0.48196697
18277,0.06320595
18278,0.58382124
18279,0.057025075
18280,0.05158273
18281,0.036211204
18282,0.04412737
18283,0.08900345
18284,0.21581687
18285,0.06159329
18286,0.02462503
18287,0.021206489
18288,0.040320814
18289,0.28347704
18290,0.054702856
18291,0.035635643
18292,0.06385384
18293,0.061876994
18294,0.07428336
18295,0.036532234
18296,0.04530403
18297,0.10113985
18298,0.058004886
18299,0.15225609
18300,0.26977932
18301,0.054539654
18302,0.046054795
18303,0.029711647
18304,0.021163704
18305,0.4515638
18306,0.105413
18307,0.04290891
18308,0.27635965
18309,0.28957745
18310,0.08429493
18311,0.055685695
18312,0.024248078
18313,0.019956795
18314,0.011921325
18315,0.0053348187
18316,0.003446232
18317,0.10119806
18318,0.011069581
18319,0.070514865
18320,0.07921765
18321,0.07735443
18322,0.1468676
18323,0.4063619
18324,0.014567421
18325,0.15291573
18326,0.050957944
18327,0.013019306
18328,0.028800935
18329,0.023585299
18330,0.182955
18331,0.04304184
18332,0.014790142
18333,0.049292516
18334,0.058569986
18335,0.013602475
18336,0.11560007
18337,0.3865141
18338,0.049814463
18339,0.06293959
18340,0.015087569
18341,0.030733211
18342,0.05133284
18343,0.0729751
18344,0.012571074
18345,0.024320839
18346,0.010755009
18347,0.12964769
18348,0.15926626
18349,0.07962701
18350,0.078176506
18351,0.061231434
18352,0.03513383
18353,0.040265467
18354,0.032354835
18355,0.03894976
18356,0.09163491
18357,0.065003365
18358,0.22863151
18359,0.023090977
18360,0.06436296
18361,0.03802966
18362,0.024983965
18363,0.013043555
18364,0.026836507
18365,0.045779396
18366,0.023168305
18367,0.05544708
18368,0.20278038
18369,0.460166
18370,0.0467681
18371,0.049841214
18372,0.03544838
18373,0.105025604
18374,0.055721477
18375,0.011247955
18376,0.04993906
18377,0.15520397
18378,0.034018256
18379,0.025494576
18380,0.03595151
18381,0.0015723136
18382,0.17073153
18383,0.08118231
18384,0.26581907
18385,0.23680747
18386,0.25450754
18387,0.07313935
18388,0.052367803
18389,0.012858689
18390,0.053535342
18391,0.04755031
18392,0.008297015
18393,0.115828365
18394,0.056884095
18395,0.62174225
18396,0.12289929
18397,0.022194749
18398,0.1106197
18399,0.052208327
18400,0.04290015
18401,0.0118234325
18402,0.07148483
18403,0.021361055
18404,0.020121962
18405,0.02525086
18406,0.08317201
18407,0.05821465
18408,0.1827984
18409,0.074865706
18410,0.136717
18411,0.2394121
18412,0.44929036
18413,0.09547264
18414,0.032658156
18415,0.09360461
18416,0.015516668
18417,0.04938833
18418,0.009463621
18419,0.028939508
18420,0.01372453
18421,0.07983646
18422,0.056770876
18423,0.11931314
18424,0.051061068
18425,0.10414041
18426,0.04529326
18427,0.060177334
18428,0.036453307
18429,0.116954155
18430,0.029290795
18431,0.057668105
18432,0.030866692
18433,0.025421374
18434,0.05148423
18435,0.06448745
18436,0.08605276
18437,0.13238621
18438,0.12664305
18439,0.25351962
18440,0.14067142
18441,0.16521655
18442,0.019113848
18443,0.092981435
18444,0.016906686
18445,0.0651347
18446,0.00956401
18447,0.058883846
18448,0.09151729
18449,0.023046969
18450,0.04285753
18451,0.043078084
18452,0.01733892
18453,0.05857888
18454,0.07363959
18455,0.029399205
18456,0.05957923
18457,0.02168933
18458,0.09633287
18459,0.021357821
18460,0.043618727
18461,0.11964832
18462,0.06434244
18463,0.15493263
18464,0.3182291
18465,0.13078299
18466,0.1407256
18467,0.07727817
18468,0.106229156
18469,0.082686685
18470,0.0949396
18471,0.064052194
18472,0.008652231
18473,0.020902354
18474,0.18696699
18475,0.07503643
18476,0.09160993
18477,0.05199458
18478,0.07607957
18479,0.025625007
18480,0.019949263
18481,0.025351297
18482,0.050312735
18483,0.20009835
18484,0.069941565
18485,0.052989792
18486,0.13565682
18487,0.59883916
18488,0.11428767
18489,0.02558401
18490,0.4264261
18491,0.07711135
18492,0.2570965
18493,0.19611138
18494,0.077348486
18495,0.023495438
18496,0.057341583
18497,0.11880264
18498,0.04916907
18499,0.10326757
18500,0.15756385
18501,0.053598683
18502,0.24765396
18503,0.078110956
18504,0.06399418
18505,0.0075109047
18506,0.017182332
18507,0.023329347
18508,0.051224817
18509,0.079557545
18510,0.018318512
18511,0.13462828
18512,0.14928153
18513,0.25163227
18514,0.1060496
18515,0.04566998
18516,0.12767495
18517,0.19069134
18518,0.3857781
18519,0.072191164
18520,0.059230268
18521,0.024415785
18522,0.006592739
18523,0.072360806
18524,0.4569671
18525,0.041852545
18526,0.08485194
18527,0.3984038
18528,0.16340576
18529,0.012739491
18530,0.0049530794
18531,0.013809598
18532,0.052666925
18533,0.06406425
18534,0.2509621
18535,0.2589495
18536,0.1079994
18537,0.095884286
18538,0.15251392
18539,0.15321587
18540,0.15592676
18541,0.19157512
18542,0.393928
18543,0.10714123
18544,0.022724606
18545,0.06376461
18546,0.09224013
18547,0.066267796
18548,0.433864
18549,0.8692234
18550,0.0
18551,0.046529226
18552,0.3934412
18553,0.0486514
18554,0.38850138
18555,0.06241262
18556,0.08577985
18557,0.022528743
18558,0.05478606
18559,0.45111862
18560,0.059003375
18561,0.10583236
18562,0.2626611
18563,0.14763807
18564,0.2613905
18565,0.39092728
18566,0.4039773
18567,0.032387268
18568,0.28134003
18569,0.2528117
18570,0.11027123
18571,0.8677624
18572,0.30597532
18573,0.40989563
18574,0.032835662
18575,0.13060488
18576,0.08108457
18577,0.022657769
18578,0.013835679
18579,0.0012932267
18580,0.018392447
18581,0.073076144
18582,0.011197692
18583,0.011829993
18584,0.031993624
18585,0.16819808
18586,0.12831765
18587,0.115039125
18588,0.1412086
18589,0.104509905
18590,0.26419026
18591,0.26333088
18592,0.029880302
18593,0.11333098
18594,0.29579517
18595,0.063720636
18596,0.9785344
18597,0.8814347
18598,0.55813205
18599,0.031168386
18600,0.069200665
18601,0.43645757
18602,0.06821203
18603,0.006399622
18604,0.060894467
18605,0.01116376
18606,0.07118698
18607,0.08771613
18608,0.072606735
18609,0.015706887
18610,0.39459217
18611,0.02601578
18612,0.0559987
18613,0.14769533
18614,0.13373455
18615,0.07109984
18616,0.062036563
18617,0.25577387
18618,0.39181152
18619,0.027101759
18620,0.10922397
18621,0.08840522
18622,0.23798303
18623,0.97386175
18624,0.7920665
18625,0.51932144
18626,0.01800652
18627,0.068563215
18628,0.02573564
18629,0.32176298
18630,0.08415732
18631,0.2639355
18632,0.06933843
18633,0.02244546
18634,0.124508485
18635,0.14958549
18636,0.15129475
18637,0.16492184
18638,0.5191489
18639,0.4513247
18640,0.2405523
18641,0.16987762
18642,0.107077576
18643,0.06998478
18644,0.13490327
18645,0.05879839
18646,0.043222636
18647,0.11858733
18648,0.14300066
18649,0.06096316
18650,0.09814279
18651,0.018788995
18652,0.8215625
18653,0.97987324
18654,0.9851103
18655,0.13011444
18656,0.051166803
18657,0.14905247
18658,0.37694559
18659,0.020804534
18660,0.020966547
18661,0.02233433
18662,0.05044446
18663,0.12579392
18664,0.07064721
18665,0.48129472
18666,0.95853835
18667,0.09535255
18668,0.13199626
18669,0.12632406
18670,0.17163017
18671,0.090472534
18672,0.42278776
18673,0.25821462
18674,0.04178236
18675,0.09085214
18676,0.10259766
18677,0.102098845
18678,0.04415675
18679,0.01808381
18680,0.27630362
18681,0.29596403
18682,0.16486874
18683,0.07751247
18684,0.02799396
18685,0.113446556
18686,0.074489474
18687,0.26725987
18688,0.032594528
18689,0.045454
18690,0.05233183
18691,0.021418123
18692,0.020982508
18693,0.0626548
18694,0.06166254
18695,0.5018293
18696,0.8021164
18697,0.27377063
18698,0.19954054
18699,0.14314884
18700,0.19327931
18701,0.16859804
18702,0.4779667
18703,0.07901315
18704,0.0422245
18705,0.05066175
18706,0.0318387
18707,0.1290566
18708,0.16719517
18709,0.120899655
18710,0.44289964
18711,0.25796434
18712,0.2522078
18713,1.0
18714,0.11654745
18715,0.015696868
18716,0.14177428
18717,0.24339022
18718,0.02053934
18719,0.05716354
18720,0.43298185
18721,0.07228583
18722,0.044057433
18723,0.04853989
18724,0.06308092
18725,0.23856549
18726,0.41676965
18727,0.41539606
18728,0.52058053
18729,0.4513826
18730,0.17320523
18731,0.16490424
18732,0.3853496
18733,0.16117047
18734,0.070164815
18735,0.052290272
18736,0.4250196
18737,0.2619488
18738,0.06324433
18739,0.010385857
18740,0.50667894
18741,0.30599654
18742,0.008743863
18743,0.07886355
18744,0.12591073
18745,0.08479885
18746,0.049898416
18747,0.012502398
18748,0.010255394
18749,0.01566744
18750,0.033512592
18751,0.0705143
18752,0.11579865
18753,0.1213291
18754,0.14543737
18755,0.38203448
18756,0.77583236
18757,0.44450915
18758,0.39906713
18759,0.5729975
18760,0.10811246
18761,0.017943606
18762,0.047624968
18763,0.06466149
18764,0.1368611
18765,0.18478048
18766,0.06712935
18767,0.0283522
18768,0.07661659
18769,0.13891031
18770,0.013812362
18771,0.0073691877
18772,0.044231057
18773,0.11123026
18774,0.02468794
18775,0.013381201
18776,0.044677243
18777,0.01860224
18778,0.009988947
18779,0.03567864
18780,0.10076155
18781,0.070491515
18782,0.10320458
18783,0.44748774
18784,0.19855793
18785,0.3980732
18786,0.88325834
18787,0.6871715
18788,0.29347047
18789,0.10355778
18790,0.04468719
18791,0.021148525
18792,0.052892465
18793,0.107239775
18794,0.01625938
18795,0.0102245975
18796,0.03510085
18797,0.945269
18798,0.062064387
18799,0.019826194
18800,0.07928195
18801,0.055285018
18802,0.11384159
18803,0.04452274
18804,0.049669698
18805,0.041436397
18806,0.015786327
18807,0.016698236
18808,0.039582018
18809,0.1140778
18810,0.13616267
18811,0.56048506
18812,0.4020955
18813,0.25615102
18814,0.99014956
18815,0.39933676
18816,0.41104445
18817,0.25831124
18818,0.0035162566
18819,0.042116184
18820,0.032079402
18821,0.026279038
18822,0.058273975
18823,0.056342334
18824,0.013167229
18825,0.036788043
18826,0.08757611
18827,0.42746603
18828,0.09720829
18829,0.37335637
18830,0.0301356
18831,0.1016093
18832,0.13657303
18833,0.12055152
18834,0.14378345
18835,0.03973656
18836,0.030757895
18837,0.05109305
18838,0.15045112
18839,0.81900287
18840,0.43346152
18841,0.53482395
18842,0.2689551
18843,0.40466404
18844,0.1639557
18845,0.111798696
18846,0.039010994
18847,0.013761877
18848,0.050529405
18849,0.027581755
18850,0.119357646
18851,0.1279545
18852,0.06138256
18853,0.26082817
18854,0.022015745
18855,0.06441387
18856,0.0051382533
18857,0.25764614
18858,0.036493097
18859,0.009651053
18860,0.0145428665
18861,0.12964177
18862,0.24943142
18863,0.044474017
18864,0.0069462527
18865,0.3744725
18866,0.26612738
18867,0.08678509
18868,0.113227904
18869,0.027005685
18870,0.081988215
18871,0.08149354
18872,0.04897013
18873,0.117062196
18874,0.10663124
18875,0.046687294
18876,0.0023993044
18877,0.2272771
18878,0.08531755
18879,0.044273417
18880,0.14536725
18881,0.048925094
18882,0.065964915
18883,0.0098557705
18884,0.070274584
18885,0.19414368
18886,0.3825177
18887,0.506655
18888,0.09652867
18889,0.020049712
18890,0.030896017
18891,0.06580787
18892,0.06401643
18893,0.13374186
18894,0.008341309
18895,0.026011828
18896,0.017269291
18897,0.014259959
18898,0.010472459
18899,0.027665697
18900,0.09399609
18901,0.11681997
18902,0.3839556
18903,0.01776033
18904,0.024043852
18905,0.16223721
18906,0.08122233
18907,0.108476885
18908,0.37327975
18909,0.11246735
18910,0.008714299
18911,0.006560778
18912,0.22014797
18913,0.04133753
18914,0.019257715
18915,0.085647166
18916,0.11251771
18917,0.043611553
18918,0.015186022
18919,0.19153951
18920,0.01152699
18921,0.03341743
18922,0.14297323
18923,0.07742182
18924,0.059728023
18925,0.04109386
18926,0.071770616
18927,0.29327008
18928,0.024297442
18929,0.009214484
18930,0.031687733
18931,0.046749283
18932,0.06555511
18933,0.17493233
18934,0.06294735
18935,0.25032708
18936,0.094804265
18937,0.030451575
18938,0.011748557
18939,0.041590508
18940,0.04361892
18941,0.03297307
18942,0.2650443
18943,0.15357228
18944,0.023094423
18945,0.11273273
18946,0.06721256
18947,0.012621468
18948,0.4020734
18949,0.56810504
18950,0.111128695
18951,0.0591765
18952,0.009707022
18953,0.0809691
18954,0.04675775
18955,0.036254868
18956,0.07851958
18957,0.07397047
18958,0.077177286
18959,0.8596789
18960,0.06810867
18961,0.010912865
18962,0.063894466
18963,0.07651662
18964,0.013317996
18965,0.13605429
18966,0.3107224
18967,0.06849135
18968,0.15432978
18969,0.04679808
18970,0.024952265
18971,0.1013303
18972,0.034220986
18973,0.02909712
18974,0.0073578795
18975,0.05746886
18976,0.06076597
18977,0.023590125
18978,0.01908719
18979,0.056127336
18980,0.012281223
18981,0.13601281
18982,0.0456475
18983,0.029080354
18984,0.07788791
18985,0.08793954
18986,0.022839477
18987,0.052224252
18988,0.8575451
18989,0.05067567
18990,0.09491771
18991,0.047206454
18992,0.040283766
18993,0.055314723
18994,0.067309916
18995,0.015561544
18996,0.019424902
18997,0.40823254
18998,0.025986686
18999,0.0032516038
19000,0.0
19001,0.0033950424
19002,0.0118445
19003,0.0074924864
19004,0.053118628
19005,0.09655749
19006,0.014514851
19007,0.010603902
19008,0.10731866
19009,0.04247433
19010,0.002344472
19011,0.039723717
19012,0.25969753
19013,0.023093492
19014,0.0065468587
19015,0.025133964
19016,0.011787365
19017,0.059058607
19018,0.0074345698
19019,0.04208918
19020,0.008466488
19021,0.13275768
19022,0.08474383
19023,0.0035879589
19024,0.014458617
19025,0.015693208
19026,0.016107565
19027,0.079813406
19028,0.1691273
19029,0.090310395
19030,0.08695571
19031,0.078283675
19032,0.034855142
19033,0.048990805
19034,0.1775185
19035,0.2546403
19036,0.23864482
19037,0.009679293
19038,0.035603877
19039,0.016319273
19040,0.012215161
19041,0.012870195
19042,0.012289077
19043,0.020932397
19044,0.010559456
19045,0.017649826
19046,0.017827945
19047,0.008064803
19048,0.030071283
19049,0.068903886
19050,0.07069625
19051,0.13648024
19052,0.009670263
19053,0.009860587
19054,0.1374853
19055,0.011379435
19056,0.25929773
19057,0.018324075
19058,0.03130709
19059,0.012235744
19060,0.0096074445
19061,0.016857533
19062,0.020053184
19063,0.018968984
19064,0.032759804
19065,0.015459459
19066,0.07579155
19067,0.03057888
19068,0.049078755
19069,0.017099317
19070,0.05651431
19071,0.014398364
19072,0.01680996
19073,0.008233835
19074,0.09659557
19075,0.029160904
19076,0.045904238
19077,0.033043087
19078,0.007237026
19079,0.018175876
19080,0.106720716
19081,0.019842463
19082,0.0113973785
19083,0.013257555
19084,0.27497905
19085,0.06249689
19086,0.0664713
19087,0.06510816
19088,0.013254781
19089,0.06367726
19090,0.024789758
19091,0.008857996
19092,0.10313653
19093,0.017652556
19094,0.095999844
19095,0.17312196
19096,0.023509383
19097,0.043730535
19098,0.034155324
19099,0.025856689
19100,0.021610202
19101,0.010399605
19102,0.0064491294
19103,0.007813144
19104,0.038011733
19105,0.0106507335
19106,0.013032154
19107,0.05786101
19108,0.077144235
19109,0.18829869
19110,0.028926628
19111,0.004829149
19112,0.016800104
19113,0.05500925
19114,0.023917979
19115,0.03216675
19116,0.019259768
19117,0.038156603
19118,0.012084372
19119,0.15805323
19120,0.15434775
19121,0.0870634
19122,0.015759803
19123,0.008402109
19124,0.03877832
19125,0.027305853
19126,0.06369746
19127,0.0532363
19128,0.031896275
19129,0.043006115
19130,0.044553127
19131,0.08849263
19132,0.03986275
19133,0.0045420723
19134,0.11159498
19135,0.054132167
19136,0.04512268
19137,0.15389445
19138,0.39613143
19139,0.25391456
19140,0.050618235
19141,0.17632517
19142,0.10463028
19143,0.26695776
19144,0.040918007
19145,0.054322515
19146,0.04450984
19147,0.01621077
19148,0.13383672
19149,0.022064602
19150,0.65266967
19151,0.23894475
19152,0.009493812
19153,0.12088564
19154,0.032331083
19155,0.061076567
19156,0.039236803
19157,0.017664738
19158,0.011208397
19159,0.10024154
19160,0.2429399
19161,0.31096083
19162,0.46394598
19163,0.06851823
19164,0.12245478
19165,0.12311983
19166,0.018251298
19167,0.053736217
19168,0.04756855
19169,0.055990066
19170,0.07771395
19171,0.040590204
19172,0.40233564
19173,0.11399045
19174,0.123417825
19175,0.4635122
19176,0.0050684246
19177,0.45166674
19178,0.018597076
19179,0.06456184
19180,0.58862644
19181,0.055871725
19182,0.048293017
19183,0.035768084
19184,0.050276324
19185,0.09471939
19186,0.08004738
19187,0.056232255
19188,0.016791547
19189,0.023212971
19190,0.036166213
19191,0.28279728
19192,0.05290298
19193,0.03720338
19194,0.055645134
19195,0.059704967
19196,0.070761494
19197,0.028512076
19198,0.09947302
19199,0.046013728
19200,0.14616501
19201,0.14568532
19202,0.01220866
19203,0.045939814
19204,0.022703843
19205,0.0071561746
19206,0.45917505
19207,0.09394895
19208,0.046737783
19209,0.4132812
19210,0.4660819
19211,0.092066444
19212,0.052199066
19213,0.017719839
19214,0.024410935
19215,0.011085492
19216,0.0021738529
19217,0.031562846
19218,0.008889446
19219,0.061986033
19220,0.06974861
19221,0.10955472
19222,0.15268524
19223,0.43966922
19224,0.018572835
19225,0.15006594
19226,0.054587808
19227,0.009146462
19228,0.023724174
19229,0.021300111
19230,0.027833326
19231,0.27924165
19232,0.014459764
19233,0.03782707
19234,0.06276263
19235,0.05973818
19236,0.016588343
19237,0.22607179
19238,0.41051254
19239,0.05326911
19240,0.05354918
19241,0.019226007
19242,0.03057998
19243,0.05012505
19244,0.062767126
19245,0.0255791
19246,0.10950476
19247,0.16619064
19248,0.0790947
19249,0.06459976
19250,0.058246635
19251,0.03359249
19252,0.029353913
19253,0.03670598
19254,0.038446486
19255,0.1059849
19256,0.06332427
19257,0.24302757
19258,0.015006713
19259,0.05947336
19260,0.03925563
19261,0.02383879
19262,0.013862889
19263,0.020371469
19264,0.04096166
19265,0.021878138
19266,0.05885063
19267,0.21595503
19268,0.4561339
19269,0.047362678
19270,0.046136715
19271,0.02778728
19272,0.09014886
19273,0.05702437
19274,0.013459936
19275,0.051448915
19276,0.023611179
19277,0.15837832
19278,0.032602
19279,0.024633298
19280,0.036472514
19281,0.010170842
19282,0.17310975
19283,0.079869136
19284,0.2681571
19285,0.24022329
19286,0.24302503
19287,0.06621506
19288,0.05283092
19289,0.0193303
19290,0.05083575
19291,0.045359865
19292,0.007753253
19293,0.10875239
19294,0.053767882
19295,0.5667322
19296,0.12183172
19297,0.024610233
19298,0.11478946
19299,0.04842383
19300,0.021383999
19301,0.006185795
19302,0.067834884
19303,0.024208264
19304,0.011449899
19305,0.021502038
19306,0.02018621
19307,0.076706834
19308,0.050498545
19309,0.16888721
19310,0.070407294
19311,0.13097328
19312,0.23472121
19313,0.45715192
19314,0.07913454
19315,0.032665033
19316,0.08110586
19317,0.018474566
19318,0.04554177
19319,0.01112881
19320,0.028764436
19321,0.009391658
19322,0.07794205
19323,0.061142605
19324,0.12685996
19325,0.043000054
19326,0.089555964
19327,0.039214723
19328,0.05616649
19329,0.032567568
19330,0.12094221
19331,0.006730367
19332,0.047081858
19333,0.026808327
19334,0.011159572
19335,0.02695027
19336,0.04184917
19337,0.06315051
19338,0.08439988
19339,0.13051759
19340,0.11390954
19341,0.26149982
19342,0.14293778
19343,0.16604567
19344,0.017624376
19345,0.09414983
19346,0.06268458
19347,0.0466057
19348,0.07755515
19349,0.022863146
19350,0.052654017
19351,0.04217225
19352,0.05062386
19353,0.07450923
19354,0.026232362
19355,0.05096021
19356,0.025495382
19357,0.02321233
19358,0.08536346
19359,0.013953203
19360,0.046166223
19361,0.1333506
19362,0.06620084
19363,0.14606513
19364,0.32379118
19365,0.12554656
19366,0.24574438
19367,0.08115421
19368,0.10121369
19369,0.08535381
19370,0.09274356
19371,0.06463563
19372,0.012994066
19373,0.022964545
19374,0.27209115
19375,0.06643534
19376,0.08373508
19377,0.04526311
19378,0.0728667
19379,0.016516665
19380,0.025615536
19381,0.050662488
19382,0.32224467
19383,0.07082145
19384,0.042649698
19385,0.1219158
19386,0.5884458
19387,0.10723923
19388,0.025869198
19389,0.39208
19390,0.07706764
19391,0.26297715
19392,0.19570082
19393,0.07692461
19394,0.02349352
19395,0.053242512
19396,0.044811964
19397,0.0972027
19398,0.14910279
19399,0.045149755
19400,0.14521986
19401,0.07734214
19402,0.06841733
19403,0.01982434
19404,0.024374489
19405,0.054189637
19406,0.078280255
19407,0.020463672
19408,0.12782964
19409,0.15272781
19410,0.16228089
19411,0.10861849
19412,0.048587922
19413,0.1254617
19414,0.17644031
19415,0.3957437
19416,0.07371307
19417,0.010946331
19418,0.059841428
19419,0.020063302
19420,0.006574722
19421,0.056167275
19422,0.4557943
19423,0.03261765
19424,0.069504336
19425,0.36062336
19426,0.24237189
19427,0.005585683
19428,0.010028314
19429,0.049546305
19430,0.062201858
19431,0.2534302
19432,0.40090257
19433,0.10873075
19434,0.10579634
19435,0.2593306
19436,0.1496901
19437,0.14863884
19438,0.257795
19439,0.39601913
19440,0.1034127
19441,0.05279543
19442,0.07908742
19443,0.048843134
19444,0.26784173
19445,0.87109506
19446,0.046081666
19447,0.30305934
19448,0.049982715
19449,0.20896731
19450,0.06005894
19451,0.08383413
19452,0.026849264
19453,0.0560282
19454,0.002885886
19455,0.4264999
19456,0.16881712
19457,0.10729354
19458,0.24578407
19459,0.14844212
19460,0.26961187
19461,0.39990294
19462,0.39860386
19463,0.03050808
19464,0.17746793
19465,0.24345279
19466,0.12194527
19467,0.9425634
19468,0.4017606
19469,0.38424337
19470,0.024214733
19471,0.23157546
19472,0.07700144
19473,0.014526729
19474,0.011034224
19475,0.06696396
19476,0.016786152
19477,0.032908183
19478,0.074753605
19479,0.12257168
19480,0.10567227
19481,0.12494399
19482,0.100020535
19483,0.39280716
19484,0.39166036
19485,0.025730977
19486,0.11364173
19487,0.47332406
19488,0.022438021
19489,0.048073806
19490,0.9211693
19491,0.93456745
19492,0.5310604
19493,0.0035436375
19494,0.020073893
19495,0.05654706
19496,0.4256332
19497,0.077650644
19498,0.010425498
19499,0.052924372
19500,0.004194056
19501,0.009930067
19502,0.05903055
19503,0.075462565
19504,0.070235096
19505,0.013791425
19506,0.40708613
19507,0.021589551
19508,0.04709333
19509,0.14055796
19510,0.11712813
19511,0.06855597
19512,0.059772395
19513,0.4453175
19514,0.40839478
19515,0.026404183
19516,0.104387164
19517,0.09926557
19518,0.09546165
19519,0.9787063
19520,0.7615519
19521,0.4770252
19522,0.07972346
19523,0.023509327
19524,0.006043682
19525,0.29936394
19526,0.07079744
19527,0.18594764
19528,0.034088187
19529,0.07075199
19530,0.018670086
19531,0.114340134
19532,0.12232883
19533,0.1518428
19534,0.15098688
19535,0.5384371
19536,0.44355115
19537,0.25728709
19538,0.1707739
19539,0.10889324
19540,0.06953708
19541,0.13294797
19542,0.05587
19543,0.041126963
19544,0.03280371
19545,0.11971366
19546,0.1406104
19547,0.048657164
19548,0.090459734
19549,0.027151695
19550,0.80378497
19551,0.9850657
19552,0.9210514
19553,0.12397739
19554,0.04795222
19555,0.24260156
19556,0.009472548
19557,0.412021
19558,0.02072771
19559,0.016110145
19560,0.020455668
19561,0.044701803
19562,0.119493246
19563,0.07265688
19564,0.4879616
19565,0.9735661
19566,0.092296146
19567,0.12756252
19568,0.11436562
19569,0.16769361
19570,0.08780288
19571,0.45982894
19572,0.26291335
19573,0.045788236
19574,0.08215748
19575,0.09880408
19576,0.10107536
19577,0.0418683
19578,0.024066923
19579,0.27490923
19580,0.26638445
19581,0.17446175
19582,0.08256478
19583,0.11682788
19584,0.083860025
19585,0.2644447
19586,0.030864112
19587,0.03897451
19588,0.042318817
19589,0.02461661
19590,0.016995208
19591,0.055114385
19592,0.05727613
19593,0.47322303
19594,0.7642378
19595,0.2714623
19596,0.18561928
19597,0.1380534
19598,0.19165662
19599,0.16640745
19600,0.54559803
19601,0.084511265
19602,0.039606553
19603,0.034103658
19604,0.027350111
19605,0.13633984
19606,0.14254552
19607,0.22814208
19608,0.46080634
19609,0.39325702
19610,0.16554996
19611,0.9752294
19612,0.12990932
19613,0.019557476
19614,0.14214437
19615,0.23129545
19616,0.018928094
19617,0.05903438
19618,0.28763032
19619,0.066305585
19620,0.03999519
19621,0.04647168
19622,0.05741415
19623,0.2303108
19624,0.43284023
19625,0.25829795
19626,0.50604695
19627,0.41172156
19628,0.16601619
19629,0.1572795
19630,0.37753808
19631,0.01972868
19632,0.14795515
19633,0.076855466
19634,0.05248732
19635,0.41778186
19636,0.27152532
19637,0.05553117
19638,0.5344852
19639,0.43508536
19640,0.07900522
19641,0.12845255
19642,0.08173553
19643,0.05161921
19644,0.008127734
19645,0.0135267265
19646,0.03342183
19647,0.066014074
19648,0.11555706
19649,0.11043538
19650,0.13348095
19651,0.3816127
19652,0.7755939
19653,0.40623713
19654,0.3928088
19655,0.5928077
19656,0.105789654
19657,0.05538892
19658,0.06861175
19659,0.13752809
19660,0.24933903
19661,0.0656177
19662,0.028275307
19663,0.06797426
19664,0.13912435
19665,0.023483196
19666,0.0065896166
19667,0.04444573
19668,0.103703275
19669,0.023647372
19670,0.016682843
19671,0.03801277
19672,0.014978091
19673,0.009827111
19674,0.0328682
19675,0.091617405
19676,0.07197711
19677,0.10403697
19678,0.2417826
19679,0.17153482
19680,0.39760318
19681,0.85539854
19682,0.6793259
19683,0.28858268
19684,0.11322108
19685,0.04011008
19686,0.020336758
19687,0.051740795
19688,0.099791534
19689,0.024086116
19690,0.0063836044
19691,0.96684957
19692,0.058701154
19693,0.022211405
19694,0.075487584
19695,0.05516923
19696,0.11141688
19697,0.040510196
19698,0.048887715
19699,0.037178095
19700,0.01701534
19701,0.014737133
19702,0.03672922
19703,0.10719443
19704,0.12555233
19705,0.5688988
19706,0.3840975
19707,0.24768837
19708,0.93780833
19709,0.43246794
19710,0.45457888
19711,0.2490576
19712,0.036877524
19713,0.031882983
19714,0.03375963
19715,0.055326514
19716,0.056411684
19717,0.03412117
19718,0.07194072
19719,0.44462085
19720,0.09820788
19721,0.39898723
19722,0.035266697
19723,0.09289381
19724,0.13188426
19725,0.13212766
19726,0.1664992
19727,0.035643607
19728,0.029119423
19729,0.0073631313
19730,0.05089168
19731,0.15224715
19732,0.8511034
19733,0.4004944
19734,0.5198909
19735,0.38826978
19736,0.2714491
19737,0.1560504
19738,0.10133833
19739,0.033741895
19740,0.026114121
19741,0.016162932
19742,0.04971662
19743,0.030611617
19744,0.110640824
19745,0.11730743
19746,0.065887615
19747,0.28209803
19748,0.01847335
19749,0.06735228
19750,0.25447217
19751,0.042586867
19752,0.0132022025
19753,0.013133375
19754,0.13280766
19755,0.2540787
19756,0.04429515
19757,0.0068154503
19758,0.24178338
19759,0.26011872
19760,0.09223559
19761,0.10810776
19762,0.025403567
19763,0.07790437
19764,0.08874574
19765,0.048119638
19766,0.11792613
19767,0.10195834
19768,0.04189177
19769,0.019911263
19770,0.22911707
19771,0.011481781
19772,0.083824664
19773,0.039432757
19774,0.14015366
19775,0.042695444
19776,0.06732095
19777,0.012571203
19778,0.07107917
19779,0.19568023
19780,0.37856373
19781,0.49500874
19782,0.106987864
19783,0.019863576
19784,0.030641874
19785,0.06306103
19786,0.017525
19787,0.059465975
19788,0.12902534
19789,0.012712335
19790,0.023978127
19791,0.0071095265
19792,0.014584857
19793,0.018227704
19794,0.024595533
19795,0.092486955
19796,0.112688884
19797,0.4562445
19798,0.018029524
19799,0.019827532
19800,0.05757552
19801,0.07782984
19802,0.10964235
19803,0.3848328
19804,0.09773154
19805,0.117747374
19806,0.040969502
19807,0.08208207
19808,0.11723719
19809,0.045272887
19810,0.012865178
19811,0.005871178
19812,0.26658446
19813,0.012566912
19814,0.031436082
19815,0.14119264
19816,0.07880798
19817,0.05370506
19818,0.02060953
19819,0.030277975
19820,0.075525925
19821,0.2936336
19822,0.026681926
19823,0.010084694
19824,0.028484
19825,0.048523452
19826,0.055651616
19827,0.17755918
19828,0.060973555
19829,0.2543973
19830,0.07628145
19831,0.025821334
19832,0.047481306
19833,0.050784845
19834,0.025941458
19835,0.2606129
19836,0.16755494
19837,0.018540522
19838,0.106448136
19839,0.060640235
19840,0.009322353
19841,0.009937478
19842,0.3970619
19843,0.59327245
19844,0.23704484
19845,0.058650043
19846,0.08075667
19847,0.044293687
19848,0.03467749
19849,0.07844441
19850,0.09266174
19851,0.087233454
19852,0.9094248
19853,0.015906954
19854,0.07282626
19855,0.0115246335
19856,0.0825934
19857,0.0702678
19858,0.017517917
19859,0.033560667
19860,0.13570064
19861,0.31010938
19862,0.059651602
19863,0.14181367
19864,0.022608904
19865,0.056325026
19866,0.008379471
19867,0.02563986
19868,0.10050817
19869,0.030690495
19870,0.029329916
19871,0.0035950178
19872,0.047536127
19873,0.054821886
19874,0.015305952
19875,0.0085354345
19876,0.051555116
19877,0.015572335
19878,0.12342834
19879,0.046916854
19880,0.024798233
19881,0.073552184
19882,0.083975635
19883,0.022337312
19884,0.04362079
19885,0.88424337
19886,0.060290586
19887,0.13026105
19888,0.045321196
19889,0.036271144
19890,0.05306433
19891,0.057098202
19892,0.013098291
19893,0.017028894
19894,0.29848498
19895,0.024024013
19896,0.0017095621
19897,0.013164437
19898,0.009084531
19899,0.04876995
19900,0.094572216
19901,0.02030622
19902,0.0099608535
19903,0.11265947
19904,0.04191807
19905,0.022879245
19906,0.0
19907,0.039425723
19908,0.45176408
19909,0.023769138
19910,0.0011821031
19911,0.0198956
19912,0.009851037
19913,0.053251773
19914,0.033920202
19915,0.12791693
19916,0.08655275
19917,0.017423756
19918,0.015906798
19919,0.07244228
19920,0.26382658
19921,0.09450502
19922,0.084312394
19923,0.073745
19924,0.031336855
19925,0.060127832
19926,0.015986247
19927,0.16999632
19928,0.1696775
19929,0.34830377
19930,0.011239046
19931,0.008238335
19932,0.013552606
19933,0.012012737
19934,0.015477318
19935,0.012087797
19936,0.022118062
19937,0.006581148
19938,0.015681552
19939,0.0144290095
19940,0.023535721
19941,0.061325118
19942,0.055738796
19943,0.13864714
19944,0.12961885
19945,0.2526767
19946,0.027805693
19947,0.011219105
19948,0.01767771
19949,0.019698989
19950,0.006257743
19951,0.015589603
19952,0.032278467
19953,0.010343377
19954,0.014361305
19955,0.011413813
19956,0.012883393
19957,0.066275835
19958,0.026895782
19959,0.04180934
19960,0.011118902
19961,0.0560463
19962,0.012834858
19963,0.00977761
19964,0.006023457
19965,0.11592494
19966,0.026804604
19967,0.05066711
19968,0.011700227
19969,0.032399625
19970,0.012940655
19971,0.017228907
19972,0.1046316
19973,0.008372694
19974,0.26517156
19975,0.05403566
19976,0.06366717
19977,0.06775512
19978,0.06899867
19979,0.023643436
19980,0.009248603
19981,0.10600946
19982,0.019715846
19983,0.09814017
19984,0.1624413
19985,0.016789863
19986,0.033385307
19987,0.03219701
19988,0.04047367
19989,0.017365003
19990,0.003830071
19991,0.005346326
19992,0.011333953
19993,0.013247016
19994,0.0071901106
19995,0.061056446
19996,0.008578167
19997,0.07016235
19998,0.065867856
19999,0.17927872
20000,0.01505771
20001,0.004077442
20002,0.008636877
20003,0.0137232775
20004,0.047292262
20005,0.022756621
20006,0.012761659
20007,0.029932372
20008,0.03214679
20009,0.013544105
20010,0.036590256
20011,0.16744633
20012,0.17081834
20013,0.014328149
20014,0.084938705
20015,0.017537126
20016,0.029842472
20017,0.0550732
20018,0.030546261
20019,0.012593952
20020,0.067440875
20021,0.04574803
20022,0.08909259
20023,0.04063339
20024,0.031788744
20025,0.15432322
20026,0.041352056
20027,0.024710353
20028,0.048194192
20029,0.14786181
20030,0.2201257
20031,0.28057316
20032,0.4100687
20033,0.051642314
20034,0.23572907
20035,0.041296136
20036,0.023658141
20037,0.030551385
20038,0.011958108
20039,0.11943152
20040,0.041409988
20041,0.6909249
20042,0.13011588
20043,0.038400162
20044,0.12267591
20045,0.025384462
20046,0.0
20047,0.050349496
20048,0.03616211
20049,0.016356027
20050,0.102637544
20051,0.14159632
20052,0.46818015
20053,0.437487
20054,0.03601382
20055,0.12457006
20056,0.2324192
20057,0.019053318
20058,0.05446584
20059,0.052619405
20060,0.059749283
20061,0.06477301
20062,0.40096042
20063,0.11958134
20064,0.1293251
20065,0.52204615
20066,0.45512226
20067,0.056970593
20068,0.32130274
20069,0.04308915
20070,0.051154923
20071,0.029192133
20072,0.046696313
20073,0.09434635
20074,0.08609941
20075,0.014053214
20076,0.01987156
20077,0.03775449
20078,0.39114645
20079,0.06102272
20080,0.034285456
20081,0.06235612
20082,0.05483161
20083,0.07442301
20084,0.024142219
20085,0.09392939
20086,0.0337943
20087,0.054657362
20088,0.23944066
20089,0.14167883
20090,0.009119966
20091,0.050806135
20092,0.020870827
20093,0.009241086
20094,0.008838099
20095,0.52087545
20096,0.100337386
20097,0.051900964
20098,0.2703319
20099,0.46404687
20100,0.0017504868
20101,0.09199476
20102,0.052749336
20103,0.016883485
20104,0.02229761
20105,0.009851631
20106,0.037788898
20107,0.01031389
20108,0.052005317
20109,0.051134646
20110,0.07271954
20111,0.2499326
20112,0.44386622
20113,0.14340197
20114,0.050107744
20115,0.010698725
20116,0.017868191
20117,0.027111294
20118,0.27492893
20119,0.04268443
20120,0.036518496
20121,0.04615538
20122,0.23300593
20123,0.3270186
20124,0.062744
20125,0.052679915
20126,0.014877756
20127,0.029343178
20128,0.04878084
20129,0.069628686
20130,0.014814968
20131,0.11127999
20132,0.15446493
20133,0.06583884
20134,0.07306609
20135,0.05814565
20136,0.034974426
20137,0.033655386
20138,0.036656592
20139,0.035157766
20140,0.079081416
20141,0.058017395
20142,0.22923744
20143,0.018157773
20144,0.06007274
20145,0.032071617
20146,0.020578122
20147,0.018013703
20148,0.020683352
20149,0.04344938
20150,0.017098311
20151,0.051272318
20152,0.1874635
20153,0.26661864
20154,0.04869149
20155,0.04874237
20156,0.02572554
20157,0.0869409
20158,0.045717362
20159,0.049738117
20160,0.025335396
20161,0.15871915
20162,0.028045485
20163,0.025912784
20164,0.031681348
20165,0.0040299566
20166,0.06759332
20167,0.079612486
20168,0.25984558
20169,0.24252899
20170,0.24226919
20171,0.065904915
20172,0.049923927
20173,0.017725157
20174,0.05980003
20175,0.04921827
20176,0.010648204
20177,0.10605406
20178,0.051542044
20179,0.5785826
20180,0.12150658
20181,0.027941862
20182,0.10222761
20183,0.0484974
20184,0.03448473
20185,0.017405713
20186,0.014715747
20187,0.0038365673
20188,0.06164684
20189,0.018732408
20190,0.021972457
20191,0.072756715
20192,0.04751464
20193,0.08827589
20194,0.069867894
20195,0.13096324
20196,0.42761478
20197,0.44812134
20198,0.17770664
20199,0.03391987
20200,0.087605484
20201,0.020856276
20202,0.0446124
20203,0.02456376
20204,0.009221617
20205,0.07949354
20206,0.05593237
20207,0.11839388
20208,0.04405094
20209,0.09165227
20210,0.038317714
20211,0.05987619
20212,0.030651348
20213,0.010435694
20214,0.020760726
20215,0.13221796
20216,0.0071933256
20217,0.029852636
20218,0.054127358
20219,0.021348277
20220,0.009720374
20221,0.024056563
20222,0.037884746
20223,0.06387103
20224,0.07930642
20225,0.12126391
20226,0.11104743
20227,0.19718517
20228,0.23537311
20229,0.25345224
20230,0.017109036
20231,0.093399264
20232,0.06261284
20233,0.009485814
20234,0.044548392
20235,0.07486725
20236,0.042058818
20237,0.041764904
20238,0.05382832
20239,0.08261699
20240,0.025511477
20241,0.065815315
20242,0.025055252
20243,0.020176018
20244,0.076149195
20245,0.013077262
20246,0.044250783
20247,0.12853225
20248,0.068624884
20249,0.14173658
20250,0.31209013
20251,0.12315009
20252,0.2332726
20253,0.076375216
20254,0.10047263
20255,0.08306496
20256,0.0904729
20257,0.06355824
20258,0.01911044
20259,0.28138816
20260,0.077957906
20261,0.08570422
20262,0.044707607
20263,0.07315973
20264,0.016773276
20265,0.023752276
20266,0.019672208
20267,0.043407764
20268,0.30961224
20269,0.05962179
20270,0.044577263
20271,0.12409238
20272,0.6275098
20273,0.11387339
20274,0.02076033
20275,0.4084878
20276,0.07837165
20277,0.2547046
20278,0.19582815
20279,0.07596014
20280,0.007515221
20281,0.022650056
20282,0.046361867
20283,0.04432591
20284,0.1070779
20285,0.15528966
20286,0.04448513
20287,0.24118963
20288,0.072184555
20289,0.0047487514
20290,0.06434492
20291,0.016448535
20292,0.05426986
20293,0.07526905
20294,0.019690856
20295,0.12338773
20296,0.14294404
20297,0.25923103
20298,0.10585448
20299,0.04534838
20300,0.13112773
20301,0.2531725
20302,0.3724717
20303,0.071670644
20304,0.049021814
20305,0.020037133
20306,0.0065131355
20307,0.059835497
20308,0.47138304
20309,0.03271729
20310,0.07710761
20311,0.39537817
20312,0.24250436
20313,0.002668948
20314,0.007165558
20315,0.009842611
20316,0.045487426
20317,0.056978337
20318,0.263083
20319,0.4295038
20320,0.103010096
20321,0.09718676
20322,0.23704629
20323,0.14771684
20324,0.14225459
20325,0.25067243
20326,0.36949688
20327,0.09946853
20328,0.050894964
20329,0.08386482
20330,0.057907928
20331,0.26773885
20332,0.86750567
20333,0.0011609218
20334,0.049423136
20335,0.30127612
20336,0.05381319
20337,0.19347657
20338,0.014586444
20339,0.055407345
20340,0.07328124
20341,0.021800755
20342,0.052958384
20343,0.42904955
20344,0.15970573
20345,0.104280695
20346,0.1876839
20347,0.14162838
20348,0.26552263
20349,0.39362064
20350,0.38358527
20351,0.026623052
20352,0.1773259
20353,0.24213132
20354,0.106158875
20355,0.9149902
20356,0.4207512
20357,0.41025466
20358,0.0
20359,0.02042286
20360,0.23235388
20361,0.065489314
20362,0.018938864
20363,0.012564782
20364,0.06463036
20365,0.006969175
20366,0.011902086
20367,0.015784672
20368,0.035095517
20369,0.07285789
20370,0.11022068
20371,0.104473785
20372,0.12910625
20373,0.10048673
20374,0.4253243
20375,0.2591173
20376,0.030626092
20377,0.1087666
20378,0.21920204
20379,0.021133339
20380,0.05970592
20381,0.9812318
20382,0.9036742
20383,0.5717998
20384,0.022562606
20385,0.06291327
20386,0.4057956
20387,0.066330254
20388,0.011428749
20389,0.050754372
20390,0.0077133407
20391,0.059516165
20392,0.06907603
20393,0.06487177
20394,0.009521344
20395,0.41061625
20396,0.022644278
20397,0.043088682
20398,0.1369748
20399,0.115360655
20400,0.067600206
20401,0.061121177
20402,0.45845854
20403,0.428361
20404,0.026924567
20405,0.11087949
20406,0.09247094
20407,0.095782064
20408,0.9688449
20409,0.79096097
20410,0.5365715
20411,0.020679504
20412,0.09526819
20413,0.028979436
20414,0.39949846
20415,0.06989008
20416,0.26944143
20417,0.036181375
20418,0.072162196
20419,0.020845518
20420,0.11597778
20421,0.1448425
20422,0.15027715
20423,0.14638305
20424,0.54854214
20425,0.43342805
20426,0.23880874
20427,0.15047787
20428,0.11000976
20429,0.06487712
20430,0.13731252
20431,0.06091598
20432,0.04396626
20433,0.13461584
20434,0.14279129
20435,0.053055044
20436,0.2094491
20437,0.03199522
20438,0.8883334
20439,0.9679099
20440,0.93658763
20441,0.14027458
20442,0.05378485
20443,0.24839658
20444,0.014535206
20445,0.43694103
20446,0.028833367
20447,0.019138563
20448,0.017207248
20449,0.041229095
20450,0.124778725
20451,0.06710295
20452,0.43144855
20453,0.97138226
20454,0.0902824
20455,0.12580332
20456,0.107691474
20457,0.2223942
20458,0.08311091
20459,0.42678124
20460,0.27162835
20461,0.047148384
20462,0.085991144
20463,0.10136429
20464,0.09232405
20465,0.04191443
20466,0.026238233
20467,0.29741132
20468,0.27914613
20469,0.16968909
20470,0.077487715
20471,0.027503302
20472,0.121336095
20473,0.07659678
20474,0.18761383
20475,0.027763253
20476,0.03920338
20477,0.039970253
20478,0.020175442
20479,0.017283196
20480,0.054127406
20481,0.05430441
20482,0.50283945
20483,0.7644127
20484,0.36441484
20485,0.25823802
20486,0.12795444
20487,0.18437265
20488,0.1670381
20489,0.50110996
20490,0.06849573
20491,0.036606424
20492,0.026341485
20493,0.13782635
20494,0.1573265
20495,0.14456038
20496,0.2757503
20497,0.40113956
20498,0.17635137
20499,1.0
20500,0.13356306
20501,0.019921757
20502,0.13328241
20503,0.23545471
20504,0.022740973
20505,0.055528235
20506,0.28061616
20507,0.06788282
20508,0.03362856
20509,0.045145463
20510,0.05886014
20511,0.12220037
20512,0.4534165
20513,0.27058607
20514,0.51993734
20515,0.30287057
20516,0.16039833
20517,0.15737724
20518,0.39846006
20519,0.24306232
20520,0.074574895
20521,0.04826007
20522,0.41527885
20523,0.19911243
20524,0.053320754
20525,0.48629335
20526,0.28550294
20527,0.007813038
20528,0.079808734
20529,0.13006467
20530,0.09016923
20531,0.04830115
20532,0.014202969
20533,0.027998652
20534,0.06703197
20535,0.09691504
20536,0.10256486
20537,0.13850217
20538,0.39967436
20539,0.7559703
20540,0.4301307
20541,0.40177834
20542,0.5565453
20543,0.10843436
20544,0.047470413
20545,0.06631875
20546,0.13765186
20547,0.20547874
20548,0.05697196
20549,0.034964338
20550,0.0933648
20551,0.14713348
20552,0.023465803
20553,0.0063018873
20554,0.052058168
20555,0.1050304
20556,0.023460481
20557,0.03973025
20558,0.009026848
20559,0.031034216
20560,0.08559054
20561,0.065065086
20562,0.09872231
20563,0.47470734
20564,0.26418272
20565,0.37758678
20566,0.8839871
20567,0.6726752
20568,0.28238663
20569,0.100881204
20570,0.044301923
20571,0.019617317
20572,0.04777366
20573,0.120599784
20574,0.01402988
20575,0.012361916
20576,0.037188593
20577,0.97745484
20578,0.055676866
20579,0.01825134
20580,0.077056184
20581,0.055922423
20582,0.11652179
20583,0.043412562
20584,0.048043244
20585,0.013092074
20586,0.037143927
20587,0.013075389
20588,0.011167504
20589,0.034850787
20590,0.10123772
20591,0.12708957
20592,0.5686486
20593,0.41239604
20594,0.27523863
20595,0.98074967
20596,0.41445437
20597,0.4517932
20598,0.2551231
20599,0.029564248
20600,0.023977913
20601,0.06595139
20602,0.058216974
20603,0.023200838
20604,0.024240846
20605,0.06889632
20606,0.4410776
20607,0.086805515
20608,0.38868937
20609,0.034367293
20610,0.092084676
20611,0.12092679
20612,0.12086453
20613,0.15638803
20614,0.03920911
20615,0.007979944
20616,0.048859403
20617,0.14982453
20618,0.9190552
20619,0.396628
20620,0.5759816
20621,0.25660583
20622,0.39151892
20623,0.1673672
20624,0.09423774
20625,0.034193993
20626,0.013076088
20627,0.051984333
20628,0.030944321
20629,0.11317315
20630,0.110789865
20631,0.06209713
20632,0.3831949
20633,0.024989065
20634,0.07395597
20635,0.0043014623
20636,0.4280227
20637,0.036456857
20638,0.010690503
20639,0.011518306
20640,0.105887696
20641,0.46987426
20642,0.04308708
20643,0.008124941
20644,0.24614432
20645,0.2547555
20646,0.08384077
20647,0.11212404
20648,0.021214131
20649,0.0814087
20650,0.09016691
20651,0.050588276
20652,0.13545671
20653,0.1032905
20654,0.0426372
20655,0.022109052
20656,0.008122045
20657,0.12584728
20658,0.010782213
20659,0.082574464
20660,0.0036443914
20661,0.04180148
20662,0.13484712
20663,0.043413784
20664,0.062262665
20665,0.010964596
20666,0.06958109
20667,0.1915899
20668,0.3899823
20669,0.4624501
20670,0.10181597
20671,0.007190984
20672,0.029471584
20673,0.06692993
20674,0.019238174
20675,0.06987113
20676,0.1259516
20677,0.015484286
20678,0.021759814
20679,0.010329105
20680,0.02641825
20681,0.016840946
20682,0.02762198
20683,0.08823524
20684,0.104551256
20685,0.47408238
20686,0.022126807
20687,0.021152277
20688,0.16570401
20689,0.08199401
20690,0.11293894
20691,0.39829165
20692,0.117399395
20693,0.009912117
20694,0.13586706
20695,0.03759474
20696,0.017199317
20697,0.086518735
20698,0.11264843
20699,0.048027474
20700,0.014503444
20701,0.004958259
20702,0.26425853
20703,0.022868063
20704,0.018046072
20705,0.030008134
20706,0.13397387
20707,0.075500205
20708,0.052125122
20709,0.01715075
20710,0.031442415
20711,0.07129932
20712,0.28466004
20713,0.024410915
20714,0.0
20715,0.0155112045
20716,0.031496204
20717,0.05216988
20718,0.0665708
20719,0.2530556
20720,0.058552556
20721,0.25974223
20722,0.07856407
20723,0.03354666
20724,0.015958872
20725,0.044756297
20726,0.049914654
20727,0.026231786
20728,0.18839015
20729,0.018246021
20730,0.16154097
20731,0.019993782
20732,0.105491
20733,0.059545003
20734,0.011274251
20735,0.41348985
20736,0.59084105
20737,0.10157305
20738,0.047667526
20739,0.010331375
20740,0.08069607
20741,0.04694212
20742,0.03943425
20743,0.08303789
20744,0.081850655
20745,0.07423556
20746,0.852162
20747,0.0168098
20748,0.07608982
20749,0.07198372
20750,0.06847999
20751,0.013764059
20752,0.03944344
20753,0.12357875
20754,0.44725156
20755,0.06879023
20756,0.141915
20757,0.023076758
20758,0.052250985
20759,0.008674146
20760,0.02395031
20761,0.09646412
20762,0.030199917
20763,0.02407989
20764,0.05662255
20765,0.05038217
20766,0.022765078
20767,0.057738423
20768,0.008689495
20769,0.011565113
20770,0.12328655
20771,0.035239354
20772,0.0499114
20773,0.0179158
20774,0.02990238
20775,0.07313217
20776,0.09261178
20777,0.020485397
20778,0.05084763
20779,0.93033135
20780,0.053536464
20781,0.10525633
20782,0.037807487
20783,0.051507786
20784,0.057297546
20785,0.012987469
20786,0.017177347
20787,0.43944567
20788,0.028224919
20789,0.004577281
20790,0.015692731
20791,0.053333662
20792,0.1036677
20793,0.021178227
20794,0.0110905785
20795,0.10033729
20796,0.046478696
20797,0.021697845
20798,0.050352942
20799,0.4530814
20800,0.022843014
20801,0.020441433
20802,0.018842628
20803,0.010107028
20804,0.051883113
20805,0.034632202
20806,0.12991846
20807,0.07988304
20808,0.015868181
20809,0.01578749
20810,0.0048046927
20811,0.07566007
20812,0.24904668
20813,0.10610584
20814,0.090056375
20815,0.06878543
20816,0.029952014
20817,0.048531454
20818,0.013984647
20819,0.17221868
20820,0.26631144
20821,0.37990087
20822,0.0075876582
20823,0.013650459
20824,0.010743118
20825,0.007199507
20826,0.021819016
20827,0.0076944823
20828,0.005882049
20829,0.01670813
20830,0.01334802
20831,0.006820949
20832,0.028142618
20833,0.065159135
20834,0.05955409
20835,0.11699389
20836,0.018131047
20837,0.117249556
20838,0.0135785015
20839,0.25410303
20840,0.009272376
20841,0.0046371305
20842,0.02475921
20843,0.012034349
20844,0.017031096
20845,0.019352814
20846,0.014457185
20847,0.03271326
20848,0.07482027
20849,0.027180972
20850,0.042007897
20851,0.060030513
20852,0.015355198
20853,0.004189981
20854,0.014408606
20855,0.006399881
20856,0.10250335
20857,0.026082605
20858,0.049986247
20859,0.0059909048
20860,0.033831142
20861,0.013861937
20862,0.1075412
20863,0.010913567
20864,0.0094099585
20865,0.39179
20866,0.056707058
20867,0.070230685
20868,0.052991763
20869,0.026049
20870,0.007767015
20871,0.10281388
20872,0.01691263
20873,0.09332893
20874,0.15189596
20875,0.018898094
20876,0.037860595
20877,0.03736032
20878,0.0432514
20879,0.020983579
20880,0.025227264
20881,0.0056526763
20882,0.005681798
20883,0.033742625
20884,0.009654927
20885,0.07649537
20886,0.07065255
20887,0.0399055
20888,0.0048661316
20889,0.1931167
20890,0.022563456
20891,0.024518041
20892,0.020897875
20893,0.007715556
20894,0.01427385
20895,0.04772412
20896,0.022725666
20897,0.015121901
20898,0.036716282
20899,0.032685865
20900,0.03607773
20901,0.16434127
20902,0.18117917
20903,0.022491898
20904,0.093861364
20905,0.020251868
20906,0.032587223
20907,0.04808744
20908,0.027634487
20909,0.03232579
20910,0.03700093
20911,0.04642842
20912,0.086007416
20913,0.03269553
20914,0.13285336
20915,0.038269933
20916,0.050022922
20917,0.02279952
20918,0.24161032
20919,0.37679988
20920,0.14548317
20921,0.02578052
20922,0.27101767
20923,0.054084934
20924,0.24326658
20925,0.039711628
20926,0.006504511
20927,0.054530222
20928,0.010659895
20929,0.028845066
20930,0.014697255
20931,0.10394037
20932,0.028247243
20933,0.62618893
20934,0.113539904
20935,0.11775798
20936,0.03354627
20937,0.0
20938,0.028897198
20939,0.051522817
20940,0.032197427
20941,0.031737413
20942,0.081271715
20943,0.116925284
20944,0.4455328
20945,0.41807762
20946,0.044565488
20947,0.056484602
20948,0.09707239
20949,0.41870123
20950,0.06603679
20951,0.040879555
20952,0.047604382
20953,0.046463877
20954,0.39688534
20955,0.11038585
20956,0.113290004
20957,0.4713036
20958,0.078140035
20959,0.47300336
20960,0.06709724
20961,0.5772746
20962,0.04728376
20963,0.049585562
20964,0.032791093
20965,0.049918853
20966,0.09487788
20967,0.09665408
20968,0.074749
20969,0.018531242
20970,0.043471258
20971,0.36977
20972,0.05088493
20973,0.03736832
20974,0.06418033
20975,0.063066706
20976,0.07141005
20977,0.022428524
20978,0.030811649
20979,0.06923168
20980,0.021455854
20981,0.050779875
20982,0.23895082
20983,0.03440576
20984,0.136981
20985,0.0061504967
20986,0.030309811
20987,0.044909805
20988,0.017303362
20989,0.47139618
20990,0.089122765
20991,0.0493476
20992,0.13668717
20993,0.47201133
20994,0.091034226
20995,0.050125256
20996,0.015735015
20997,0.023488488
20998,0.011441151
20999,0.0
21000,0.03564799
21001,0.004535798
21002,0.056525994
21003,0.07452051
21004,0.06253269
21005,0.1457658
21006,0.2855191
21007,0.14481302
21008,0.055473574
21009,0.026988272
21010,0.019796034
21011,0.027045084
21012,0.25007492
21013,0.01182092
21014,0.05197998
21015,0.042935453
21016,0.040121064
21017,0.012257134
21018,0.088065155
21019,0.34301698
21020,0.050420243
21021,0.04861758
21022,0.013752563
21023,0.030329654
21024,0.053400237
21025,0.074375324
21026,0.01848962
21027,0.0052853585
21028,0.11873942
21029,0.15052275
21030,0.07539815
21031,0.06978207
21032,0.046649855
21033,0.0052725007
21034,0.03242434
21035,0.034971792
21036,0.037974216
21037,0.036046114
21038,0.09810964
21039,0.058687676
21040,0.22446792
21041,0.01200479
21042,0.056612484
21043,0.03152521
21044,0.0145198405
21045,0.013403533
21046,0.014652387
21047,0.03978242
21048,0.021756697
21049,0.06657063
21050,0.18541688
21051,0.43548843
21052,0.0511831
21053,0.04406329
21054,0.028462898
21055,0.095284544
21056,0.0427887
21057,0.009677737
21058,0.05148541
21059,0.022213502
21060,0.16527751
21061,0.028679095
21062,0.03249061
21063,0.03210802
21064,0.010325562
21065,0.1649729
21066,0.07397235
21067,0.24765888
21068,0.24201024
21069,0.41921774
21070,0.058987632
21071,0.051675983
21072,0.016284348
21073,0.047320567
21074,0.047749314
21075,0.005085365
21076,0.11727787
21077,0.050161175
21078,0.61099344
21079,0.114412375
21080,0.026617642
21081,0.10981671
21082,0.04565924
21083,0.044048257
21084,0.015459133
21085,0.007394679
21086,0.003239219
21087,0.00413118
21088,0.057427615
21089,0.018355142
21090,0.019956732
21091,0.084039524
21092,0.04977768
21093,0.08943241
21094,0.069437616
21095,0.13041474
21096,0.23431355
21097,0.45790413
21098,0.084350936
21099,0.03156372
21100,0.08189357
21101,0.014701797
21102,0.046279933
21103,0.025144244
21104,0.0073918616
21105,0.07567301
21106,0.059881657
21107,0.12317299
21108,0.048844088
21109,0.109712936
21110,0.040162645
21111,0.052380253
21112,0.030327976
21113,0.0103794625
21114,0.014813126
21115,0.22366267
21116,0.009770971
21117,0.028420895
21118,0.058014702
21119,0.022175563
21120,0.02269891
21121,0.039830964
21122,0.063908555
21123,0.08429286
21124,0.12267173
21125,0.111323446
21126,0.2555801
21127,0.24528497
21128,0.16594757
21129,0.019869052
21130,0.09637132
21131,0.06457787
21132,0.008010675
21133,0.035547838
21134,0.097379856
21135,0.011459833
21136,0.04136193
21137,0.038884457
21138,0.055096958
21139,0.07233456
21140,0.026504355
21141,0.05825723
21142,0.02387725
21143,0.013715304
21144,0.09246923
21145,0.012664134
21146,0.049316827
21147,0.12401575
21148,0.06368767
21149,0.1445697
21150,0.37132093
21151,0.11799193
21152,0.1381602
21153,0.080262735
21154,0.100007035
21155,0.07761688
21156,0.08834688
21157,0.06569333
21158,0.02653333
21159,0.19835915
21160,0.07019221
21161,0.08050233
21162,0.057384476
21163,0.0708164
21164,0.014556581
21165,0.020107113
21166,0.01856368
21167,0.022957774
21168,0.043210816
21169,0.31149384
21170,0.06691284
21171,0.04677909
21172,0.12179635
21173,0.5892153
21174,0.09822926
21175,0.022469591
21176,0.42455
21177,0.08776487
21178,0.24967174
21179,0.27261266
21180,0.07073039
21181,0.054947168
21182,0.049900834
21183,0.105617374
21184,0.14746004
21185,0.042012222
21186,0.22353
21187,0.07037114
21188,0.057785664
21189,0.018443763
21190,0.022161257
21191,0.05023265
21192,0.075865395
21193,0.017477214
21194,0.12305741
21195,0.14193827
21196,0.17174304
21197,0.1196137
21198,0.04865242
21199,0.13234544
21200,0.18450838
21201,0.37384325
21202,0.07242819
21203,0.013606451
21204,0.05400831
21205,0.019085804
21206,0.010285355
21207,0.06728336
21208,0.48365614
21209,0.033906974
21210,0.093523726
21211,0.3709479
21212,0.23212743
21213,0.00947803
21214,0.01044765
21215,0.03982121
21216,0.058914155
21217,0.27423167
21218,0.44574776
21219,0.011759116
21220,0.105974935
21221,0.11585728
21222,0.21330068
21223,0.14944457
21224,0.14647818
21225,0.19060953
21226,0.39567024
21227,0.10134776
21228,0.049728885
21229,0.083843745
21230,0.05539549
21231,0.2690729
21232,0.86300945
21233,0.0
21234,0.046057865
21235,0.36447656
21236,0.014518449
21237,0.045420922
21238,0.19804448
21239,0.05042368
21240,0.07196594
21241,0.022124616
21242,0.05026593
21243,0.0
21244,0.46152082
21245,0.15035984
21246,0.10650272
21247,0.24387333
21248,0.14813955
21249,0.25192624
21250,0.4164922
21251,0.38917053
21252,0.026021715
21253,0.17710634
21254,0.23410733
21255,0.11593419
21256,0.86164725
21257,0.37155566
21258,0.39816445
21259,0.0
21260,0.02219478
21261,0.22894847
21262,0.06542235
21263,0.015599372
21264,0.012964347
21265,0.05211062
21266,0.008751277
21267,0.01296752
21268,0.030987654
21269,0.078273274
21270,0.11719998
21271,0.10834522
21272,0.13694301
21273,0.09432788
21274,0.43964016
21275,0.24773562
21276,0.03146861
21277,0.106862776
21278,0.267845
21279,0.021393118
21280,0.05332165
21281,0.9403386
21282,0.9051503
21283,0.54777354
21284,0.027345646
21285,0.027440133
21286,0.06665367
21287,0.4274858
21288,0.07235741
21289,0.011576637
21290,0.052204557
21291,0.008096758
21292,0.058596525
21293,0.06889265
21294,0.06719362
21295,0.013905258
21296,0.44809127
21297,0.022641366
21298,0.05077264
21299,0.23640902
21300,0.11814818
21301,0.06139522
21302,0.06250661
21303,0.44985297
21304,0.40343598
21305,0.016261658
21306,0.09823753
21307,0.08587743
21308,0.09348955
21309,0.9736357
21310,0.773904
21311,0.56347823
21312,0.017263113
21313,0.085921735
21314,0.023533076
21315,0.37293032
21316,0.071318775
21317,0.36241767
21318,0.03586924
21319,0.06364591
21320,0.020568827
21321,0.1130103
21322,0.116762556
21323,0.1523486
21324,0.15207987
21325,0.54519904
21326,0.4206573
21327,0.23006636
21328,0.1522417
21329,0.103081666
21330,0.061141077
21331,0.12517476
21332,0.061751842
21333,0.16404745
21334,0.2209677
21335,0.13811003
21336,0.045955412
21337,0.093575686
21338,0.019069428
21339,0.81972206
21340,0.9914453
21341,0.9478066
21342,0.12452689
21343,0.050535828
21344,0.24579573
21345,0.4010297
21346,0.016841903
21347,0.041244004
21348,0.11585244
21349,0.06586748
21350,0.4994935
21351,0.98889273
21352,0.086863495
21353,0.117470935
21354,0.11151574
21355,0.1597609
21356,0.089585915
21357,0.44300085
21358,0.26262316
21359,0.0412973
21360,0.075846404
21361,0.09298103
21362,0.09739143
21363,0.036533825
21364,0.018640064
21365,0.27690348
21366,0.27673703
21367,0.17113474
21368,0.078586504
21369,0.09874088
21370,0.07664307
21371,0.25558594
21372,0.02551068
21373,0.040920123
21374,0.038688574
21375,0.018994568
21376,0.060136616
21377,0.057172257
21378,0.5175939
21379,0.7773803
21380,0.36959484
21381,0.2614823
21382,0.12260843
21383,0.17546713
21384,0.16690737
21385,0.48541617
21386,0.08411713
21387,0.036750942
21388,0.019866578
21389,0.12269083
21390,0.14647715
21391,0.1362627
21392,0.28303415
21393,0.24868481
21394,0.24493955
21395,0.99828386
21396,0.23834474
21397,0.016164288
21398,0.1406015
21399,0.22618343
21400,0.018288141
21401,0.04844697
21402,0.44368014
21403,0.06665036
21404,0.034027647
21405,0.048378687
21406,0.060721215
21407,0.15349443
21408,0.44723505
21409,0.42295945
21410,0.5304792
21411,0.3015003
21412,0.16195734
21413,0.1576906
21414,0.2715501
21415,0.017937833
21416,0.23668817
21417,0.06642899
21418,0.05271513
21419,0.42889506
21420,0.26573023
21421,0.053486913
21422,0.48223135
21423,0.28876626
21424,0.0082744
21425,0.07734019
21426,0.11559477
21427,0.08501663
21428,0.010915166
21429,0.012607099
21430,0.02576976
21431,0.06644854
21432,0.10699685
21433,0.102703065
21434,0.13139713
21435,0.37637267
21436,0.7519464
21437,0.40975672
21438,0.37821668
21439,0.5772545
21440,0.10445215
21441,0.01317213
21442,0.05252989
21443,0.05893574
21444,0.13011716
21445,0.25573084
21446,0.08200299
21447,0.026251338
21448,0.07955443
21449,0.12813567
21450,0.0043499903
21451,0.050826803
21452,0.10461784
21453,0.022382353
21454,0.015073594
21455,0.028959671
21456,0.018948507
21457,0.008016394
21458,0.03415666
21459,0.08547344
21460,0.06476474
21461,0.10091017
21462,0.47795925
21463,0.17967266
21464,0.39556172
21465,0.8933889
21466,0.6587532
21467,0.3906754
21468,0.11907401
21469,0.039039478
21470,0.019037075
21471,0.05367036
21472,0.11512759
21473,0.0109107215
21474,0.011070296
21475,0.032896765
21476,0.9673236
21477,0.060272444
21478,0.018705089
21479,0.08120234
21480,0.05997485
21481,0.21571517
21482,0.05139243
21483,0.014943169
21484,0.033098515
21485,0.00979523
21486,0.012586062
21487,0.033061333
21488,0.098185584
21489,0.12213965
21490,0.5720202
21491,0.38297448
21492,0.25773302
21493,0.9994514
21494,0.39525574
21495,0.47210908
21496,0.24426638
21497,0.03501865
21498,0.027475389
21499,0.058698867
21500,0.049222138
21501,0.034518246
21502,0.07626379
21503,0.42260095
21504,0.22774503
21505,0.3849557
21506,0.022577778
21507,0.100620046
21508,0.119489565
21509,0.112698816
21510,0.15068099
21511,0.032090392
21512,0.023996852
21513,0.005462504
21514,0.047079496
21515,0.152453
21516,0.87002796
21517,0.4672195
21518,0.5890502
21519,0.25904888
21520,0.26937905
21521,0.2468989
21522,0.10688907
21523,0.036150865
21524,0.0070889583
21525,0.045303006
21526,0.02606075
21527,0.11691677
21528,0.0951876
21529,0.055694185
21530,0.25947157
21531,0.022844909
21532,0.06560466
21533,0.010564844
21534,0.39744693
21535,0.047835235
21536,0.010282407
21537,0.010299124
21538,0.12779427
21539,0.24338418
21540,0.043099403
21541,0.009259538
21542,0.24358544
21543,0.15763703
21544,0.08970471
21545,0.10257734
21546,0.025904845
21547,0.08499511
21548,0.07758624
21549,0.045959845
21550,0.11719005
21551,0.105435245
21552,0.03599703
21553,0.022693792
21554,0.120541245
21555,0.012960943
21556,0.018899154
21557,0.08908138
21558,0.038203206
21559,0.124812424
21560,0.041355904
21561,0.06432956
21562,0.009322084
21563,0.06901227
21564,0.25318345
21565,0.36762533
21566,0.49351233
21567,0.1124665
21568,0.057460956
21569,0.056146864
21570,0.11434879
21571,0.007867262
21572,0.02978299
21573,0.012055488
21574,0.021828298
21575,0.09337541
21576,0.101934254
21577,0.4605822
21578,0.0146810105
21579,0.025289096
21580,0.15440266
21581,0.07428005
21582,0.10893884
21583,0.3977722
21584,0.11112061
21585,0.0030550126
21586,0.129961
21587,0.033843722
21588,0.015935887
21589,0.07030846
21590,0.11688674
21591,0.046364844
21592,0.006354721
21593,0.018433798
21594,0.008872429
21595,0.27191874
21596,0.012538959
21597,0.027377002
21598,0.1369871
21599,0.0903128
21600,0.053171158
21601,0.016186073
21602,0.031268973
21603,0.069642216
21604,0.29579765
21605,0.02707283
21606,0.011098194
21607,0.030114058
21608,0.043895982
21609,0.06536781
21610,0.26026174
21611,0.07858875
21612,0.16996181
21613,0.08205894
21614,0.02712017
21615,0.042161785
21616,0.040387373
21617,0.026887015
21618,0.24788275
21619,0.012594934
21620,0.15645243
21621,0.018122796
21622,0.1076296
21623,0.06319912
21624,0.0048835757
21625,0.011333497
21626,0.4097858
21627,0.58157516
21628,0.23538752
21629,0.059912067
21630,0.010190368
21631,0.08617606
21632,0.04487925
21633,0.033235885
21634,0.08211431
21635,0.08905661
21636,0.07912722
21637,0.91188157
21638,0.07450278
21639,0.01218385
21640,0.08516554
21641,0.069316156
21642,0.019125622
21643,0.03430248
21644,0.14073674
21645,0.43937424
21646,0.05991572
21647,0.14971605
21648,0.041936945
21649,0.011844488
21650,0.10210648
21651,0.028168423
21652,0.02840484
21653,0.050878108
21654,0.05454553
21655,0.025733415
21656,0.05528182
21657,0.010978453
21658,0.12650777
21659,0.032263003
21660,0.04194897
21661,0.010796008
21662,0.028010905
21663,0.08071827
21664,0.08885424
21665,0.034694366
21666,0.017884482
21667,0.06240939
21668,0.9181513
21669,0.057368092
21670,0.21226521
21671,0.050574098
21672,0.05013505
21673,0.049072906
21674,0.053888734
21675,0.013191832
21676,0.017651755
21677,0.2798722
21678,0.023843009
21679,0.0013695838
21680,0.01088265
21681,0.0077334987
21682,0.051540066
21683,0.21190533
21684,0.018593987
21685,0.0072823116
21686,0.10634769
21687,0.031871304
21688,0.026338529
21689,0.036777504
21690,0.4525655
21691,0.019609613
21692,0.022501752
21693,0.049896065
21694,0.032221794
21695,0.1377113
21696,0.07563996
21697,0.011692995
21698,0.013277615
21699,0.0032135583
21700,0.07307587
21701,0.16567776
21702,0.09804297
21703,0.083078735
21704,0.08114073
21705,0.03558651
21706,0.055941157
21707,0.016241368
21708,0.1711041
21709,0.19095162
21710,0.21026227
21711,0.004250662
21712,0.029682815
21713,0.016184134
21714,0.010845889
21715,0.013929783
21716,0.008485287
21717,0.023951907
21718,0.013587229
21719,0.016096637
21720,0.029233651
21721,0.057369422
21722,0.05770034
21723,0.12261875
21724,0.012992261
21725,0.006013863
21726,0.11762618
21727,0.39595234
21728,0.010226206
21729,0.0069108163
21730,0.019799152
21731,0.0077892053
21732,0.026308738
21733,0.007894877
21734,0.01864829
21735,0.017634705
21736,0.0050063976
21737,0.012263983
21738,0.02774
21739,0.009354906
21740,0.011805987
21741,0.066799164
21742,0.028313871
21743,0.051815145
21744,0.012033946
21745,0.004064214
21746,0.009321159
21747,0.0034774228
21748,0.10848626
21749,0.027997231
21750,0.046862207
21751,0.0063422844
21752,0.028119896
21753,0.010809263
21754,0.10616393
21755,0.012860528
21756,0.013140133
21757,0.01267281
21758,0.39699382
21759,0.058436774
21760,0.0545672
21761,0.06713148
21762,0.05628073
21763,0.023774674
21764,0.09491208
21765,0.015194451
21766,0.08571679
21767,0.0072565232
21768,0.1640087
21769,0.017851004
21770,0.031823467
21771,0.04086676
21772,0.038370483
21773,0.024776531
21774,0.003245034
21775,0.00840087
21776,0.008849632
21777,0.034212023
21778,0.009109716
21779,0.008631585
21780,0.08312174
21781,0.083075576
21782,0.003883409
21783,0.17018458
21784,0.022120219
21785,0.019612279
21786,0.036108334
21787,0.0120752
21788,0.013375764
21789,0.052384444
21790,0.018285723
21791,0.01381094
21792,0.028963929
21793,0.034752134
21794,0.010528191
21795,0.037176188
21796,0.15338391
21797,0.16822584
21798,0.093741864
21799,0.004587503
21800,0.026970746
21801,0.07814174
21802,0.03299249
21803,0.05852979
21804,0.045040216
21805,0.07023268
21806,0.091216795
21807,0.041108027
21808,0.03917521
21809,0.019613354
21810,0.028446577
21811,0.1514667
21812,0.043054473
21813,0.059115585
21814,0.22536036
21815,0.3930885
21816,0.018457636
21817,0.02204865
21818,0.3421678
21819,0.035345204
21820,0.24813136
21821,0.058214866
21822,0.24411203
21823,0.0084391795
21824,0.05208077
21825,0.030835502
21826,0.013161718
21827,0.25206617
21828,0.0322382
21829,0.66882795
21830,0.1340244
21831,0.11075791
21832,0.026865683
21833,0.027109317
21834,0.09574551
21835,0.12731758
21836,0.4861981
21837,0.4312085
21838,0.042674523
21839,0.052348208
21840,0.13634357
21841,0.14544182
21842,0.058084924
21843,0.04567657
21844,0.05952839
21845,0.075450085
21846,0.033565957
21847,0.38418388
21848,0.11239233
21849,0.23345336
21850,0.5114621
21851,0.101769894
21852,0.49811354
21853,0.06620333
21854,0.30907607
21855,0.04920317
21856,0.04217612
21857,0.03141124
21858,0.056406014
21859,0.22349499
21860,0.08653611
21861,0.028300242
21862,0.022986231
21863,0.041207224
21864,0.4028517
21865,0.05383455
21866,0.07005362
21867,0.060484752
21868,0.07032478
21869,0.019936675
21870,0.042957768
21871,0.0756652
21872,0.032812662
21873,0.061078988
21874,0.24760011
21875,0.04184499
21876,0.15154731
21877,0.016515017
21878,0.047195982
21879,0.024817586
21880,0.021219391
21881,0.3262999
21882,0.09264946
21883,0.018936021
21884,0.06199485
21885,0.26030704
21886,0.4555004
21887,0.082572654
21888,0.053550724
21889,0.0203399
21890,0.019733148
21891,0.011753604
21892,0.0
21893,0.029907923
21894,0.069336966
21895,0.082382955
21896,0.08327058
21897,0.25406912
21898,0.28421572
21899,0.0110257
21900,0.36392844
21901,0.05056641
21902,0.009932313
21903,0.02472188
21904,0.018957393
21905,0.027041843
21906,0.2557207
21907,0.007021954
21908,0.034269854
21909,0.043976095
21910,0.04416256
21911,0.014948916
21912,0.11274872
21913,0.4187016
21914,0.047155704
21915,0.059017867
21916,0.013458928
21917,0.02818112
21918,0.04648729
21919,0.068502635
21920,0.015013012
21921,0.11900598
21922,0.16316864
21923,0.07413973
21924,0.064227015
21925,0.047737665
21926,0.031479545
21927,0.034076605
21928,0.033453483
21929,0.03629764
21930,0.12097372
21931,0.06527336
21932,0.2436594
21933,0.020118808
21934,0.059372976
21935,0.027808817
21936,0.018718535
21937,0.018665798
21938,0.027600003
21939,0.048251964
21940,0.021050422
21941,0.049136594
21942,0.20402962
21943,0.27026686
21944,0.04962057
21945,0.043343406
21946,0.026111355
21947,0.08931352
21948,0.05108162
21949,0.009984251
21950,0.04898071
21951,0.023837535
21952,0.23052369
21953,0.027938582
21954,0.026099635
21955,0.036521174
21956,0.013252102
21957,0.16876893
21958,0.076255105
21959,0.39322147
21960,0.24971122
21961,0.38239875
21962,0.0723981
21963,0.053943615
21964,0.020319128
21965,0.052639622
21966,0.039121967
21967,0.0006133824
21968,0.10611322
21969,0.044111226
21970,0.56844383
21971,0.11360153
21972,0.025758447
21973,0.102344096
21974,0.043489028
21975,0.045963533
21976,0.012316452
21977,0.0052988227
21978,0.05328817
21979,0.020534629
21980,0.024311237
21981,0.076105066
21982,0.059480336
21983,0.19479041
21984,0.07228219
21985,0.13294272
21986,0.40088266
21987,0.43282953
21988,0.087290764
21989,0.031688273
21990,0.07112875
21991,0.04346104
21992,0.07040033
21993,0.06301471
21994,0.117355734
21995,0.05026598
21996,0.09361197
21997,0.03829896
21998,0.058591206
21999,0.031901363
22000,0.12548874
22001,0.054319758
22002,0.019542322
22003,0.010853835
22004,0.024787745
22005,0.035250697
22006,0.07218186
22007,0.0848278
22008,0.12455057
22009,0.11246682
22010,0.24805705
22011,0.23400709
22012,0.26125816
22013,0.019729847
22014,0.0957392
22015,0.014519952
22016,0.058380414
22017,0.07183873
22018,0.029981678
22019,0.035013326
22020,0.046154935
22021,0.0401988
22022,0.013180998
22023,0.051591206
22024,0.068983816
22025,0.027692301
22026,0.05504083
22027,0.020229938
22028,0.017824722
22029,0.08980155
22030,0.043775667
22031,0.13507675
22032,0.06679018
22033,0.13541304
22034,0.39331567
22035,0.12820692
22036,0.13965644
22037,0.08648512
22038,0.09536761
22039,0.08131287
22040,0.08802163
22041,0.060465246
22042,0.024237731
22043,0.18798651
22044,0.077125825
22045,0.08140972
22046,0.05164878
22047,0.06465062
22048,0.022798302
22049,0.01981383
22050,0.047080472
22051,0.17800413
22052,0.0735531
22053,0.051681735
22054,0.119204774
22055,0.6345133
22056,0.10113373
22057,0.022311373
22058,0.40500566
22059,0.09320054
22060,0.18502195
22061,0.28715435
22062,0.0652991
22063,0.0054364023
22064,0.022315586
22065,0.048799597
22066,0.041261613
22067,0.10216223
22068,0.16239095
22069,0.041806955
22070,0.230129
22071,0.07296671
22072,0.05658527
22073,0.00924551
22074,0.017470412
22075,0.024364317
22076,0.056270428
22077,0.081008784
22078,0.022485767
22079,0.12547821
22080,0.14918101
22081,0.18617776
22082,0.11568614
22083,0.04794207
22084,0.13187382
22085,0.18572178
22086,0.38558844
22087,0.075634934
22088,0.013480893
22089,0.054109074
22090,0.017760102
22091,0.07154901
22092,0.4583211
22093,0.030523175
22094,0.095535375
22095,0.4015808
22096,0.2390826
22097,0.009131105
22098,0.047677834
22099,0.06418959
22100,0.24836454
22101,0.4775523
22102,0.019508956
22103,0.1062621
22104,0.111615054
22105,0.15644443
22106,0.14863439
22107,0.14305963
22108,0.1822142
22109,0.3655355
22110,0.09399056
22111,0.05453641
22112,0.091527715
22113,0.053009328
22114,0.28678027
22115,0.8896952
22116,0.0009290866
22117,0.04401978
22118,0.37997094
22119,0.016162608
22120,0.048436366
22121,0.25796673
22122,0.061667453
22123,0.07979491
22124,0.025212489
22125,0.057473633
22126,0.007685097
22127,0.42052433
22128,0.3597814
22129,0.103347704
22130,0.2540178
22131,0.14417623
22132,0.20231551
22133,0.38346913
22134,0.37788
22135,0.032505427
22136,0.18236251
22137,0.23912506
22138,0.119735405
22139,0.8991675
22140,0.29714632
22141,0.3982684
22142,0.0
22143,0.02300846
22144,0.1380374
22145,0.07097803
22146,0.015471064
22147,0.012923673
22148,0.06693705
22149,0.009668847
22150,0.009917423
22151,0.017601248
22152,0.037704572
22153,0.16806212
22154,0.13029969
22155,0.109513804
22156,0.1336254
22157,0.10149181
22158,0.42285758
22159,0.25105956
22160,0.10475734
22161,0.28299055
22162,0.020129422
22163,0.06481846
22164,1.0
22165,0.90778047
22166,0.5575972
22167,0.013823245
22168,0.07030034
22169,0.42492265
22170,0.06494306
22171,0.0057580676
22172,0.052735534
22173,0.05898695
22174,0.07257757
22175,0.063136324
22176,0.012059695
22177,0.40014425
22178,0.022771092
22179,0.044937734
22180,0.26066017
22181,0.12727752
22182,0.066309765
22183,0.06449056
22184,0.43584812
22185,0.21768896
22186,0.014557088
22187,0.09813055
22188,0.09377934
22189,0.093007706
22190,0.9598929
22191,0.7550201
22192,0.55934215
22193,0.015009326
22194,0.09315629
22195,0.0075887004
22196,0.39839074
22197,0.075162135
22198,0.2578573
22199,0.043330748
22200,0.06888078
22201,0.018064246
22202,0.12100488
22203,0.12072427
22204,0.15791678
22205,0.15880093
22206,0.56986535
22207,0.4485082
22208,0.23916826
22209,0.15871677
22210,0.10743467
22211,0.06503905
22212,0.12705371
22213,0.06823216
22214,0.03880268
22215,0.030193498
22216,0.11790239
22217,0.12788853
22218,0.05452459
22219,0.09348218
22220,0.819948
22221,0.9607668
22222,0.9358138
22223,0.12341689
22224,0.04836716
22225,0.2411227
22226,0.007923852
22227,0.35307515
22228,0.017389562
22229,0.04068393
22230,0.113850765
22231,0.06428498
22232,0.4752107
22233,0.98452735
22234,0.09226847
22235,0.13035068
22236,0.11658102
22237,0.16893941
22238,0.08815974
22239,0.43325016
22240,0.27335668
22241,0.039453454
22242,0.07956622
22243,0.09042097
22244,0.09470159
22245,0.0379648
22246,0.042052813
22247,0.40457505
22248,0.41457173
22249,0.23223843
22250,0.08226413
22251,0.023021547
22252,0.09922665
22253,0.073411524
22254,0.1837606
22255,0.026449773
22256,0.040011976
22257,0.044828005
22258,0.05794108
22259,0.05427674
22260,0.5034218
22261,0.7202506
22262,0.27144155
22263,0.26920968
22264,0.13248278
22265,0.19514474
22266,0.24475797
22267,0.52755773
22268,0.08666672
22269,0.02937549
22270,0.0164287
22271,0.124433585
22272,0.15423164
22273,0.15811071
22274,0.26915845
22275,0.25309348
22276,0.16480365
22277,0.97882944
22278,0.1132913
22279,0.018133093
22280,0.14219795
22281,0.15739065
22282,0.014478712
22283,0.050737098
22284,0.2587953
22285,0.06633875
22286,0.03493667
22287,0.05048351
22288,0.059484694
22289,0.13613056
22290,0.45550212
22291,0.27496976
22292,0.5389448
22293,0.29125
22294,0.17710164
22295,0.16377391
22296,0.37637168
22297,0.012266954
22298,0.01681001
22299,0.23242155
22300,0.06696879
22301,0.04415135
22302,0.42224726
22303,0.2544676
22304,0.0641655
22305,0.50984377
22306,0.39971364
22307,0.07749456
22308,0.11094992
22309,0.08388642
22310,0.050936904
22311,0.008446226
22312,0.012225398
22313,0.024624974
22314,0.06220922
22315,0.10473666
22316,0.1036946
22317,0.14155746
22318,0.37933266
22319,0.777005
22320,0.43160462
22321,0.40716094
22322,0.5465343
22323,0.10439095
22324,0.055867147
22325,0.07018194
22326,0.1328213
22327,0.253227
22328,0.08505183
22329,0.038950894
22330,0.08122515
22331,0.13755806
22332,0.038413934
22333,0.09736046
22334,0.02985981
22335,0.015682537
22336,0.029247079
22337,0.019920532
22338,0.10048286
22339,0.010660351
22340,0.02928402
22341,0.08570289
22342,0.065703586
22343,0.10111696
22344,0.24848843
22345,0.26717502
22346,0.378757
22347,0.9245643
22348,0.70824564
22349,0.27675053
22350,0.11252445
22351,0.018605199
22352,0.04758635
22353,0.108285256
22354,0.019742897
22355,0.031702023
22356,0.9335111
22357,0.056735236
22358,0.015810769
22359,0.069722414
22360,0.046023276
22361,0.10753411
22362,0.03635477
22363,0.04865183
22364,0.025044117
22365,0.012763855
22366,0.014405696
22367,0.030767556
22368,0.10478246
22369,0.1303942
22370,0.5640442
22371,0.39496326
22372,0.26385358
22373,1.0
22374,0.29772565
22375,0.4487949
22376,0.2542898
22377,0.03626084
22378,0.020445306
22379,0.028095476
22380,0.052077398
22381,0.06814148
22382,0.03460563
22383,0.067976035
22384,0.43663
22385,0.08352733
22386,0.37840262
22387,0.033588473
22388,0.09716195
22389,0.13453044
22390,0.118780166
22391,0.24204354
22392,0.037433926
22393,0.025683789
22394,0.05172597
22395,0.14373752
22396,0.92585707
22397,0.43669012
22398,0.57413876
22399,0.2564898
22400,0.27814087
22401,0.16830665
22402,0.10406863
22403,0.03429087
22404,0.0045529488
22405,0.023498738
22406,0.041037075
22407,0.032291327
22408,0.1191013
22409,0.10099635
22410,0.06442174
22411,0.2656551
22412,0.018107476
22413,0.06599666
22414,0.24910556
22415,0.035135236
22416,0.120510034
22417,0.24792622
22418,0.04615504
22419,0.25210994
22420,0.17687014
22421,0.09340834
22422,0.10752674
22423,0.0223139
22424,0.09478863
22425,0.07400183
22426,0.12103049
22427,0.10633241
22428,0.038702305
22429,0.004961799
22430,0.22917736
22431,0.0065871505
22432,0.092362545
22433,0.037985977
22434,0.039461195
22435,0.12723356
22436,0.04301307
22437,0.067476325
22438,0.0725871
22439,0.19422768
22440,0.3734547
22441,0.537431
22442,0.11604288
22443,0.006685231
22444,0.01333415
22445,0.029407278
22446,0.0698742
22447,0.060928628
22448,0.124900445
22449,0.006048723
22450,0.019368185
22451,0.017527496
22452,0.026667101
22453,0.014808629
22454,0.008414778
22455,0.0842387
22456,0.10693783
22457,0.46387458
22458,0.017363617
22459,0.022241557
22460,0.16904882
22461,0.075068206
22462,0.11528321
22463,0.38595808
22464,0.114287004
22465,0.0057559665
22466,0.21289155
22467,0.011543854
22468,0.03448264
22469,0.019436589
22470,0.08327026
22471,0.106416985
22472,0.044001907
22473,0.009733394
22474,0.005059174
22475,0.27043316
22476,0.021355042
22477,0.014438756
22478,0.032324463
22479,0.13942525
22480,0.075427346
22481,0.054647356
22482,0.017672095
22483,0.034997765
22484,0.07023482
22485,0.2937662
22486,0.02085686
22487,0.0133484
22488,0.032685466
22489,0.043610703
22490,0.066655055
22491,0.25731003
22492,0.07222859
22493,0.24981429
22494,0.076381914
22495,0.0271876
22496,0.03875309
22497,0.049392562
22498,0.025816884
22499,0.25472873
22500,0.016801147
22501,0.1589816
22502,0.020948598
22503,0.1012883
22504,0.064020336
22505,0.012058759
22506,0.40170565
22507,0.623864
22508,0.23530014
22509,0.06660616
22510,0.008255814
22511,0.07887284
22512,0.04581218
22513,0.037575558
22514,0.07627295
22515,0.09944298
22516,0.08769756
22517,0.8942765
22518,0.077230446
22519,0.015744511
22520,0.07033398
22521,0.07901596
22522,0.015723355
22523,0.03827782
22524,0.12811579
22525,0.31868654
22526,0.05908789
22527,0.1518218
22528,0.0256912
22529,0.051785044
22530,0.09777198
22531,0.033935692
22532,0.025703114
22533,0.049752053
22534,0.061984424
22535,0.024678344
22536,0.014340129
22537,0.056402385
22538,0.014541476
22539,0.1304275
22540,0.026933089
22541,0.03916414
22542,0.008092512
22543,0.028371634
22544,0.07567436
22545,0.08008769
22546,0.019383214
22547,0.021632148
22548,0.051533222
22549,0.9459242
22550,0.043706305
22551,0.114914574
22552,0.043263827
22553,0.032513026
22554,0.050821435
22555,0.06196546
22556,0.014836747
22557,0.018441783
22558,0.28284064
22559,0.02559271
22560,0.01395214
22561,0.045112737
22562,0.09788445
22563,0.017966732
22564,0.008534667
22565,0.10122314
22566,0.037124682
22567,0.024662865
22568,0.043261908
22569,0.424953
22570,0.021697277
22571,0.02257697
22572,0.01492887
22573,0.010021677
22574,0.060424857
22575,0.04198446
22576,0.003988364
22577,0.13915221
22578,0.08094671
22579,0.012048704
22580,0.005078941
22581,0.07473803
22582,0.15990216
22583,0.1032909
22584,0.08343507
22585,0.07482194
22586,0.02667654
22587,0.01643028
22588,0.17243014
22589,0.27431226
22590,0.20845255
22591,0.0019608
22592,0.009479122
22593,0.032168236
22594,0.016570272
22595,0.011965184
22596,0.015378566
22597,0.011293387
22598,0.02036331
22599,0.018401925
22600,0.005333669
22601,0.014758307
22602,0.0069423863
22603,0.026873197
22604,0.062124193
22605,0.062007576
22606,0.117689684
22607,0.12455938
22608,0.17710806
22609,0.0056754383
22610,0.00803523
22611,0.024697542
22612,0.011255425
22613,0.011397828
22614,0.02248441
22615,0.021233257
22616,0.01576395
22617,0.029105341
22618,0.00966279
22619,0.013470774
22620,0.013726075
22621,0.06557359
22622,0.029877927
22623,0.045845594
22624,0.012671846
22625,0.050863795
22626,0.010349336
22627,0.0068621533
22628,0.009918697
22629,0.009094351
22630,0.12021765
22631,0.059340216
22632,0.0065980763
22633,0.027784491
22634,0.013092675
22635,0.11486353
22636,0.009193547
22637,0.41095147
22638,0.047626328
22639,0.06933655
22640,0.07228734
22641,0.006848202
22642,0.056054268
22643,0.024732549
22644,0.10812772
22645,0.103202164
22646,0.009328563
22647,0.15881714
22648,0.02062814
22649,0.0415387
22650,0.037574954
22651,0.0043293033
22652,0.010757007
22653,0.00946347
22654,0.032468893
22655,0.010377861
22656,0.010243907
22657,0.07692477
22658,0.07238507
22659,0.0048819487
22660,0.16211885
22661,0.015515074
22662,0.022795405
22663,0.0058210413
22664,0.036431175
22665,0.008649099
22666,0.014131498
22667,0.048308905
22668,0.01973163
22669,0.01342385
22670,0.027926296
22671,0.028975504
22672,0.010263749
22673,0.013221294
22674,0.016823009
22675,0.033417493
22676,0.16341366
22677,0.18550241
22678,0.021609075
22679,0.09047978
22680,0.014010861
22681,0.06566409
22682,0.060944825
22683,0.0325369
22684,0.067041524
22685,0.07570554
22686,0.026916282
22687,0.12136874
22688,0.03798366
22689,0.05122172
22690,0.013226842
22691,0.25932264
22692,0.41317034
22693,0.026261464
22694,0.16245615
22695,0.2490599
22696,0.07705401
22697,0.13653776
22698,0.0
22699,0.041137855
22700,0.011639868
22701,0.03128361
22702,0.017539212
22703,0.21629041
22704,0.057084106
22705,0.61790335
22706,0.26527157
22707,0.03605109
22708,0.11575957
22709,0.035283897
22710,0.053121164
22711,0.034588654
22712,0.011841356
22713,0.021096982
22714,0.067545205
22715,0.235277
22716,0.42197904
22717,0.45186946
22718,0.0363267
22719,0.054526307
22720,0.12561885
22721,0.25016564
22722,0.01599776
22723,0.06307689
22724,0.05112648
22725,0.053315606
22726,0.043368243
22727,0.4276909
22728,0.099738695
22729,0.13962322
22730,0.50728446
22731,0.103043124
22732,0.4914455
22733,0.06183406
22734,0.31615537
22735,0.05088012
22736,0.028404355
22737,0.049187675
22738,0.09580399
22739,0.07035412
22740,0.02438825
22741,0.020381995
22742,0.057092957
22743,0.28240246
22744,0.048882592
22745,0.036094375
22746,0.06918628
22747,0.06061031
22748,0.07298622
22749,0.02609104
22750,0.031185728
22751,0.092018895
22752,0.06580758
22753,0.14388327
22754,0.030625794
22755,0.14636675
22756,0.043149166
22757,0.025490591
22758,0.31592247
22759,0.08566082
22760,0.057202015
22761,0.28118455
22762,0.31002384
22763,0.004171202
22764,0.0019904734
22765,0.08160862
22766,0.048480175
22767,0.016034126
22768,0.007920281
22769,0.031023089
22770,0.055533845
22771,0.070083976
22772,0.14695853
22773,0.28631088
22774,0.0036079672
22775,0.014462516
22776,0.15826549
22777,0.049023498
22778,0.012977633
22779,0.025184907
22780,0.024140853
22781,0.027958648
22782,0.27727097
22783,0.015178342
22784,0.035586324
22785,0.057861824
22786,0.04317479
22787,0.11198086
22788,0.39555785
22789,0.053398356
22790,0.056823254
22791,0.016719472
22792,0.03355724
22793,0.051020604
22794,0.07690662
22795,0.016014056
22796,0.02334399
22797,0.113548964
22798,0.15715869
22799,0.071783856
22800,0.06471631
22801,0.052456573
22802,0.008279861
22803,0.03222837
22804,0.03366841
22805,0.034219947
22806,0.036771126
22807,0.0
22808,0.081376635
22809,0.06459654
22810,0.2294106
22811,0.01865272
22812,0.05627754
22813,0.03559084
22814,0.013517589
22815,0.026979536
22816,0.043888647
22817,0.018527685
22818,0.05179081
22819,0.18549295
22820,0.4483254
22821,0.04956652
22822,0.040194146
22823,0.026262207
22824,0.08169325
22825,0.056074295
22826,0.008634723
22827,0.0523936
22828,0.011007542
22829,0.020384477
22830,0.25101817
22831,0.029046953
22832,0.028087398
22833,0.027624303
22834,0.0021283333
22835,0.17135079
22836,0.080795266
22837,0.26027876
22838,0.37841794
22839,0.4094285
22840,0.071369626
22841,0.056561735
22842,0.013025812
22843,0.05748081
22844,0.041782204
22845,0.11630938
22846,0.052589107
22847,0.5880271
22848,0.120449424
22849,0.022317935
22850,0.10710559
22851,0.036321975
22852,0.045971125
22853,0.010694243
22854,0.002516579
22855,0.055989638
22856,0.017799424
22857,0.02129213
22858,0.02108252
22859,0.06781756
22860,0.055904184
22861,0.18050642
22862,0.06994759
22863,0.13252194
22864,0.42534316
22865,0.46157697
22866,0.08110494
22867,0.03350648
22868,0.07747867
22869,0.016264524
22870,0.04490334
22871,0.07582116
22872,0.051418606
22873,0.12678726
22874,0.04629186
22875,0.10346435
22876,0.035662524
22877,0.050067063
22878,0.028249389
22879,0.112747155
22880,0.0058983155
22881,0.054006144
22882,0.020187732
22883,0.011042111
22884,0.024435295
22885,0.042185694
22886,0.06437944
22887,0.09058197
22888,0.12081574
22889,0.12191973
22890,0.25391108
22891,0.14768079
22892,0.24555564
22893,0.02097496
22894,0.08953617
22895,0.011792137
22896,0.059360854
22897,0.042724676
22898,0.079984866
22899,0.02699796
22900,0.02198689
22901,0.039836984
22902,0.039362323
22903,0.040833816
22904,0.06297007
22905,0.023135057
22906,0.06309658
22907,0.018164074
22908,0.02040987
22909,0.09340509
22910,0.013461956
22911,0.04220151
22912,0.1291609
22913,0.07239359
22914,0.14010212
22915,0.3172753
22916,0.12789084
22917,0.13366501
22918,0.079749644
22919,0.11262323
22920,0.0746427
22921,0.08235135
22922,0.058741245
22923,0.009569256
22924,0.38884264
22925,0.07691357
22926,0.07725462
22927,0.0427391
22928,0.06925619
22929,0.018031342
22930,0.0155760795
22931,0.02214616
22932,0.05070643
22933,0.17769603
22934,0.06326331
22935,0.04835175
22936,0.11616924
22937,0.6092627
22938,0.10870555
22939,0.026528342
22940,0.4026188
22941,0.08183138
22942,0.17988914
22943,0.19684918
22944,0.07302661
22945,0.020293014
22946,0.04521946
22947,0.041255098
22948,0.104603656
22949,0.14391182
22950,0.038621645
22951,0.14706528
22952,0.07088984
22953,0.062460385
22954,0.023645641
22955,0.058730673
22956,0.08283059
22957,0.0209278
22958,0.12252299
22959,0.15070826
22960,0.25352323
22961,0.114365645
22962,0.04617078
22963,0.12979968
22964,0.1723596
22965,0.38442338
22966,0.06763434
22967,0.055682752
22968,0.058394868
22969,0.5001347
22970,0.026334915
22971,0.08090642
22972,0.40012172
22973,0.14057289
22974,0.015513067
22975,0.01810252
22976,0.0064378995
22977,0.045094766
22978,0.05916231
22979,0.25604638
22980,0.24730147
22981,0.018785065
22982,0.108409055
22983,0.10756954
22984,0.16335404
22985,0.1489287
22986,0.14423354
22987,0.183761
22988,0.39142886
22989,0.102147035
22990,0.051527422
22991,0.08228003
22992,0.05495841
22993,0.18146653
22994,0.8924609
22995,0.0
22996,0.043414216
22997,0.4072863
22998,0.014464332
22999,0.045913924
23000,0.25189808
23001,0.007036723
23002,0.013804984
23003,0.055266958
23004,0.08000836
23005,0.020397082
23006,0.061870936
23007,0.0061924355
23008,0.42856482
23009,0.1487657
23010,0.107548684
23011,0.25446528
23012,0.15010992
23013,0.19606744
23014,0.39155143
23015,0.3770233
23016,0.19297613
23017,0.10689912
23018,0.24767992
23019,0.9403151
23020,0.30409232
23021,0.32027647
23022,0.0255037
23023,0.24382903
23024,0.06305325
23025,0.024704143
23026,0.01495614
23027,0.06162747
23028,0.010606796
23029,0.021024534
23030,0.037065655
23031,0.077920415
23032,0.12117549
23033,0.11089009
23034,0.13221353
23035,0.10109872
23036,0.26472527
23037,0.3586087
23038,0.02417616
23039,0.10717207
23040,0.29648742
23041,0.020358559
23042,0.0618994
23043,0.9649867
23044,0.8741337
23045,0.5716701
23046,0.0073211477
23047,0.026162008
23048,0.07520636
23049,0.39018553
23050,0.06677007
23051,0.008804866
23052,0.058076326
23053,0.019633643
23054,0.0055536926
23055,0.057756096
23056,0.07671497
23057,0.06399719
23058,0.014553807
23059,0.42223755
23060,0.02744126
23061,0.04463084
23062,0.24346201
23063,0.13006583
23064,0.069537476
23065,0.059337832
23066,0.45992485
23067,0.21314093
23068,0.021362944
23069,0.1037435
23070,0.09280858
23071,0.09459709
23072,0.9272908
23073,0.7193902
23074,0.5439018
23075,0.018966703
23076,0.08413466
23077,0.020092057
23078,0.39388853
23079,0.07651853
23080,0.26383185
23081,0.045501787
23082,0.06725158
23083,0.018386563
23084,0.115153864
23085,0.12231732
23086,0.14068967
23087,0.17156073
23088,0.55470634
23089,0.4666438
23090,0.23563944
23091,0.1509442
23092,0.09778548
23093,0.06882454
23094,0.125745
23095,0.058278903
23096,0.1556501
23097,0.12377693
23098,0.1338011
23099,0.046673086
23100,0.08289847
23101,0.0368398
23102,0.8214154
23103,0.9787786
23104,0.9357861
23105,0.12764955
23106,0.04527423
23107,0.24096546
23108,0.3890342
23109,0.02047718
23110,0.04210837
23111,0.11368198
23112,0.06822997
23113,0.45028222
23114,0.98408276
23115,0.0862237
23116,0.12855028
23117,0.11676827
23118,0.16242869
23119,0.0871053
23120,0.429233
23121,0.2685391
23122,0.042703222
23123,0.06885561
23124,0.098616146
23125,0.085809045
23126,0.03656865
23127,0.04306483
23128,0.26499122
23129,0.28991187
23130,0.151133
23131,0.09182858
23132,0.028894953
23133,0.09549428
23134,0.07257665
23135,0.17837198
23136,0.027446454
23137,0.036826394
23138,0.041072372
23139,0.01780093
23140,0.016977867
23141,0.057979293
23142,0.054992795
23143,0.5240548
23144,0.779153
23145,0.27353275
23146,0.2667286
23147,0.13327813
23148,0.17255577
23149,0.16622162
23150,0.5279607
23151,0.087782405
23152,0.032893833
23153,0.018285401
23154,0.13150156
23155,0.1575716
23156,0.15009981
23157,0.27476272
23158,0.2479661
23159,0.17156607
23160,0.99309736
23161,0.1136561
23162,0.0215745
23163,0.14345932
23164,0.23900941
23165,0.019723251
23166,0.053561933
23167,0.28013977
23168,0.071359195
23169,0.033688918
23170,0.04422694
23171,0.0629285
23172,0.14057714
23173,0.4104781
23174,0.19496116
23175,0.5022857
23176,0.29540133
23177,0.15828113
23178,0.1618267
23179,0.27018723
23180,0.020030273
23181,0.15752329
23182,0.06583976
23183,0.053848695
23184,0.44158015
23185,0.2579338
23186,0.063465364
23187,0.49280077
23188,0.2983156
23189,0.006794034
23190,0.066026926
23191,0.11529379
23192,0.088463545
23193,0.042235885
23194,0.009070094
23195,0.0148034785
23196,0.028855283
23197,0.06597973
23198,0.105040334
23199,0.10078305
23200,0.13334358
23201,0.40181282
23202,0.7426722
23203,0.41857013
23204,0.40932634
23205,0.5995741
23206,0.104685076
23207,0.013691809
23208,0.049084444
23209,0.059058707
23210,0.23022798
23211,0.24874945
23212,0.0933018
23213,0.04663169
23214,0.06391845
23215,0.13512039
23216,0.02239219
23217,0.04113406
23218,0.106902465
23219,0.023293486
23220,0.047584016
23221,0.017271237
23222,0.10589005
23223,0.008327055
23224,0.037520025
23225,0.09329554
23226,0.06462154
23227,0.09466986
23228,0.24873438
23229,0.2585715
23230,0.40828437
23231,0.8948305
23232,0.6325986
23233,0.28895506
23234,0.22721095
23235,0.03958723
23236,0.044787996
23237,0.10649042
23238,0.018724352
23239,0.030237844
23240,0.9809343
23241,0.053042017
23242,0.019360077
23243,0.08308724
23244,0.05050862
23245,0.11026048
23246,0.035036866
23247,0.049570836
23248,0.00970719
23249,0.026355298
23250,0.012598531
23251,0.015111734
23252,0.032933254
23253,0.10215183
23254,0.12877138
23255,0.560836
23256,0.40697247
23257,0.26281002
23258,1.0
23259,0.30460727
23260,0.48486313
23261,0.25239924
23262,0.03301327
23263,0.028020864
23264,0.02623499
23265,0.05294282
23266,0.07085155
23267,0.03363759
23268,0.07485686
23269,0.44701293
23270,0.2331215
23271,0.26212353
23272,0.03001192
23273,0.096329816
23274,0.13470203
23275,0.11339656
23276,0.24350743
23277,0.033537105
23278,0.00264706
23279,0.025404122
23280,0.006728227
23281,0.050354864
23282,0.14456634
23283,0.8936704
23284,0.43909115
23285,0.561316
23286,0.2740288
23287,0.27737796
23288,0.15913764
23289,0.225282
23290,0.034688912
23291,0.010578436
23292,0.024877645
23293,0.012965182
23294,0.027497988
23295,0.09415848
23296,0.11505235
23297,0.06700614
23298,0.19197184
23299,0.023650393
23300,0.06998453
23301,0.008299846
23302,0.4028858
23303,0.036860205
23304,0.12263944
23305,0.25255853
23306,0.04418859
23307,0.24406503
23308,0.19127028
23309,0.08960157
23310,0.09910798
23311,0.022560652
23312,0.087844916
23313,0.08948396
23314,0.049091883
23315,0.11233384
23316,0.09713539
23317,0.04269067
23318,0.02190537
23319,0.12224875
23320,0.009363474
23321,0.011481567
23322,0.013328527
23323,0.076850384
23324,0.040861685
23325,0.12978081
23326,0.04745422
23327,0.06401285
23328,0.011075002
23329,0.06849101
23330,0.18030432
23331,0.28721657
23332,0.51065737
23333,0.10927056
23334,0.066374704
23335,0.01623729
23336,0.058341626
23337,0.12559399
23338,0.011595602
23339,0.028878137
23340,0.0120451255
23341,0.020443607
23342,0.01316188
23343,0.0078889625
23344,0.021814065
23345,0.08622198
23346,0.10366824
23347,0.44817063
23348,0.018479599
23349,0.02839967
23350,0.054926965
23351,0.07175682
23352,0.10326937
23353,0.3710786
23354,0.113888934
23355,0.22733675
23356,0.032727033
23357,0.01654897
23358,0.07792687
23359,0.10850536
23360,0.043300837
23361,0.009223548
23362,0.014069308
23363,0.0091671785
23364,0.26440796
23365,0.017835168
23366,0.0042252927
23367,0.008768766
23368,0.03162649
23369,0.13471912
23370,0.078095205
23371,0.05287546
23372,0.021352047
23373,0.030533975
23374,0.06815106
23375,0.37739563
23376,0.028864872
23377,0.018660324
23378,0.030978391
23379,0.040495865
23380,0.06414325
23381,0.27205804
23382,0.07147119
23383,0.15072487
23384,0.08150981
23385,0.027814798
23386,0.012088647
23387,0.04107588
23388,0.044182308
23389,0.023251338
23390,0.37408113
23391,0.2578194
23392,0.020134587
23393,0.115403056
23394,0.059764355
23395,0.00902096
23396,0.010836448
23397,0.4065547
23398,0.6053863
23399,0.23589148
23400,0.06689539
23401,0.08039288
23402,0.043530498
23403,0.033207532
23404,0.077026196
23405,0.0965344
23406,0.07668792
23407,0.8600368
23408,0.07165439
23409,0.014170032
23410,0.07137095
23411,0.07578816
23412,0.013637808
23413,0.036665853
23414,0.1299934
23415,0.4089764
23416,0.07146549
23417,0.1526183
23418,0.02312626
23419,0.054549754
23420,0.10220805
23421,0.038296
23422,0.028482048
23423,0.05157603
23424,0.055967916
23425,0.02448365
23426,0.015942309
23427,0.06223952
23428,0.011088022
23429,0.12058172
23430,0.03444022
23431,0.040233634
23432,0.011238985
23433,0.026361259
23434,0.08429033
23435,0.08283775
23436,0.019967636
23437,0.04814419
23438,0.93987805
23439,0.05285697
23440,0.10314846
23441,0.04609465
23442,0.0364449
23443,0.050962362
23444,0.057325143
23445,0.01331722
23446,0.01873707
23447,0.18632236
23448,0.025880065
23449,0.008623518
23450,0.04190653
23451,0.096845895
23452,0.01795551
23453,0.1051537
23454,0.02857776
23455,0.019625619
23456,0.039367974
23457,0.43613562
23458,0.018860387
23459,0.017320184
23460,0.052686036
23461,0.034283314
23462,0.14150535
23463,0.07768679
23464,0.012047921
23465,0.004573798
23466,0.06855354
23467,0.17782405
23468,0.103287295
23469,0.08741296
23470,0.07576731
23471,0.027370872
23472,0.04616593
23473,0.015358494
23474,0.17655633
23475,0.16242328
23476,0.21858996
23477,0.006721015
23478,0.055415254
23479,0.014173143
23480,0.011449312
23481,0.017404541
23482,0.017673027
23483,0.0066925143
23484,0.016297797
23485,0.006621854
23486,0.018326936
23487,0.015119994
23488,0.026070824
23489,0.060678214
23490,0.058514044
23491,0.11794136
23492,0.008694574
23493,0.20209426
23494,0.17420813
23495,0.0019272809
23496,0.008905213
23497,0.024936505
23498,0.012536374
23499,0.010820616
23500,0.01844224
23501,0.010822903
23502,0.03203048
23503,0.010146602
23504,0.011242426
23505,0.012197965
23506,0.012029061
23507,0.07611696
23508,0.029726671
23509,0.048544876
23510,0.009817737
23511,0.013360384
23512,0.0078011667
23513,0.12079158
23514,0.03273591
23515,0.05720953
23516,0.0073550395
23517,0.008848157
23518,0.02890542
23519,0.10720308
23520,0.016912635
23521,0.007681413
23522,0.36722338
23523,0.05748429
23524,0.066008806
23525,0.06255617
23526,0.009626975
23527,0.008077554
23528,0.06333496
23529,0.02383333
23530,0.100609325
23531,0.088209406
23532,0.15541843
23533,0.022784313
23534,0.023548154
23535,0.033213854
23536,0.037509482
23537,0.0035249891
23538,0.009291068
23539,0.011728096
23540,0.037163746
23541,0.007604906
23542,0.008225923
23543,0.080210045
23544,0.07249045
23545,0.25492072
23546,0.014512563
23547,0.010608524
23548,0.019504262
23549,0.009243802
23550,0.015286352
23551,0.053091574
23552,0.020916944
23553,0.011806999
23554,0.027615102
23555,0.02734368
23556,0.011468258
23557,0.007748332
23558,0.016426606
23559,0.034573857
23560,0.16306283
23561,0.17235808
23562,0.018152928
23563,0.09589391
23564,0.01776395
23565,0.04043399
23566,0.06489247
23567,0.08957677
23568,0.07093394
23569,0.02675686
23570,0.047572337
23571,0.032821078
23572,0.096507885
23573,0.048452683
23574,0.031279072
23575,0.03383111
23576,0.12606923
23577,0.027540257
23578,0.047417443
23579,0.23260999
23580,0.2350441
23581,0.031481113
23582,0.17046334
23583,0.039754767
23584,0.40595248
23585,0.05292493
23586,0.13150962
23587,0.046301577
23588,0.0281931
23589,0.031457786
23590,0.008971122
23591,0.1500734
23592,0.02024077
23593,0.74672127
23594,0.16505696
23595,0.031875964
23596,0.028646844
23597,0.11006085
23598,0.02441112
23599,0.023695352
23600,0.046544474
23601,0.03611648
23602,0.078764915
23603,0.254307
23604,0.5204758
23605,0.4531881
23606,0.05555308
23607,0.11789264
23608,0.22443469
23609,0.018072678
23610,0.065539196
23611,0.047240447
23612,0.06287767
23613,0.07302476
23614,0.038629506
23615,0.41380146
23616,0.11299522
23617,0.12886083
23618,0.5136286
23619,0.10221291
23620,0.48264045
23621,0.019716535
23622,0.059759755
23623,0.31404182
23624,0.05490699
23625,0.045162022
23626,0.028982809
23627,0.049593646
23628,0.075287215
23629,0.08158811
23630,0.05676279
23631,0.02824981
23632,0.05525194
23633,0.14657368
23634,0.05001444
23635,0.034918442
23636,0.060393382
23637,0.06269579
23638,0.07128516
23639,0.02453592
23640,0.030843548
23641,0.042725
23642,0.038696907
23643,0.038860664
23644,0.057740375
23645,0.15644172
23646,0.037193667
23647,0.26736084
23648,0.011016681
23649,0.033476472
23650,0.039377563
23651,0.021027127
23652,0.4651635
23653,0.0925955
23654,0.04030718
23655,0.28987154
23656,0.45863
23657,0.010432732
23658,0.00019803434
23659,0.086101145
23660,0.04635908
23661,0.017840918
23662,0.010849502
23663,0.059762068
23664,0.08198557
23665,0.14136395
23666,0.3062599
23667,0.015394204
23668,0.38569435
23669,0.04804864
23670,0.019127544
23671,0.02701869
23672,0.36869606
23673,0.012020772
23674,0.037695363
23675,0.048105218
23676,0.044981405
23677,0.12571439
23678,0.39225262
23679,0.057714097
23680,0.0619004
23681,0.031241227
23682,0.05182976
23683,0.06483824
23684,0.012803579
23685,0.01332555
23686,0.022198342
23687,0.0020185516
23688,0.11117576
23689,0.16790035
23690,0.06815667
23691,0.07475177
23692,0.055306207
23693,0.008342633
23694,0.036090624
23695,0.031914074
23696,0.03327343
23697,0.03252415
23698,0.0066242116
23699,0.098793074
23700,0.065964326
23701,0.21990943
23702,0.017422719
23703,0.05309503
23704,0.035537653
23705,0.024834258
23706,0.012597096
23707,0.020698382
23708,0.044472735
23709,0.021379149
23710,0.023640044
23711,0.058415357
23712,0.19454974
23713,0.43349862
23714,0.04044049
23715,0.04383436
23716,0.02744312
23717,0.08975337
23718,0.04332098
23719,0.05650668
23720,0.0073464857
23721,0.029784586
23722,0.2578696
23723,0.028909266
23724,0.022747802
23725,0.032098588
23726,0.011038909
23727,0.16952644
23728,0.076311834
23729,0.2612233
23730,0.23889288
23731,0.3959359
23732,0.0696115
23733,0.05617028
23734,0.015618723
23735,0.05584982
23736,0.06761045
23737,0.118948475
23738,0.049440686
23739,0.62068576
23740,0.11414704
23741,0.10104564
23742,0.04393217
23743,0.012221436
23744,0.0034929488
23745,0.010008235
23746,0.056258954
23747,0.02302887
23748,0.011922492
23749,0.019975046
23750,0.022287259
23751,0.07573715
23752,0.042538255
23753,0.08485625
23754,0.07566624
23755,0.12706849
23756,0.41698554
23757,0.46466333
23758,0.08352061
23759,0.034809627
23760,0.08323323
23761,0.019531587
23762,0.041915856
23763,0.021521317
23764,0.0083694905
23765,0.06343349
23766,0.063634224
23767,0.13178821
23768,0.053794894
23769,0.11120387
23770,0.042522848
23771,0.053174198
23772,0.027564414
23773,0.011869269
23774,0.14168803
23775,0.010793071
23776,0.04780543
23777,0.022558814
23778,0.01141008
23779,0.023256525
23780,0.041239984
23781,0.064349346
23782,0.08598418
23783,0.12724821
23784,0.11301994
23785,0.2618459
23786,0.22973941
23787,0.16845837
23788,0.020932922
23789,0.09148941
23790,0.015945526
23791,0.061699383
23792,0.04275286
23793,0.07955589
23794,0.03098653
23795,0.018180568
23796,0.042147905
23797,0.039684433
23798,0.0148647595
23799,0.05354385
23800,0.07458386
23801,0.024215316
23802,0.059299722
23803,0.022966396
23804,0.020784996
23805,0.012935584
23806,0.008349486
23807,0.09104146
23808,0.01285366
23809,0.04015323
23810,0.13375497
23811,0.070373386
23812,0.14024448
23813,0.2922262
23814,0.1291948
23815,0.13690217
23816,0.082668945
23817,0.10425973
23818,0.08360166
23819,0.08810674
23820,0.06222771
23821,0.0055971732
23822,0.022352345
23823,0.1842106
23824,0.08007007
23825,0.06990964
23826,0.053929314
23827,0.062709354
23828,0.015296452
23829,0.020910792
23830,0.021225072
23831,0.023041142
23832,0.042936124
23833,0.30956945
23834,0.06986953
23835,0.04687092
23836,0.11664625
23837,0.6194349
23838,0.103055105
23839,0.02108457
23840,0.41244373
23841,0.084123485
23842,0.18467794
23843,0.2998828
23844,0.07372918
23845,0.02313167
23846,0.048088107
23847,0.044611655
23848,0.10377042
23849,0.16345106
23850,0.032531515
23851,0.13917758
23852,0.07232706
23853,0.066663586
23854,0.019327901
23855,0.02224813
23856,0.051381446
23857,0.07851175
23858,0.02257635
23859,0.12008154
23860,0.15551981
23861,0.26452595
23862,0.10410002
23863,0.043880556
23864,0.11691164
23865,0.1675657
23866,0.37599483
23867,0.0663215
23868,0.012091771
23869,0.05141189
23870,0.025523994
23871,0.015140375
23872,0.06107268
23873,0.4755518
23874,0.031234162
23875,0.093513094
23876,0.38644296
23877,0.1503809
23878,0.02057955
23879,0.04766548
23880,0.05592566
23881,0.26092276
23882,0.25874436
23883,0.016658505
23884,0.10064571
23885,0.109138615
23886,0.15746024
23887,0.23755805
23888,0.1536408
23889,0.18997243
23890,0.38212472
23891,0.09830832
23892,0.019614952
23893,0.057348803
23894,0.08387714
23895,0.062163442
23896,0.19532916
23897,0.89046925
23898,0.045833733
23899,0.3993508
23900,0.015256577
23901,0.04889907
23902,0.2667367
23903,0.007438951
23904,0.054703806
23905,0.07210521
23906,0.020388525
23907,0.05558586
23908,0.003826365
23909,0.4865261
23910,0.15923451
23911,0.10634025
23912,0.2542583
23913,0.14860193
23914,0.2031218
23915,0.40269294
23916,0.39508554
23917,0.2933751
23918,0.2459918
23919,0.11842889
23920,0.9134533
23921,0.30775726
23922,0.40837932
23923,0.0
23924,0.026893908
23925,0.13295665
23926,0.0613299
23927,0.023813142
23928,0.010801663
23929,0.063370086
23930,0.010353951
23931,0.017260391
23932,0.036832582
23933,0.07759073
23934,0.12009572
23935,0.11336719
23936,0.13113146
23937,0.09913972
23938,0.27588966
23939,0.3761227
23940,0.025485115
23941,0.106524415
23942,0.30566996
23943,0.018438816
23944,0.05725367
23945,0.96294034
23946,0.9455852
23947,0.5617977
23948,0.02454572
23949,0.06400268
23950,0.4332272
23951,0.0712994
23952,0.00932954
23953,0.055983927
23954,0.003375985
23955,0.059521623
23956,0.075225055
23957,0.059444875
23958,0.014654036
23959,0.44400316
23960,0.026644427
23961,0.04184084
23962,0.13399704
23963,0.12667173
23964,0.069767565
23965,0.059586357
23966,0.46744257
23967,0.39779618
23968,0.01838552
23969,0.108789295
23970,0.09695027
23971,0.09995925
23972,0.9387006
23973,0.7484305
23974,0.5229154
23975,0.01640731
23976,0.19356488
23977,0.030242443
23978,0.4192776
23979,0.08921303
23980,0.26260912
23981,0.045988783
23982,0.078119956
23983,0.021198863
23984,0.11947281
23985,0.12954849
23986,0.14452498
23987,0.14898595
23988,0.5594468
23989,0.45352075
23990,0.41606745
23991,0.15158713
23992,0.09543317
23993,0.07701857
23994,0.111349665
23995,0.06630392
23996,0.040957678
23997,0.13282287
23998,0.14129698
23999,0.04850045
24000,0.092933655
24001,0.036220215
24002,0.8636225
24003,0.9927026
24004,0.9561204
24005,0.13146666
24006,0.051175553
24007,0.25261402
24008,0.38381174
24009,0.026169837
24010,0.0062492597
24011,0.017808309
24012,0.049055632
24013,0.11037452
24014,0.060317073
24015,0.45410457
24016,0.99295205
24017,0.08280751
24018,0.120231435
24019,0.11175456
24020,0.16285244
24021,0.08332335
24022,0.4460335
24023,0.2734665
24024,0.043474603
24025,0.078594685
24026,0.09727721
24027,0.092360154
24028,0.042284723
24029,0.05512635
24030,0.2687686
24031,0.3934819
24032,0.24099976
24033,0.07822868
24034,0.10474724
24035,0.015949974
24036,0.07560917
24037,0.17803504
24038,0.026561087
24039,0.043259364
24040,0.04440259
24041,0.019208016
24042,0.054831754
24043,0.062348478
24044,0.4569304
24045,0.76422644
24046,0.26323345
24047,0.26586708
24048,0.123021945
24049,0.17577393
24050,0.26401803
24051,0.52899617
24052,0.08542999
24053,0.036855895
24054,0.03266734
24055,0.022699134
24056,0.14422923
24057,0.16044037
24058,0.23264597
24059,0.42279983
24060,0.26146802
24061,0.16676702
24062,1.0
24063,0.12747714
24064,0.021837784
24065,0.2404216
24066,0.24641757
24067,0.020768823
24068,0.04919671
24069,0.4415449
24070,0.07341153
24071,0.03257748
24072,0.048153177
24073,0.05716846
24074,0.14299248
24075,0.43813115
24076,0.27089745
24077,0.51800966
24078,0.30377012
24079,0.16536625
24080,0.15016477
24081,0.27957845
24082,0.016116105
24083,0.16090262
24084,0.07134478
24085,0.04532695
24086,0.39653906
24087,0.26150948
24088,0.048788127
24089,0.51204896
24090,0.28543627
24091,0.0046166633
24092,0.08308293
24093,0.12187548
24094,0.08776425
24095,0.008838927
24096,0.032233752
24097,0.06317839
24098,0.10459351
24099,0.102538586
24100,0.124612026
24101,0.39676377
24102,0.7328674
24103,0.41350394
24104,0.38905668
24105,0.6200279
24106,0.107303835
24107,0.052621014
24108,0.064104475
24109,0.131326
24110,0.18413047
24111,0.070358895
24112,0.04181549
24113,0.06550882
24114,0.14371702
24115,0.020640751
24116,0.0053887325
24117,0.050770216
24118,0.09807647
24119,0.027746242
24120,0.005488676
24121,0.036347352
24122,0.019020436
24123,0.012870874
24124,0.032043103
24125,0.09209393
24126,0.06064131
24127,0.09058929
24128,0.25721166
24129,0.17313422
24130,0.41789925
24131,0.8851789
24132,0.67628384
24133,0.28024206
24134,0.23156844
24135,0.05249043
24136,0.11080082
24137,0.029529849
24138,0.012486981
24139,0.98042285
24140,0.058715325
24141,0.022524538
24142,0.077533975
24143,0.05935594
24144,0.11278436
24145,0.043264613
24146,0.046992745
24147,0.013452691
24148,0.03514512
24149,0.0036000272
24150,0.012330062
24151,0.012815681
24152,0.03374372
24153,0.10183628
24154,0.12258282
24155,0.58276254
24156,0.42255694
24157,0.26161736
24158,1.0
24159,0.3985853
24160,0.47151512
24161,0.25573593
24162,0.0359463
24163,0.025430536
24164,0.044616297
24165,0.057417553
24166,0.02316074
24167,0.03467906
24168,0.0651704
24169,0.44390514
24170,0.2270903
24171,0.39882547
24172,0.025100889
24173,0.097199745
24174,0.13996641
24175,0.12767513
24176,0.25517794
24177,0.030496746
24178,0.049188606
24179,0.14499703
24180,0.9460442
24181,0.45884517
24182,0.5519467
24183,0.2743273
24184,0.28450027
24185,0.16871502
24186,0.109152906
24187,0.038824424
24188,0.023254648
24189,0.031093309
24190,0.11869811
24191,0.12072005
24192,0.0724166
24193,0.18840086
24194,0.015448124
24195,0.070406176
24196,0.004432068
24197,0.2819124
24198,0.04078306
24199,0.009634676
24200,0.12516749
24201,0.25673133
24202,0.04324759
24203,0.2623794
24204,0.18253689
24205,0.093511626
24206,0.10805368
24207,0.021642955
24208,0.08202211
24209,0.088267185
24210,0.048910134
24211,0.12297674
24212,0.11402524
24213,0.045743212
24214,0.005599443
24215,0.1270775
24216,0.0075432723
24217,0.21822472
24218,0.003412616
24219,0.03964699
24220,0.13177702
24221,0.045520753
24222,0.06909308
24223,0.06518481
24224,0.19532919
24225,0.40028673
24226,0.4875774
24227,0.10319186
24228,0.014201305
24229,0.019282306
24230,0.032303944
24231,0.06423381
24232,0.06592227
24233,0.13083546
24234,0.010599832
24235,0.020359958
24236,0.017303353
24237,0.019629942
24238,0.016128175
24239,0.007012164
24240,0.02748756
24241,0.0042854585
24242,0.084036976
24243,0.10317779
24244,0.40855575
24245,0.016916921
24246,0.028870733
24247,0.0598819
24248,0.07563841
24249,0.10847973
24250,0.3842853
24251,0.10761557
24252,0.016871208
24253,0.0061807493
24254,0.22582246
24255,0.015314138
24256,0.033164106
24257,0.021299815
24258,0.08446763
24259,0.22753659
24260,0.04924347
24261,0.018489428
24262,0.00930168
24263,0.26817468
24264,0.022833865
24265,0.0074166083
24266,0.030594556
24267,0.14368235
24268,0.07644572
24269,0.05447848
24270,0.023956418
24271,0.031398427
24272,0.07202655
24273,0.3617414
24274,0.025125219
24275,0.016880697
24276,0.027543413
24277,0.04296554
24278,0.069828756
24279,0.26840732
24280,0.06968309
24281,0.27087465
24282,0.08621526
24283,0.02679315
24284,0.04335731
24285,0.05195783
24286,0.028791819
24287,0.26350108
24288,0.16590069
24289,0.024493888
24290,0.09516995
24291,0.057290237
24292,0.011369725
24293,0.4062355
24294,0.5627319
24295,0.23540606
24296,0.064778216
24297,0.00737856
24298,0.08155697
24299,0.047311295
24300,0.038830977
24301,0.08258699
24302,0.10252219
24303,0.094060495
24304,0.9304645
24305,0.022511117
24306,0.08888321
24307,0.012704248
24308,0.082647674
24309,0.07448204
24310,0.019301035
24311,0.034249336
24312,0.1283389
24313,0.30761936
24314,0.06014562
24315,0.24045978
24316,0.02444365
24317,0.05632439
24318,0.10378759
24319,0.029623557
24320,0.0294732
24321,0.05138653
24322,0.053639296
24323,0.025075907
24324,0.01844424
24325,0.051154558
24326,0.0148079675
24327,0.12607586
24328,0.031982236
24329,0.05270154
24330,0.033064175
24331,0.07838223
24332,0.08600973
24333,0.018015211
24334,0.050614692
24335,0.9690266
24336,0.04543186
24337,0.114714935
24338,0.050920404
24339,0.029912096
24340,0.05287135
24341,0.055734225
24342,0.019773278
24343,0.19844712
24344,0.025299683
24345,0.011426262
24346,0.044652637
24347,0.22676878
24348,0.017101102
24349,0.010402723
24350,0.22391383
24351,0.034472454
24352,0.04489337
24353,0.4577772
24354,0.02057469
24355,0.018939
24356,0.0018895243
24357,0.018561535
24358,0.011259489
24359,0.046796333
24360,0.035943504
24361,0.15071934
24362,0.08306388
24363,0.007826346
24364,0.07668752
24365,0.16846828
24366,0.110776946
24367,0.08781907
24368,0.10581897
24369,0.04551857
24370,0.01508177
24371,0.19158998
24372,0.1736571
24373,0.2365809
24374,0.008932634
24375,0.029390305
24376,0.017472431
24377,0.012135588
24378,0.016605625
24379,0.011006103
24380,0.021294558
24381,0.024258409
24382,0.008795751
24383,0.01570568
24384,0.01744279
24385,0.011896137
24386,0.02900072
24387,0.06378528
24388,0.06441009
24389,0.122140184
24390,0.01342967
24391,0.11091343
24392,0.0068008616
24393,0.2759468
24394,0.019084038
24395,0.02369981
24396,0.010984579
24397,0.018204782
24398,0.034287468
24399,0.015331956
24400,0.0031965203
24401,0.011444658
24402,0.011359887
24403,0.013982285
24404,0.015161017
24405,0.086464584
24406,0.028521055
24407,0.05046243
24408,0.0088961525
24409,0.056318734
24410,0.018352209
24411,0.011335778
24412,0.008987721
24413,0.0076361313
24414,0.11577624
24415,0.025251932
24416,0.04407602
24417,0.009996967
24418,0.011586447
24419,0.031024631
24420,0.010464565
24421,0.015028712
24422,0.08892846
24423,0.015213614
24424,0.014305995
24425,0.008967411
24426,0.008993907
24427,0.4277885
24428,0.0620794
24429,0.06917117
24430,0.08610661
24431,0.009596612
24432,0.05463088
24433,0.022681473
24434,0.099389866
24435,0.09467402
24436,0.15552272
24437,0.023266917
24438,0.030853527
24439,0.041581947
24440,0.041511413
24441,0.025484258
24442,0.021593511
24443,0.012309948
24444,0.032437813
24445,0.010571648
24446,0.011828535
24447,0.07356229
24448,0.08202207
24449,0.03775825
24450,0.18300907
24451,0.013918946
24452,0.028839914
24453,0.010079661
24454,0.014531236
24455,0.04585098
24456,0.013903716
24457,0.028132455
24458,0.03212501
24459,0.012166292
24460,0.038835745
24461,0.26778606
24462,0.15795484
24463,0.026072258
24464,0.10865834
24465,0.016747423
24466,0.04808401
24467,0.04905426
24468,0.039350905
24469,0.023593782
24470,0.037653394
24471,0.0015027818
24472,0.13177806
24473,0.016912907
24474,0.03298917
24475,0.14161515
24476,0.21238886
24477,0.021618443
24478,0.016888939
24479,0.26623502
24480,0.061212324
24481,0.2575001
24482,0.041651342
24483,0.13605118
24484,0.021827502
24485,0.011810596
24486,0.06399955
24487,0.013097953
24488,0.03259373
24489,0.014371094
24490,0.10908121
24491,0.032245766
24492,0.6962931
24493,0.26298866
24494,0.041207723
24495,0.13654034
24496,0.03889188
24497,0.05237072
24498,0.016705262
24499,0.015831618
24500,0.035505988
24501,0.064152054
24502,0.36522496
24503,0.46400422
24504,0.41705808
24505,0.038837757
24506,0.058747478
24507,0.11189303
24508,0.14637712
24509,0.008338009
24510,0.016526645
24511,0.07012481
24512,0.04866687
24513,0.06850814
24514,0.07370116
24515,0.031828117
24516,0.3860222
24517,0.124567404
24518,0.40664005
24519,0.48513144
24520,0.086855
24521,0.01589542
24522,0.42904225
24523,0.022568177
24524,0.057717096
24525,0.30058867
24526,0.06313335
24527,0.047654103
24528,0.029798482
24529,0.06284552
24530,0.06255005
24531,0.0787356
24532,0.09287938
24533,0.031993743
24534,0.035969295
24535,0.05608587
24536,0.15619443
24537,0.052621756
24538,0.039859924
24539,0.065882675
24540,0.07293188
24541,0.08410033
24542,0.028918916
24543,0.036806293
24544,0.031588387
24545,0.08225119
24546,0.03975697
24547,0.050820265
24548,0.15549666
24549,0.041084427
24550,0.28373364
24551,0.030926077
24552,0.043587737
24553,0.030311752
24554,0.018248076
24555,0.010797624
24556,0.014430397
24557,0.47640136
24558,0.09159379
24559,0.052148122
24560,0.17496182
24561,0.16380732
24562,0.08471539
24563,0.056612417
24564,0.035727795
24565,0.06368313
24566,0.05414575
24567,0.14878449
24568,0.27162004
24569,0.0150486445
24570,0.402319
24571,0.052225307
24572,0.011425213
24573,0.030090922
24574,0.26286432
24575,0.012410217
24576,0.039667692
24577,0.006963814
24578,0.06142996
24579,0.04255151
24580,0.0275003
24581,0.10883069
24582,0.396992
24583,0.06735907
24584,0.079080604
24585,0.020876506
24586,0.032533996
24587,0.05588438
24588,0.07352848
24589,0.017588539
24590,0.021112507
24591,0.0077914894
24592,0.12672977
24593,0.16741437
24594,0.08641398
24595,0.08199846
24596,0.058426842
24597,0.005681114
24598,0.035625942
24599,0.031726155
24600,0.03202422
24601,0.036053743
24602,0.09434462
24603,0.06988869
24604,0.370755
24605,0.01689191
24606,0.05865532
24607,0.035119947
24608,0.020856699
24609,0.019875579
24610,0.021427715
24611,0.05361536
24612,0.02465605
24613,0.02635813
24614,0.06845006
24615,0.27227607
24616,0.42591888
24617,0.04648226
24618,0.04167481
24619,0.032478314
24620,0.08852646
24621,0.055679988
24622,0.063597776
24623,0.009192552
24624,0.0059408173
24625,0.026081054
24626,0.23790075
24627,0.02513622
24628,0.025565667
24629,0.030198079
24630,0.0046113487
24631,0.16398154
24632,0.07143084
24633,0.40765706
24634,0.40903243
24635,0.41356367
24636,0.069552675
24637,0.04254988
24638,0.023503568
24639,0.08609609
24640,0.045754474
24641,0.14382643
24642,0.054413144
24643,0.5983744
24644,0.110475734
24645,0.026624797
24646,0.11162505
24647,0.04888572
24648,0.04411249
24649,0.008617295
24650,0.0060479213
24651,0.0066436883
24652,0.05908715
24653,0.024081545
24654,0.016796883
24655,0.009763757
24656,0.019070156
24657,0.019179491
24658,0.09115576
24659,0.055942785
24660,0.09231454
24661,0.06934973
24662,0.12205058
24663,0.4360352
24664,0.4371581
24665,0.08271701
24666,0.035097457
24667,0.08028975
24668,0.01747596
24669,0.050186723
24670,0.025609935
24671,0.07156678
24672,0.06228095
24673,0.123046935
24674,0.046770055
24675,0.10683606
24676,0.04043499
24677,0.05803936
24678,0.031755187
24679,0.011854146
24680,0.14168115
24681,0.027697673
24682,0.055953003
24683,0.021154588
24684,0.010093088
24685,0.025417967
24686,0.03689962
24687,0.06949847
24688,0.09445159
24689,0.12260313
24690,0.12140497
24691,0.4641395
24692,0.23552705
24693,0.25231454
24694,0.019105237
24695,0.08899002
24696,0.0120652905
24697,0.06355083
24698,0.045054164
24699,0.080022156
24700,0.026060166
24701,0.020323485
24702,0.044603348
24703,0.04169841
24704,0.021957522
24705,0.05116356
24706,0.06687256
24707,0.031347625
24708,0.0650427
24709,0.022137396
24710,0.0072198743
24711,0.10721397
24712,0.013584887
24713,0.043523096
24714,0.11823022
24715,0.07342488
24716,0.13001624
24717,0.31993395
24718,0.12917721
24719,0.13093951
24720,0.08333506
24721,0.17860907
24722,0.07839808
24723,0.08828417
24724,0.061332855
24725,0.012669334
24726,0.009988833
24727,0.031942863
24728,0.2932745
24729,0.08155908
24730,0.08013231
24731,0.049350414
24732,0.063434295
24733,0.019876596
24734,0.025028823
24735,0.033271685
24736,0.043893646
24737,0.32249242
24738,0.07030038
24739,0.04403014
24740,0.11459017
24741,0.62533456
24742,0.113083564
24743,0.026797004
24744,0.42414004
24745,0.08261416
24746,0.26183772
24747,0.29360107
24748,0.07740365
24749,0.04984292
24750,0.05883815
24751,0.1089372
24752,0.16085511
24753,0.03719929
24754,0.14772305
24755,0.0710425
24756,0.0048750425
24757,0.0669954
24758,0.01965437
24759,0.05624619
24760,0.08409173
24761,0.024649585
24762,0.11793293
24763,0.13753656
24764,0.24578638
24765,0.107642226
24766,0.044055603
24767,0.11557163
24768,0.14673524
24769,0.37592643
24770,0.07335874
24771,0.008312692
24772,0.060187966
24773,0.0220515
24774,0.014223055
24775,0.07985231
24776,0.5094807
24777,0.032951612
24778,0.10831946
24779,0.40210706
24780,0.14917085
24781,0.018781263
24782,0.0059208516
24783,0.043840695
24784,0.059610307
24785,0.2520224
24786,0.47193667
24787,0.012507927
24788,0.19817448
24789,0.11786842
24790,0.23587632
24791,0.22775815
24792,0.14325227
24793,0.18632247
24794,0.38668928
24795,0.099762976
24796,0.05894097
24797,0.089221254
24798,0.049950197
24799,0.28267825
24800,0.91379225
24801,0.0
24802,0.04754649
24803,0.4319196
24804,0.011355445
24805,0.049093876
24806,0.20176108
24807,0.012781331
24808,0.054257035
24809,0.08288829
24810,0.019228198
24811,0.052811764
24812,0.008122004
24813,0.4953961
24814,0.3798263
24815,0.10247211
24816,0.24906962
24817,0.13995719
24818,0.27270594
24819,0.38927504
24820,0.29403853
24821,0.030181734
24822,0.2720248
24823,0.23445375
24824,0.12528674
24825,0.9351679
24826,0.29450038
24827,0.30582732
24828,0.0
24829,0.022976747
24830,0.22262019
24831,0.0730465
24832,0.032242943
24833,0.016890166
24834,0.007886176
24835,0.053335827
24836,0.013035849
24837,0.02151097
24838,0.04409922
24839,0.17192015
24840,0.11010337
24841,0.10551023
24842,0.12874022
24843,0.097782075
24844,0.3850758
24845,0.2578741
24846,0.029693674
24847,0.120841764
24848,0.2793705
24849,0.022478392
24850,0.06255379
24851,1.0
24852,0.9690661
24853,0.5766281
24854,0.025295325
24855,0.015343553
24856,0.08290733
24857,0.44791993
24858,0.082944214
24859,0.058434803
24860,0.061261177
24861,0.0684222
24862,0.06353874
24863,0.015237419
24864,0.5316208
24865,0.023868099
24866,0.04210058
24867,0.12611988
24868,0.11834369
24869,0.061012935
24870,0.06242518
24871,0.4405552
24872,0.41974294
24873,0.020289008
24874,0.112361245
24875,0.10119395
24876,0.09458412
24877,0.98998976
24878,0.7831613
24879,0.53067094
24880,0.19315632
24881,0.031951707
24882,0.014634528
24883,0.39554545
24884,0.06829212
24885,0.2678246
24886,0.032280445
24887,0.0768433
24888,0.018115096
24889,0.12723394
24890,0.122877605
24891,0.1504042
24892,0.15346181
24893,0.55509204
24894,0.47617817
24895,0.4267892
24896,0.1403379
24897,0.105769806
24898,0.06768525
24899,0.12630726
24900,0.06114492
24901,0.03578196
24902,0.03137157
24903,0.11662986
24904,0.13428536
24905,0.053226568
24906,0.0873286
24907,0.022724891
24908,0.8973744
24909,0.97342306
24910,0.93195903
24911,0.12206098
24912,0.056811117
24913,0.24557117
24914,0.385775
24915,0.018429082
24916,0.009194907
24917,0.019313779
24918,0.018659268
24919,0.04403792
24920,0.10557692
24921,0.064463474
24922,0.49143854
24923,0.9888503
24924,0.08214484
24925,0.12282802
24926,0.11277957
24927,0.15591623
24928,0.08829086
24929,0.43995035
24930,0.14271337
24931,0.04884818
24932,0.07693557
24933,0.088583075
24934,0.09444617
24935,0.036431517
24936,0.01943887
24937,0.25731394
24938,0.2781011
24939,0.16595887
24940,0.07906891
24941,0.028685948
24942,0.102476075
24943,0.075181514
24944,0.26665798
24945,0.03209606
24946,0.046565864
24947,0.04831197
24948,0.020187497
24949,0.058426928
24950,0.06161304
24951,0.52437174
24952,0.7683782
24953,0.36456156
24954,0.171318
24955,0.11793492
24956,0.17406148
24957,0.1555984
24958,0.52626497
24959,0.08878664
24960,0.034368277
24961,0.022799328
24962,0.24012758
24963,0.15658595
24964,0.5062935
24965,0.4370936
24966,0.41922393
24967,0.24744368
24968,0.9976269
24969,0.11718831
24970,0.01222163
24971,0.23165168
24972,0.23622522
24973,0.02107619
24974,0.055174682
24975,0.26107222
24976,0.066556886
24977,0.036838263
24978,0.043841872
24979,0.057398144
24980,0.13128132
24981,0.406666
24982,0.2670644
24983,0.5202087
24984,0.29208916
24985,0.15687758
24986,0.15038328
24987,0.38311338
24988,0.019662797
24989,0.15712798
24990,0.07012674
24991,0.052703574
24992,0.44968826
24993,0.250638
24994,0.06523016
24995,0.4805492
24996,0.2924289
24997,0.0054754643
24998,0.08186376
24999,0.12281502
25000,0.09841834
25001,0.007927104
25002,0.0096055465
25003,0.0056195124
25004,0.026640972
25005,0.061719775
25006,0.10000864
25007,0.104090214
25008,0.12835106
25009,0.39964905
25010,0.7536197
25011,0.4179013
25012,0.44826135
25013,0.58043444
25014,0.10629697
25015,0.052110326
25016,0.06749585
25017,0.13670829
25018,0.18752626
25019,0.07691708
25020,0.035565164
25021,0.005169357
25022,0.069318205
25023,0.13713032
25024,0.021265693
25025,0.040660776
25026,0.13260457
25027,0.015545095
25028,0.02281901
25029,0.016206533
25030,0.018046487
25031,0.008574573
25032,0.03178334
25033,0.086033255
25034,0.06290802
25035,0.099703886
25036,0.4567496
25037,0.2569168
25038,0.43564254
25039,0.87782216
25040,0.6926539
25041,0.3771475
25042,0.2531233
25043,0.035657372
25044,0.021897202
25045,0.050406095
25046,0.11506432
25047,0.020602288
25048,0.031695955
25049,0.9868623
25050,0.058640905
25051,0.017772613
25052,0.08529185
25053,0.062118717
25054,0.11444177
25055,0.04150616
25056,0.042706322
25057,0.014289861
25058,0.033771157
25059,0.011522727
25060,0.012223084
25061,0.03408061
25062,0.08877531
25063,0.12880415
25064,0.59258777
25065,0.38541993
25066,0.26162615
25067,1.0
25068,0.3753489
25069,0.47270343
25070,0.25152993
25071,0.03621259
25072,0.025387643
25073,0.04587007
25074,0.06534057
25075,0.033835288
25076,0.07217677
25077,0.42982227
25078,0.23039486
25079,0.40148026
25080,0.03606532
25081,0.09737779
25082,0.12612778
25083,0.13752112
25084,0.24956726
25085,0.17142586
25086,0.022264363
25087,0.05102019
25088,0.14284
25089,0.9860783
25090,0.4437554
25091,0.630418
25092,0.40184888
25093,0.278396
25094,0.16026321
25095,0.22148763
25096,0.04206847
25097,0.02712111
25098,0.013831464
25099,0.012507801
25100,0.043922223
25101,0.026112083
25102,0.114025995
25103,0.11123677
25104,0.06424421
25105,0.27137393
25106,0.018999925
25107,0.07335413
25108,0.0037414853
25109,0.37785825
25110,0.04283403
25111,0.004237116
25112,0.118530504
25113,0.2544899
25114,0.043149553
25115,0.007618481
25116,0.25212884
25117,0.18423553
25118,0.08517839
25119,0.10457435
25120,0.02651039
25121,0.07809584
25122,0.0910391
25123,0.041333687
25124,0.12820166
25125,0.108213104
25126,0.045663938
25127,0.02626131
25128,0.010464993
25129,0.23524207
25130,0.010705874
25131,0.106361106
25132,0.04271739
25133,0.040840928
25134,0.12931208
25135,0.044403486
25136,0.06197794
25137,0.010591866
25138,0.07114413
25139,0.19384135
25140,0.39220998
25141,0.50673366
25142,0.1115362
25143,0.014709541
25144,0.013529218
25145,0.019591281
25146,0.02887732
25147,0.062439412
25148,0.018227877
25149,0.06998961
25150,0.24487303
25151,0.014617812
25152,0.020276127
25153,0.016167918
25154,0.017014848
25155,0.020053158
25156,0.023601959
25157,0.092420176
25158,0.09918201
25159,0.38645184
25160,0.019648565
25161,0.018904597
25162,0.058001027
25163,0.07423719
25164,0.10449879
25165,0.37870377
25166,0.12171146
25167,0.0058457865
25168,0.23473427
25169,0.014643618
25170,0.033046972
25171,0.08388627
25172,0.13076825
25173,0.050191104
25174,0.011040721
25175,0.019870114
25176,0.006453401
25177,0.2903101
25178,0.025435792
25179,0.012599327
25180,0.02932842
25181,0.14552028
25182,0.08038707
25183,0.055011753
25184,0.01858574
25185,0.029945953
25186,0.070875585
25187,0.3631813
25188,0.027879758
25189,0.018102324
25190,0.033711668
25191,0.052297886
25192,0.062711775
25193,0.24808885
25194,0.060389157
25195,0.25894138
25196,0.08532513
25197,0.028823232
25198,0.04673127
25199,0.053556625
25200,0.035017323
25201,0.2704757
25202,0.01755803
25203,0.17823446
25204,0.020957554
25205,0.1046239
25206,0.0617925
25207,0.012660844
25208,0.41838047
25209,0.52225304
25210,0.111531116
25211,0.06362131
25212,0.0871447
25213,0.054915547
25214,0.040133752
25215,0.197864
25216,0.10158824
25217,0.09354888
25218,0.91692543
25219,0.015510659
25220,0.0704223
25221,0.01580364
25222,0.08522797
25223,0.086821586
25224,0.0192324
25225,0.04322161
25226,0.122750334
25227,0.48184937
25228,0.069918424
25229,0.23750918
25230,0.02386435
25231,0.06641547
25232,0.025263328
25233,0.09945426
25234,0.03284957
25235,0.029177457
25236,0.05024181
25237,0.059490766
25238,0.024494516
25239,0.020243322
25240,0.06580154
25241,0.01624928
25242,0.13896005
25243,0.03057759
25244,0.04889202
25245,0.014976872
25246,0.03247391
25247,0.074872844
25248,0.08468442
25249,0.019842928
25250,0.042377982
25251,0.9809005
25252,0.051503237
25253,0.11262694
25254,0.04706207
25255,0.039900653
25256,0.049196154
25257,0.05336701
25258,0.014941299
25259,0.016496113
25260,0.2778759
25261,0.026094824
25262,0.002851928
25263,0.05425623
25264,0.108337715
25265,0.021488095
25266,0.010345803
25267,0.12114513
25268,0.04161785
25269,0.023877371
25270,0.046935823
25271,0.46373945
25272,0.024174588
25273,0.017715208
25274,0.00584485
25275,0.004048493
25276,0.015859425
25277,0.054091427
25278,0.005425743
25279,0.031520035
25280,0.27456164
25281,0.089731716
25282,0.011324521
25283,0.011333608
25284,0.07701996
25285,0.17416093
25286,0.09115393
25287,0.1020595
25288,0.088482335
25289,0.04639101
25290,0.040230047
25291,0.022005826
25292,0.06737858
25293,0.270221
25294,0.23440817
25295,0.004929462
25296,0.031775363
25297,0.015891721
25298,0.011639068
25299,0.01752176
25300,0.011551913
25301,0.019672913
25302,0.006195284
25303,0.01636144
25304,0.007843752
25305,0.013643011
25306,0.019778613
25307,0.009184685
25308,0.028953552
25309,0.0610546
25310,0.065796
25311,0.13571101
25312,0.013266527
25313,0.011568466
25314,0.12298903
25315,0.44266555
25316,0.026013494
25317,0.011344046
25318,0.005578265
25319,0.020167543
25320,0.0033086846
25321,0.033523317
25322,0.011949723
25323,0.012454854
25324,0.009992794
25325,0.09755836
25326,0.04005428
25327,0.05065405
25328,0.01339449
25329,0.05727225
25330,0.012878855
25331,0.010303973
25332,0.012821876
25333,0.0075494377
25334,0.1233085
25335,0.026272243
25336,0.047773443
25337,0.00888881
25338,0.01032191
25339,0.030248411
25340,0.010927845
25341,0.012667439
25342,0.099121384
25343,0.01357672
25344,0.45128304
25345,0.06875124
25346,0.07558664
25347,0.08878556
25348,0.06038534
25349,0.023309885
25350,0.009003935
25351,0.00874675
25352,0.109006226
25353,0.014498829
25354,0.09157826
25355,0.17909215
25356,0.021043226
25357,0.05165892
25358,0.040561903
25359,0.0283913
25360,0.028507777
25361,0.009228993
25362,0.030176215
25363,0.008549421
25364,0.009012952
25365,0.010347023
25366,0.08105622
25367,0.07363328
25368,0.034268364
25369,0.17464496
25370,0.013422715
25371,0.016428135
25372,0.0049684667
25373,0.011487354
25374,0.018238882
25375,0.05212657
25376,0.02036228
25377,0.014164807
25378,0.028585065
25379,0.031193342
25380,0.013339133
25381,0.01399928
25382,0.0329751
25383,0.26196018
25384,0.24487868
25385,0.025813023
25386,0.21229039
25387,0.017141938
25388,0.0964326
25389,0.06420348
25390,0.058685582
25391,0.0058860467
25392,0.03865274
25393,0.06793702
25394,0.044879466
25395,0.071797915
25396,0.04970875
25397,0.03602214
25398,0.026622146
25399,0.14331895
25400,0.0572138
25401,0.049309503
25402,0.04231896
25403,0.14326738
25404,0.21521609
25405,0.075665325
25406,0.027592054
25407,0.25786024
25408,0.022803644
25409,0.32960397
25410,0.031167613
25411,0.2514838
25412,0.05458583
25413,0.028958913
25414,0.009915439
25415,0.072329
25416,0.01032378
25417,0.25280818
25418,0.62133676
25419,0.12670837
25420,0.037421394
25421,0.11423916
25422,0.040150292
25423,0.030134635
25424,0.05441674
25425,0.041068483
25426,0.0141620925
25427,0.056554124
25428,0.21017148
25429,0.39695895
25430,0.46110037
25431,0.41628125
25432,0.038784057
25433,0.0584883
25434,0.13832533
25435,0.13340813
25436,0.011175491
25437,0.073696285
25438,0.052329518
25439,0.06897181
25440,0.04768224
25441,0.033410564
25442,0.4085267
25443,0.11290966
25444,0.26010385
25445,0.51006943
25446,0.103034176
25447,0.016217757
25448,0.4687351
25449,0.06360538
25450,0.30998895
25451,0.069458015
25452,0.057399064
25453,0.033478126
25454,0.078712806
25455,0.07908215
25456,0.083022565
25457,0.024787122
25458,0.03182658
25459,0.045221247
25460,0.290629
25461,0.046954308
25462,0.036990643
25463,0.06830541
25464,0.07929496
25465,0.088494934
25466,0.034147
25467,0.028841672
25468,0.030843634
25469,0.04280382
25470,0.14647338
25471,0.16593398
25472,0.04829597
25473,0.010446242
25474,0.021666404
25475,0.45563433
25476,0.09642429
25477,0.050685376
25478,0.28613353
25479,0.29173642
25480,0.09278057
25481,0.05880362
25482,0.025603224
25483,0.022113087
25484,0.030193703
25485,0.05734014
25486,0.0789755
25487,0.26885876
25488,0.42104796
25489,0.019835865
25490,0.36659154
25491,0.05469749
25492,0.031572036
25493,0.023586843
25494,0.028700976
25495,0.26978466
25496,0.009892648
25497,0.03806439
25498,0.0052705607
25499,0.056047626
25500,0.043897986
25501,0.026006114
25502,0.11792458
25503,0.33808824
25504,0.07779285
25505,0.08421253
25506,0.020053998
25507,0.030353185
25508,0.051449902
25509,0.06707933
25510,0.026825292
25511,0.13123323
25512,0.15752327
25513,0.07569506
25514,0.18836844
25515,0.05904846
25516,0.038032018
25517,0.03110592
25518,0.031381045
25519,0.03431814
25520,0.00032112087
25521,0.117398664
25522,0.06797792
25523,0.36326194
25524,0.012816876
25525,0.059076473
25526,0.041683543
25527,0.02270434
25528,0.022216376
25529,0.027698351
25530,0.0495684
25531,0.028675584
25532,0.061212372
25533,0.28701812
25534,0.4082218
25535,0.04803828
25536,0.045969263
25537,0.09435197
25538,0.0601274
25539,0.012875292
25540,0.056749742
25541,0.0076349736
25542,0.029736347
25543,0.23450886
25544,0.02856115
25545,0.022534473
25546,0.032562397
25547,0.0
25548,0.16499268
25549,0.08484549
25550,0.41842797
25551,0.39139956
25552,0.41245797
25553,0.061902177
25554,0.05193045
25555,0.021709215
25556,0.051553614
25557,0.044230945
25558,0.15070328
25559,0.05405622
25560,0.603897
25561,0.10434663
25562,0.11592683
25563,0.05898553
25564,0.049028795
25565,0.015038919
25566,0.065044
25567,0.017192677
25568,0.024771107
25569,0.08720899
25570,0.05751686
25571,0.09326492
25572,0.07260504
25573,0.117574856
25574,0.4022287
25575,0.4187155
25576,0.085156694
25577,0.03393879
25578,0.09059932
25579,0.019617097
25580,0.041785687
25581,0.08356918
25582,0.0697144
25583,0.144066
25584,0.056141734
25585,0.119445324
25586,0.042047545
25587,0.058046788
25588,0.037180975
25589,0.23014826
25590,0.0065181497
25591,0.021086184
25592,0.05352583
25593,0.019596556
25594,0.011256943
25595,0.023739357
25596,0.03538974
25597,0.07074636
25598,0.08998917
25599,0.11679757
25600,0.12260385
25601,0.4331773
25602,0.23466253
25603,0.25978115
25604,0.016314844
25605,0.10167445
25606,0.057964846
25607,0.04605997
25608,0.098788
25609,0.056282923
25610,0.047003902
25611,0.052497365
25612,0.07534055
25613,0.027138898
25614,0.055709455
25615,0.023179103
25616,0.10635959
25617,0.013291795
25618,0.039885614
25619,0.13913055
25620,0.07026957
25621,0.23118395
25622,0.41864723
25623,0.13180912
25624,0.22733797
25625,0.08323522
25626,0.10615494
25627,0.07801083
25628,0.087242655
25629,0.060499415
25630,0.038925506
25631,0.19979084
25632,0.08483284
25633,0.08075032
25634,0.053090103
25635,0.06659394
25636,0.021136982
25637,0.019290965
25638,0.047433086
25639,0.32060692
25640,0.07356873
25641,0.046476677
25642,0.109483756
25643,0.63951856
25644,0.1005439
25645,0.027307484
25646,0.4131186
25647,0.077010386
25648,0.25585115
25649,0.2835899
25650,0.0708364
25651,0.023035748
25652,0.05219605
25653,0.116237246
25654,0.16789725
25655,0.048160817
25656,0.2169383
25657,0.06932893
25658,0.06602
25659,0.012496212
25660,0.017544411
25661,0.059210338
25662,0.086032294
25663,0.019948894
25664,0.12678969
25665,0.14760298
25666,0.2484446
25667,0.113639496
25668,0.043360617
25669,0.12607184
25670,0.1753926
25671,0.43565693
25672,0.065721266
25673,0.05591268
25674,0.03072827
25675,0.18493234
25676,0.53410965
25677,0.030287191
25678,0.10264637
25679,0.3520836
25680,0.15759102
25681,0.017692283
25682,0.0066252826
25683,0.03915225
25684,0.065987475
25685,0.4597113
25686,0.45404318
25687,0.015637761
25688,0.19957969
25689,0.10856883
25690,0.24164489
25691,0.14132582
25692,0.14227542
25693,0.19080864
25694,0.39323616
25695,0.09616323
25696,0.057614878
25697,0.10229407
25698,0.067660846
25699,0.27798027
25700,0.973299
25701,0.04626305
25702,0.4113846
25703,0.048653718
25704,0.2634255
25705,0.049094133
25706,0.0793309
25707,0.020924928
25708,0.05792581
25709,0.010338674
25710,0.43485293
25711,0.16199158
25712,0.1069418
25713,0.24553117
25714,0.14068387
25715,0.2735386
25716,0.4046174
25717,0.3792513
25718,0.033034284
25719,0.28628802
25720,0.25575238
25721,0.12759405
25722,1.0
25723,0.44261727
25724,0.4391089
25725,0.0
25726,0.023910655
25727,0.13609661
25728,0.07041284
25729,0.022518892
25730,0.018837458
25731,0.006044962
25732,0.009432243
25733,0.06503004
25734,0.009327921
25735,0.0124002
25736,0.020759398
25737,0.041233942
25738,0.16375078
25739,0.11735768
25740,0.10251734
25741,0.13357122
25742,0.19846362
25743,0.40596423
25744,0.24192098
25745,0.03274056
25746,0.11329938
25747,0.2885558
25748,0.023888221
25749,0.07472604
25750,1.0
25751,0.9233407
25752,0.5861403
25753,0.028115418
25754,0.017296048
25755,0.08238128
25756,0.43409985
25757,0.084726766
25758,0.011290075
25759,0.042708945
25760,0.025374154
25761,0.008771316
25762,0.009210567
25763,0.060800325
25764,0.07132878
25765,0.061339144
25766,0.013032031
25767,0.41393965
25768,0.024676519
25769,0.042160563
25770,0.12150879
25771,0.113698594
25772,0.05953558
25773,0.056404136
25774,0.25582144
25775,0.41073886
25776,0.11350215
25777,0.089264736
25778,0.09701851
25779,1.0
25780,0.83487105
25781,0.57874763
25782,0.014636142
25783,0.088772096
25784,0.022979004
25785,0.0058398824
25786,0.43023434
25787,0.08179955
25788,0.26294178
25789,0.03941631
25790,0.0888084
25791,0.12674086
25792,0.12885523
25793,0.14541717
25794,0.15952781
25795,0.5413537
25796,0.45116577
25797,0.23427142
25798,0.13278663
25799,0.10363443
25800,0.06706394
25801,0.12710376
25802,0.07453362
25803,0.04064356
25804,0.1238153
25805,0.13762657
25806,0.048689127
25807,0.10088764
25808,0.037616394
25809,0.9255496
25810,0.9761319
25811,0.9561182
25812,0.12560317
25813,0.050117474
25814,0.3815743
25815,0.012701869
25816,0.41298538
25817,0.007342897
25818,0.016444061
25819,0.019414416
25820,0.0404406
25821,0.11270702
25822,0.063865855
25823,0.44097716
25824,1.0
25825,0.081701286
25826,0.11595179
25827,0.10763101
25828,0.15081558
25829,0.0911291
25830,0.45748386
25831,0.2661652
25832,0.046731044
25833,0.08178871
25834,0.0937787
25835,0.106387
25836,0.040682815
25837,0.024978472
25838,0.24803114
25839,0.27383825
25840,0.17344381
25841,0.081436254
25842,0.025391404
25843,0.09971064
25844,0.081785336
25845,0.2696517
25846,0.027954552
25847,0.04437064
25848,0.0456872
25849,0.01653866
25850,0.055453613
25851,0.05237534
25852,0.4938158
25853,0.7542176
25854,0.2719866
25855,0.17374629
25856,0.12472515
25857,0.16854626
25858,0.16751815
25859,0.50671047
25860,0.18896212
25861,0.040622644
25862,0.027364587
25863,0.14278527
25864,0.16644542
25865,0.23708832
25866,0.47308156
25867,0.26941365
25868,0.2260577
25869,0.9848599
25870,0.12026183
25871,0.018285776
25872,0.2432183
25873,0.23806421
25874,0.018586606
25875,0.058786474
25876,0.25516614
25877,0.0012452275
25878,0.068571895
25879,0.03534709
25880,0.04488997
25881,0.063865155
25882,0.13104175
25883,0.4798682
25884,0.25934532
25885,0.49287188
25886,0.2871149
25887,0.16594918
25888,0.1597581
25889,0.37965864
25890,0.013571228
25891,0.018364973
25892,0.1659206
25893,0.07119823
25894,0.050933063
25895,0.44588873
25896,0.25197455
25897,0.061505757
25898,0.49718407
25899,0.26523164
25900,0.0062036472
25901,0.07662111
25902,0.14489965
25903,0.09305892
25904,0.012574939
25905,0.008379033
25906,0.027017651
25907,0.06324443
25908,0.098622985
25909,0.10277694
25910,0.124231435
25911,0.417049
25912,0.70606863
25913,0.43133217
25914,0.388576
25915,0.60100913
25916,0.107118905
25917,0.012721464
25918,0.06050101
25919,0.06928105
25920,0.15360022
25921,0.23801628
25922,0.06537529
25923,0.038698483
25924,0.06330254
25925,0.13946278
25926,0.018941557
25927,0.0050759204
25928,0.052092105
25929,0.12591037
25930,0.026297048
25931,0.03280935
25932,0.020130226
25933,0.016912859
25934,0.011707436
25935,0.032720204
25936,0.085032076
25937,0.06623627
25938,0.09399378
25939,0.24541856
25940,0.15809405
25941,0.38863462
25942,0.86502427
25943,0.6829451
25944,0.2775134
25945,0.24820721
25946,0.04020415
25947,0.018290458
25948,0.04816758
25949,0.118768424
25950,0.011249252
25951,0.038003642
25952,1.0
25953,0.057262514
25954,0.017808907
25955,0.18185012
25956,0.06307331
25957,0.24288985
25958,0.04855872
25959,0.045971524
25960,0.013136182
25961,0.033915155
25962,0.10327967
25963,0.12129902
25964,0.5864875
25965,0.4379626
25966,0.25270507
25967,1.0
25968,0.40378025
25969,0.4318397
25970,0.15685622
25971,0.035000127
25972,0.029897844
25973,0.030349799
25974,0.058152985
25975,0.049800716
25976,0.0308866
25977,0.069416694
25978,0.43790647
25979,0.23630218
25980,0.4030845
25981,0.040810447
25982,0.12114359
25983,0.129963
25984,0.12879193
25985,0.16638677
25986,0.044754487
25987,0.021523308
25988,0.0075578494
25989,0.051147338
25990,0.14471078
25991,1.0
25992,0.46375704
25993,0.63685274
25994,0.42643672
25995,0.2613787
25996,0.1717641
25997,0.2309958
25998,0.023079617
25999,0.05188851
26000,0.033731446
26001,0.12748913
26002,0.12436725
26003,0.08038856
26004,0.28513652
26005,0.023216384
26006,0.07372259
26007,0.006423218
26008,0.39739838
26009,0.043697562
26010,0.1209473
26011,0.24958906
26012,0.044124693
26013,0.008860252
26014,0.24693486
26015,0.1711703
26016,0.08868428
26017,0.11845103
26018,0.087280475
26019,0.08995237
26020,0.047302965
26021,0.12088596
26022,0.10932049
26023,0.02315925
26024,0.008987205
26025,0.23922127
26026,0.01619049
26027,0.012822134
26028,0.10385273
26029,0.0045775645
26030,0.037071917
26031,0.12892644
26032,0.045241054
26033,0.06432339
26034,0.014311327
26035,0.0711443
26036,0.19198781
26037,0.39496255
26038,0.47672337
26039,0.12221504
26040,0.017703263
26041,0.020289233
26042,0.03247471
26043,0.061694156
26044,0.018425928
26045,0.06301954
26046,0.2375717
26047,0.01209026
26048,0.02727521
26049,0.016383227
26050,0.021870818
26051,0.00804748
26052,0.02373582
26053,0.08591948
26054,0.101980634
26055,0.37360132
26056,0.01733196
26057,0.022182183
26058,0.060872484
26059,0.076694496
26060,0.10452928
26061,0.40254673
26062,0.12611839
26063,0.0110419905
26064,0.007017957
26065,0.23978625
26066,0.014878989
26067,0.033083953
26068,0.080265485
26069,0.13352592
26070,0.043906074
26071,0.009294152
26072,0.015252982
26073,0.009791558
26074,0.19795032
26075,0.025394827
26076,0.0050849407
26077,0.012852732
26078,0.029917194
26079,0.13460541
26080,0.0850103
26081,0.052321896
26082,0.018879632
26083,0.030636244
26084,0.06812932
26085,0.34729066
26086,0.030698443
26087,0.01922461
26088,0.028140962
26089,0.06795288
26090,0.18429367
26091,0.079963036
26092,0.26082987
26093,0.085184045
26094,0.029471587
26095,0.016731838
26096,0.046307366
26097,0.046995796
26098,0.027110714
26099,0.19809397
26100,0.020854034
26101,0.019872906
26102,0.26908726
26103,0.021737482
26104,0.10059689
26105,0.059189774
26106,0.012413744
26107,0.29540694
26108,0.61508447
26109,0.11803291
26110,0.07553643
26111,0.009906622
26112,0.08425322
26113,0.05221743
26114,0.043919295
26115,0.20810851
26116,0.104604624
26117,0.0988767
26118,0.92977715
26119,0.081131846
26120,0.01616668
26121,0.07751716
26122,0.08211577
26123,0.013307477
26124,0.038198482
26125,0.12328436
26126,0.3163402
26127,0.0641903
26128,0.2377543
26129,0.028424041
26130,0.017564837
26131,0.076392315
26132,0.02271625
26133,0.10072917
26134,0.031179707
26135,0.002834402
26136,0.028988237
26137,0.054400586
26138,0.06103699
26139,0.023672488
26140,0.06189527
26141,0.14587873
26142,0.030235665
26143,0.045351297
26144,0.015891697
26145,0.028255252
26146,0.09198955
26147,0.08708754
26148,0.019007523
26149,0.047338754
26150,0.9814228
26151,0.060376607
26152,0.11332835
26153,0.052134197
26154,0.043513246
26155,0.05210289
26156,0.04718516
26157,0.011866579
26158,0.019481072
26159,0.29023686
26160,0.026362497
26161,0.0035199614
26162,0.0044966605
26163,0.0085883485
26164,0.016367333
26165,0.0070580635
26166,0.051377203
26167,0.11240695
26168,0.021596804
26169,0.0076434663
26170,0.09508032
26171,0.03925329
26172,0.023357846
26173,0.050927553
26174,0.47480345
26175,0.022256808
26176,0.0086398255
26177,0.0233736
26178,0.05477772
26179,0.008964419
26180,0.03140053
26181,0.16226427
26182,0.07862942
26183,0.010042162
26184,0.0142846145
26185,0.08099043
26186,0.18993376
26187,0.11970462
26188,0.09402612
26189,0.09853313
26190,0.038912136
26191,0.046899498
26192,0.013951223
26193,0.075543515
26194,0.17669742
26195,0.2338744
26196,0.013372017
26197,0.033443503
26198,0.013672526
26199,0.012407144
26200,0.0165167
26201,0.009448512
26202,0.020637913
26203,0.00877189
26204,0.009439782
26205,0.016292872
26206,0.007936949
26207,0.030647539
26208,0.061384954
26209,0.06909102
26210,0.13114065
26211,0.114445224
26212,0.012199072
26213,0.27311918
26214,0.014995428
26215,0.010845554
26216,0.026002616
26217,0.013790444
26218,0.009902726
26219,0.0077702613
26220,0.01720834
26221,0.03149059
26222,0.011308831
26223,0.012029129
26224,0.0171864
26225,0.012504293
26226,0.012868612
26227,0.10105998
26228,0.035013106
26229,0.04457377
26230,0.014757351
26231,0.06339255
26232,0.01653899
26233,0.007572338
26234,0.010616253
26235,0.006863056
26236,0.11977252
26237,0.02868107
26238,0.04794289
26239,0.0033954713
26240,0.011400952
26241,0.032451183
26242,0.010397317
26243,0.01377712
26244,0.10115807
26245,0.013265656
26246,0.013295831
26247,0.0124392845
26248,0.30246067
26249,0.06686316
26250,0.08242805
26251,0.08194927
26252,0.005470955
26253,0.06841944
26254,0.024667874
26255,0.11514798
26256,0.014846901
26257,0.11858765
26258,0.16955289
26259,0.020727145
26260,0.016620578
26261,0.037148133
26262,0.033040904
26263,0.0049039535
26264,0.012298949
26265,0.009703625
26266,0.013232713
26267,0.038159378
26268,0.009335251
26269,0.096863724
26270,0.08049996
26271,0.03616835
26272,0.18404752
26273,0.011321499
26274,0.033768147
26275,0.0042467886
26276,0.009998682
26277,0.014388317
26278,0.05355687
26279,0.020238245
26280,0.02661201
26281,0.036569666
26282,0.010153082
26283,0.011080719
26284,0.017644621
26285,0.031835455
26286,0.26564267
26287,0.191293
26288,0.014411869
26289,0.112251155
26290,0.011392617
26291,0.014721039
26292,0.054438308
26293,0.02745725
26294,0.024378516
26295,0.03789833
26296,0.049659077
26297,0.03875349
26298,0.04964605
26299,0.0067018573
26300,0.034011453
26301,0.027830021
26302,0.13447978
26303,0.023932045
26304,0.015647028
26305,0.14212951
26306,0.3468103
26307,0.016902484
26308,0.03054649
26309,0.03031562
26310,0.26022562
26311,0.024010379
26312,0.14853002
26313,0.024452057
26314,0.1362846
26315,0.04639544
26316,0.02785527
26317,0.05435412
26318,0.003762684
26319,0.035573456
26320,0.015877318
26321,0.10655132
26322,0.031116314
26323,0.7066033
26324,0.1310829
26325,0.045550372
26326,0.03002276
26327,0.14089292
26328,0.03974329
26329,0.0027052218
26330,0.030065997
26331,0.04869895
26332,0.016934166
26333,0.04113466
26334,0.2368969
26335,0.4939121
26336,0.46669424
26337,0.06648533
26338,0.109689526
26339,0.14030921
26340,0.06660985
26341,0.054286316
26342,0.07070313
26343,0.051306713
26344,0.36492795
26345,0.11036257
26346,0.11796975
26347,0.46518636
26348,0.09408267
26349,0.0
26350,0.46301806
26351,0.025081677
26352,0.0741924
26353,0.31585974
26354,0.073458955
26355,0.061516453
26356,0.035443634
26357,0.06295778
26358,0.07060046
26359,0.086130925
26360,0.07511052
26361,0.017225409
26362,0.020007368
26363,0.04711048
26364,0.25045872
26365,0.05386932
26366,0.03607979
26367,0.068296604
26368,0.073232986
26369,0.09246696
26370,0.030328369
26371,0.023397014
26372,0.037198097
26373,0.13005313
26374,0.13940385
26375,0.03391925
26376,0.053465493
26377,0.026057808
26378,0.021058282
26379,0.008911985
26380,0.00814219
26381,0.45060956
26382,0.075085804
26383,0.03372375
26384,0.1693091
26385,0.29310077
26386,0.09944798
26387,0.059032
26388,0.024499657
26389,0.025454178
26390,0.016939566
26391,0.041136574
26392,0.046405524
26393,0.081806935
26394,0.06785004
26395,0.27045697
26396,0.38978603
26397,0.017689234
26398,0.14670718
26399,0.04917607
26400,0.012803205
26401,0.029549763
26402,0.030077048
26403,0.2754752
26404,0.011583471
26405,0.039771404
26406,0.05921996
26407,0.045054246
26408,0.008764563
26409,0.10845635
26410,0.41353616
26411,0.05694394
26412,0.08400091
26413,0.03321669
26414,0.062439647
26415,0.07262087
26416,0.028571384
26417,0.012347147
26418,0.12505828
26419,0.1594044
26420,0.07286721
26421,0.077636756
26422,0.057938296
26423,0.005062627
26424,0.028402647
26425,0.03440577
26426,0.029180434
26427,0.028939936
26428,0.10821951
26429,0.0633359
26430,0.35120383
26431,0.010252
26432,0.05820274
26433,0.03515138
26434,0.02130376
26435,0.012551026
26436,0.018999642
26437,0.04995829
26438,0.005916364
26439,0.026693985
26440,0.05650314
26441,0.20046496
26442,0.4313593
26443,0.04796948
26444,0.046539925
26445,0.03994393
26446,0.09721349
26447,0.06376024
26448,0.011906783
26449,0.052861784
26450,0.0077547417
26451,0.018856362
26452,0.24180016
26453,0.02394415
26454,0.020749964
26455,0.0
26456,0.16343349
26457,0.07674185
26458,0.38571018
26459,0.36295334
26460,0.38341025
26461,0.07247052
26462,0.054845598
26463,0.023036947
26464,0.04912111
26465,0.046002828
26466,0.008890542
26467,0.1493456
26468,0.048861664
26469,0.6694867
26470,0.10935666
26471,0.024571618
26472,0.11736551
26473,0.055588618
26474,0.055371
26475,0.008885847
26476,0.0044999286
26477,0.003096291
26478,0.06821634
26479,0.021844015
26480,0.019198641
26481,0.022628265
26482,0.07341439
26483,0.055964552
26484,0.101041794
26485,0.07126371
26486,0.12572987
26487,0.40052485
26488,0.44625327
26489,0.08488234
26490,0.034358505
26491,0.08052234
26492,0.039737843
26493,0.08733035
26494,0.065538034
26495,0.11893736
26496,0.050593585
26497,0.10786608
26498,0.04188849
26499,0.06425926
26500,0.017018402
26501,0.017654229
26502,0.23180264
26503,0.005732898
26504,0.024991157
26505,0.061036494
26506,0.022586947
26507,0.008227498
26508,0.009871417
26509,0.024191553
26510,0.03210403
26511,0.07042349
26512,0.08734206
26513,0.11964994
26514,0.110785976
26515,0.4337726
26516,0.22397235
26517,0.25392997
26518,0.016249271
26519,0.09557515
26520,0.05939149
26521,0.042671494
26522,0.08637442
26523,0.03244135
26524,0.046084654
26525,0.018191682
26526,0.046439104
26527,0.07954263
26528,0.027778927
26529,0.057342943
26530,0.02474624
26531,0.09142963
26532,0.04118629
26533,0.13544442
26534,0.0718007
26535,0.22415948
26536,0.40012
26537,0.13088325
26538,0.12414348
26539,0.082790434
26540,0.10169396
26541,0.07533789
26542,0.08562684
26543,0.057785723
26544,0.010287923
26545,0.040378764
26546,0.39262566
26547,0.08785771
26548,0.07056615
26549,0.047927905
26550,0.062260985
26551,0.016755195
26552,0.02142084
26553,0.015711516
26554,0.021174237
26555,0.042547375
26556,0.3138566
26557,0.07261903
26558,0.044195127
26559,0.107868426
26560,0.65746135
26561,0.10082558
26562,0.03115223
26563,0.40851447
26564,0.08464014
26565,0.2636625
26566,0.28222314
26567,0.07579713
26568,0.021698449
26569,0.054824118
26570,0.07635045
26571,0.113371424
26572,0.16081862
26573,0.04764693
26574,0.12981921
26575,0.074315995
26576,0.0632252
26577,0.014297198
26578,0.01589179
26579,0.061417308
26580,0.076674834
26581,0.02350538
26582,0.12217813
26583,0.14222409
26584,0.24732965
26585,0.10932838
26586,0.04683762
26587,0.110540025
26588,0.1764
26589,0.36077803
26590,0.061096724
26591,0.052939914
26592,0.027339831
26593,0.0854644
26594,0.54735434
26595,0.09459096
26596,0.4015422
26597,0.15586732
26598,0.015097895
26599,0.018810784
26600,0.010638342
26601,0.043918718
26602,0.06973714
26603,0.43874073
26604,0.43200764
26605,0.011430428
26606,0.11124491
26607,0.10836094
26608,0.15825056
26609,0.22301702
26610,0.13878617
26611,0.19039555
26612,0.36220285
26613,0.08819874
26614,0.05035744
26615,0.104363814
26616,0.08348932
26617,0.21697724
26618,0.9540574
26619,0.045568623
26620,0.39653936
26621,0.046458643
26622,0.25313887
26623,0.053459592
26624,0.07839112
26625,0.021395685
26626,0.05421725
26627,0.0069877775
26628,0.4199779
26629,0.15502767
26630,0.10635359
26631,0.2538536
26632,0.13433126
26633,0.19817154
26634,0.37232652
26635,0.39022046
26636,0.02955975
26637,0.19540407
26638,0.24551685
26639,0.12532946
26640,1.0
26641,0.41998562
26642,0.40619972
26643,0.02753375
26644,0.13546745
26645,0.06986922
26646,0.028911352
26647,0.0053675314
26648,0.015669512
26649,0.008562938
26650,0.05822756
26651,0.010302945
26652,0.012240168
26653,0.015835607
26654,0.04418755
26655,0.07529351
26656,0.11112211
26657,0.108835645
26658,0.13485534
26659,0.19957589
26660,0.25007245
26661,0.26203915
26662,0.026501741
26663,0.10409348
26664,0.29628417
26665,0.023771182
26666,0.0720816
26667,1.0
26668,0.9849293
26669,0.6404964
26670,0.009207931
26671,0.026898883
26672,0.0153826075
26673,0.07447432
26674,0.43752614
26675,0.085722536
26676,0.059982706
26677,0.01167317
26678,0.056591947
26679,0.068543196
26680,0.058626883
26681,0.01655505
26682,0.41023904
26683,0.023024451
26684,0.039022263
26685,0.12420961
26686,0.11903666
26687,0.07016272
26688,0.060520414
26689,0.24876985
26690,0.38192636
26691,0.021103416
26692,0.2091063
26693,0.09450003
26694,0.102958314
26695,1.0
26696,0.8261772
26697,0.57548034
26698,0.19415025
26699,0.02071855
26700,0.39809713
26701,0.08777591
26702,0.20284787
26703,0.051925804
26704,0.087353975
26705,0.018244026
26706,0.12263172
26707,0.114316806
26708,0.14050889
26709,0.16988026
26710,0.54040456
26711,0.46167186
26712,0.21616921
26713,0.1402449
26714,0.10030599
26715,0.06281689
26716,0.120261475
26717,0.06371204
26718,0.04038326
26719,0.116918415
26720,0.13626283
26721,0.05448265
26722,0.08988611
26723,0.032446977
26724,0.92423785
26725,0.99009156
26726,0.9831074
26727,0.1132696
26728,0.04737351
26729,0.24529669
26730,0.01832099
26731,0.39132503
26732,0.026453277
26733,0.011990022
26734,0.014674822
26735,0.014919491
26736,0.040595192
26737,0.10728796
26738,0.05931985
26739,0.47198185
26740,0.9326519
26741,0.084428325
26742,0.113440946
26743,0.1042113
26744,0.16188365
26745,0.088047996
26746,0.41955504
26747,0.27284077
26748,0.042353112
26749,0.08500878
26750,0.09989758
26751,0.10001555
26752,0.042274345
26753,0.032661356
26754,0.4239797
26755,0.27268532
26756,0.23993555
26757,0.08599226
26758,0.025089001
26759,0.10083028
26760,0.01574096
26761,0.08635365
26762,0.27308595
26763,0.02978121
26764,0.040404502
26765,0.0414509
26766,0.016729407
26767,0.016699614
26768,0.056622636
26769,0.052751593
26770,0.4638155
26771,0.72910786
26772,0.2714643
26773,0.16880119
26774,0.12343652
26775,0.17460546
26776,0.1626079
26777,0.49408063
26778,0.086183615
26779,0.035280738
26780,0.025867034
26781,0.14079142
26782,0.16123855
26783,0.17660399
26784,0.42076534
26785,0.42282465
26786,0.17095673
26787,0.9902239
26788,0.11587397
26789,0.016426668
26790,0.23583274
26791,0.23753685
26792,0.028318537
26793,0.25330937
26794,0.06709622
26795,0.03375413
26796,0.04483856
26797,0.05410366
26798,0.122310646
26799,0.3975926
26800,0.25565073
26801,0.50409865
26802,0.2971847
26803,0.15954214
26804,0.15933971
26805,0.35943782
26806,0.015902799
26807,0.021124812
26808,0.16278425
26809,0.07322842
26810,0.052950803
26811,0.41734993
26812,0.20222947
26813,0.055242095
26814,0.54624826
26815,0.38342196
26816,0.08414809
26817,0.13207117
26818,0.096341446
26819,0.060340576
26820,0.007895877
26821,0.029753199
26822,0.060797606
26823,0.09835677
26824,0.09605573
26825,0.11909708
26826,0.41901582
26827,0.7072309
26828,0.46377158
26829,0.37917942
26830,0.58784175
26831,0.11185028
26832,0.055048242
26833,0.06807698
26834,0.14716154
26835,0.19201243
26836,0.077598065
26837,0.025736706
26838,0.089620225
26839,0.1307658
26840,0.018561317
26841,0.007095584
26842,0.043969605
26843,0.10490117
26844,0.026182422
26845,0.04156089
26846,0.022795435
26847,0.010367975
26848,0.030475458
26849,0.08676072
26850,0.06162373
26851,0.09544321
26852,0.47517255
26853,0.16478206
26854,0.37414438
26855,0.8557859
26856,0.6473171
26857,0.28539744
26858,0.2312954
26859,0.051332522
26860,0.11644618
26861,0.018577702
26862,0.9905131
26863,0.051197764
26864,0.020978985
26865,0.076691985
26866,0.071244076
26867,0.124947116
26868,0.042901892
26869,0.05986536
26870,0.04604654
26871,0.016823413
26872,0.032796986
26873,0.096711636
26874,0.1179969
26875,0.55144083
26876,0.41813773
26877,0.2591591
26878,1.0
26879,0.28314385
26880,0.42357373
26881,0.14968143
26882,0.033455368
26883,0.02902529
26884,0.059727572
26885,0.059294626
26886,0.015361261
26887,0.027501278
26888,0.06783482
26889,0.46050307
26890,0.087165095
26891,0.39323953
26892,0.03131933
26893,0.10917098
26894,0.13496247
26895,0.13326657
26896,0.24427582
26897,0.18563417
26898,0.0020985997
26899,0.022879966
26900,0.14562538
26901,0.9606458
26902,0.38426155
26903,0.57270056
26904,0.38108215
26905,0.2642997
26906,0.17125401
26907,0.238779
26908,0.050696135
26909,0.024475
26910,0.016791327
26911,0.052303776
26912,0.032152098
26913,0.116986446
26914,0.12858701
26915,0.0752984
26916,0.18946357
26917,0.035226993
26918,0.071021475
26919,0.3657726
26920,0.04385418
26921,0.13348673
26922,0.12156354
26923,0.15576881
26924,0.0401147
26925,0.24320677
26926,0.1726507
26927,0.0864852
26928,0.1192578
26929,0.028635208
26930,0.10079843
26931,0.092187725
26932,0.045102578
26933,0.12778588
26934,0.11599039
26935,0.044438623
26936,0.026127752
26937,0.0093335435
26938,0.2344684
26939,0.014764877
26940,0.00918047
26941,0.21854141
26942,0.047548853
26943,0.04169903
26944,0.12752505
26945,0.04356675
26946,0.06404397
26947,0.06609106
26948,0.19657095
26949,0.38590977
26950,0.4899916
26951,0.1192931
26952,0.0076699737
26953,0.015654301
26954,0.02071614
26955,0.033286475
26956,0.07006797
26957,0.0694533
26958,0.13596115
26959,0.013492999
26960,0.028758606
26961,0.0148679195
26962,0.025098287
26963,0.018303102
26964,0.009995698
26965,0.023714364
26966,0.09008439
26967,0.09654478
26968,0.4018142
26969,0.018663226
26970,0.022210274
26971,0.058665846
26972,0.07646406
26973,0.11884281
26974,0.39619556
26975,0.12412177
26976,0.010415869
26977,0.22908926
26978,0.03826544
26979,0.01908317
26980,0.085664414
26981,0.11048691
26982,0.054190643
26983,0.009337321
26984,0.019129304
26985,0.015476453
26986,0.1907576
26987,0.014056034
26988,0.029747488
26989,0.13359252
26990,0.07341456
26991,0.05306903
26992,0.021085508
26993,0.02698126
26994,0.06624404
26995,0.35812527
26996,0.025553823
26997,0.019383362
26998,0.03386708
26999,0.049227994
27000,0.06566144
27001,0.27246952
27002,0.07053574
27003,0.2508821
27004,0.081396274
27005,0.031779926
27006,0.011002379
27007,0.05410264
27008,0.053106897
27009,0.031042174
27010,0.413765
27011,0.016293643
27012,0.013780132
27013,0.2606016
27014,0.019735415
27015,0.102552466
27016,0.05894517
27017,0.011145287
27018,0.28261083
27019,0.54863596
27020,0.11118178
27021,0.07041806
27022,0.00901526
27023,0.09105326
27024,0.051435404
27025,0.043975975
27026,0.09236598
27027,0.10557176
27028,0.08970069
27029,0.98972535
27030,0.07887041
27031,0.013310301
27032,0.08582525
27033,0.076083004
27034,0.013187183
27035,0.034450248
27036,0.11297212
27037,0.31269395
27038,0.06775257
27039,0.24328208
27040,0.02752018
27041,0.07381915
27042,0.021243365
27043,0.08977559
27044,0.030970195
27045,0.023986625
27046,0.051219765
27047,0.059169076
27048,0.023352202
27049,0.064637154
27050,0.14353578
27051,0.03280585
27052,0.05096955
27053,0.029263474
27054,0.08313212
27055,0.08804915
27056,0.016820995
27057,0.037062615
27058,0.9744796
27059,0.06670278
27060,0.12237673
27061,0.051831916
27062,0.04270792
27063,0.05140647
27064,0.049680464
27065,0.016893225
27066,0.019779785
27067,0.19421178
27068,0.026391568
27069,0.0033144178
27070,0.015927166
27071,0.041497912
27072,0.11060504
27073,0.017278206
27074,0.10624726
27075,0.043382693
27076,0.018775044
27077,0.04050811
27078,0.44246325
27079,0.023698088
27080,0.020456422
27081,0.008771872
27082,0.011441873
27083,0.056617647
27084,0.03359813
27085,0.15730889
27086,0.082452394
27087,0.013651246
27088,0.017253367
27089,0.013966201
27090,0.08302486
27091,0.25130418
27092,0.11076023
27093,0.095527805
27094,0.0901317
27095,0.035336867
27096,0.053073887
27097,0.077149555
27098,0.2663542
27099,0.244148
27100,0.03206877
27101,0.016603786
27102,0.01314304
27103,0.017806586
27104,0.010328896
27105,0.02406388
27106,0.0074340096
27107,0.017568817
27108,0.012068035
27109,0.0141913425
27110,0.015769534
27111,0.026481315
27112,0.06463192
27113,0.06576572
27114,0.12719163
27115,0.013552393
27116,0.13445914
27117,0.0102117155
27118,0.28733957
27119,0.0114772525
27120,0.008320078
27121,0.017697163
27122,0.007337861
27123,0.01515325
27124,0.012110398
27125,0.036070544
27126,0.011607668
27127,0.014484226
27128,0.016190117
27129,0.011090848
27130,0.09608324
27131,0.031677052
27132,0.049398776
27133,0.012895315
27134,0.060726535
27135,0.020669706
27136,0.012518477
27137,0.009658318
27138,0.110053286
27139,0.030833045
27140,0.04785622
27141,0.009623763
27142,0.002958576
27143,0.029564556
27144,0.008883467
27145,0.10056742
27146,0.0162294
27147,0.011964597
27148,0.006390186
27149,0.010093967
27150,0.28439856
27151,0.053313382
27152,0.0726618
27153,0.081674166
27154,0.014165528
27155,0.0015290779
27156,0.007259228
27157,0.06267166
27158,0.024103086
27159,0.0113099925
27160,0.11474118
27161,0.016411655
27162,0.097323105
27163,0.007402712
27164,0.16626284
27165,0.013305273
27166,0.029895581
27167,0.036546685
27168,0.029242916
27169,0.022363113
27170,0.0047526737
27171,0.009524547
27172,0.009972061
27173,0.03484841
27174,0.0067625977
27175,0.0056549488
27176,0.08904372
27177,0.076983534
27178,0.1912604
27179,0.01742099
27180,0.01201068
27181,0.005029096
27182,0.0035203637
27183,0.011218187
27184,0.01855926
27185,0.05737955
27186,0.02413569
27187,0.013486319
27188,0.009980772
27189,0.013640451
27190,0.033406977
27191,0.16997373
27192,0.24213874
27193,0.017326266
27194,0.10292331
27195,0.01711319
27196,0.03583989
27197,0.058992516
27198,0.07981551
27199,0.03608181
27200,0.04948184
27201,0.05644993
27202,0.08729906
27203,0.08025705
27204,0.055257544
27205,0.0076155183
27206,0.031857595
27207,0.15173532
27208,0.06191553
27209,0.04230621
27210,0.024048405
27211,0.14366238
27212,0.34293652
27213,0.03269192
27214,0.38281193
27215,0.024311043
27216,0.20221087
27217,0.038979698
27218,0.13941176
27219,0.03233935
27220,0.0710257
27221,0.007647114
27222,0.015476161
27223,0.113999404
27224,0.04386263
27225,0.80656856
27226,0.10912357
27227,0.039479453
27228,0.12644295
27229,0.024064796
27230,0.04711345
27231,0.034057077
27232,0.016705098
27233,0.044810995
27234,0.073472925
27235,0.11012441
27236,0.5348252
27237,0.44496122
27238,0.046119716
27239,0.10232358
27240,0.1439614
27241,0.0111798635
27242,0.07232708
27243,0.042662762
27244,0.058006596
27245,0.045986522
27246,0.4101002
27247,0.204947
27248,0.12427725
27249,0.48212346
27250,0.085715935
27251,0.47825843
27252,0.071608394
27253,0.3262608
27254,0.06828662
27255,0.060643055
27256,0.041654892
27257,0.07728101
27258,0.06560038
27259,0.0708135
27260,0.079796225
27261,0.013237917
27262,0.061274685
27263,0.4001085
27264,0.051043514
27265,0.039529234
27266,0.06859567
27267,0.07467101
27268,0.0979039
27269,0.041364424
27270,0.0288411
27271,0.028081758
27272,0.050046884
27273,0.14002244
27274,0.049666133
27275,0.1436901
27276,0.042715423
27277,0.055701673
27278,0.0319476
27279,0.023701968
27280,0.012438783
27281,0.44825435
27282,0.078633964
27283,0.052245088
27284,0.14236318
27285,0.3125559
27286,0.0075421697
27287,0.10446993
27288,0.06564904
27289,0.027400922
27290,0.02579092
27291,0.031540513
27292,0.0466165
27293,0.06526618
27294,0.067279644
27295,0.14099982
27296,0.42409584
27297,0.017544206
27298,0.39261374
27299,0.05092518
27300,0.016441919
27301,0.029623825
27302,0.024109736
27303,0.029302627
27304,0.3752639
27305,0.009538618
27306,0.037357945
27307,0.06249907
27308,0.049486723
27309,0.021413257
27310,0.114467464
27311,0.40551126
27312,0.051173955
27313,0.089276746
27314,0.015683142
27315,0.027249284
27316,0.054140158
27317,0.07071081
27318,0.016354958
27319,0.03181479
27320,0.1272527
27321,0.16076455
27322,0.089319035
27323,0.08453809
27324,0.06959765
27325,0.031247407
27326,0.029205205
27327,0.029463744
27328,0.030647041
27329,0.09318348
27330,0.07536798
27331,0.3688088
27332,0.013924416
27333,0.06552391
27334,0.03431861
27335,0.031823166
27336,0.011710023
27337,0.018531261
27338,0.044658504
27339,0.026484575
27340,0.05973064
27341,0.19005632
27342,0.27117243
27343,0.04834682
27344,0.04391086
27345,0.036299385
27346,0.11600601
27347,0.058482464
27348,0.014647622
27349,0.058470123
27350,0.010938019
27351,0.0226172
27352,0.16857618
27353,0.026150698
27354,0.018583655
27355,0.00052498
27356,0.15944743
27357,0.07565783
27358,0.41651875
27359,0.3829633
27360,0.23132229
27361,0.07435376
27362,0.05174126
27363,0.016495079
27364,0.059447046
27365,0.04255111
27366,0.011887263
27367,0.15582341
27368,0.057051096
27369,0.53084064
27370,0.11435246
27371,0.027604932
27372,0.010336947
27373,0.1193532
27374,0.05634901
27375,0.050781228
27376,0.017016573
27377,0.005961088
27378,0.06688178
27379,0.025541661
27380,0.022457888
27381,0.017796354
27382,0.07772593
27383,0.058006894
27384,0.09177654
27385,0.07248088
27386,0.11885863
27387,0.24864472
27388,0.42284158
27389,0.08606746
27390,0.02688401
27391,0.085493386
27392,0.016902566
27393,0.039892454
27394,0.011817758
27395,0.09489779
27396,0.06889045
27397,0.1336221
27398,0.05681196
27399,0.10349964
27400,0.04258827
27401,0.055929482
27402,0.030885678
27403,0.012380992
27404,0.019091334
27405,0.15124623
27406,0.0058663036
27407,0.029359972
27408,0.06043886
27409,0.0052821687
27410,0.012095177
27411,0.021131547
27412,0.03597311
27413,0.07054652
27414,0.08325002
27415,0.11480425
27416,0.10630226
27417,0.40273863
27418,0.23931368
27419,0.25824463
27420,0.02078864
27421,0.09427744
27422,0.054200474
27423,0.048639506
27424,0.086045794
27425,0.041704606
27426,0.053294722
27427,0.049998295
27428,0.014366096
27429,0.04817736
27430,0.07337949
27431,0.025957897
27432,0.06583623
27433,0.024738442
27434,0.013501083
27435,0.09179679
27436,0.03805073
27437,0.13557677
27438,0.06962043
27439,0.12935346
27440,0.3985949
27441,0.12207894
27442,0.13826321
27443,0.0781698
27444,0.09597223
27445,0.072860606
27446,0.08445788
27447,0.057124227
27448,0.27933863
27449,0.0888174
27450,0.080209285
27451,0.057281688
27452,0.06853259
27453,0.022674918
27454,0.024690622
27455,0.02150937
27456,0.039945874
27457,0.2934783
27458,0.07410217
27459,0.045580808
27460,0.11708715
27461,0.6745739
27462,0.10227024
27463,0.02688638
27464,0.38801455
27465,0.07901747
27466,0.17504133
27467,0.28414676
27468,0.07401871
27469,0.023024246
27470,0.057515126
27471,0.062244926
27472,0.12141091
27473,0.16078255
27474,0.03936824
27475,0.1509709
27476,0.08604266
27477,0.010091057
27478,0.06971792
27479,0.022896472
27480,0.05607061
27481,0.07976784
27482,0.020087553
27483,0.11783486
27484,0.14085981
27485,0.25085565
27486,0.10610706
27487,0.04293575
27488,0.13136068
27489,0.1773006
27490,0.39374867
27491,0.059947412
27492,0.012354635
27493,0.058073018
27494,0.03311354
27495,0.07114486
27496,0.50944483
27497,0.032040335
27498,0.099476926
27499,0.47651944
27500,0.15295036
27501,0.04095508
27502,0.05194268
27503,0.43246526
27504,0.42757747
27505,0.102940604
27506,0.09826934
27507,0.14709032
27508,0.13940777
27509,0.13074045
27510,0.18572868
27511,0.36205122
27512,0.090808466
27513,0.009435915
27514,0.023041835
27515,0.057018336
27516,0.08929922
27517,0.06959353
27518,0.18060218
27519,0.9846944
27520,0.04520011
27521,0.4224115
27522,0.015441089
27523,0.050841037
27524,0.4128124
27525,0.0572577
27526,0.07074113
27527,0.019626586
27528,0.052178778
27529,0.46221206
27530,0.3593153
27531,0.099515684
27532,0.2397202
27533,0.13297364
27534,0.2748597
27535,0.41204253
27536,0.3687823
27537,0.030795638
27538,0.29647753
27539,0.24897742
27540,0.22754125
27541,1.0
27542,0.42431176
27543,0.43920878
27544,0.027761655
27545,0.23575413
27546,0.06629039
27547,0.030695252
27548,0.021942804
27549,0.06627736
27550,0.008720059
27551,0.017243769
27552,0.0397413
27553,0.07072991
27554,0.11444714
27555,0.098727934
27556,0.12883613
27557,0.20514803
27558,0.2638038
27559,0.24724843
27560,0.029789407
27561,0.11796298
27562,0.28821018
27563,0.073805094
27564,1.0
27565,0.9722943
27566,0.55892783
27567,0.003316514
27568,0.031206703
27569,0.01556386
27570,0.19858995
27571,0.42563185
27572,0.07790818
27573,0.0534389
27574,0.022151839
27575,0.051993866
27576,0.0659133
27577,0.059133478
27578,0.011014222
27579,0.39310896
27580,0.023025112
27581,0.039982513
27582,0.118735015
27583,0.1124011
27584,0.06429758
27585,0.057345014
27586,0.23981811
27587,0.38743705
27588,0.01966163
27589,0.22503324
27590,0.10187059
27591,0.10248242
27592,1.0
27593,0.8046126
27594,0.5904165
27595,0.017247861
27596,0.19873686
27597,0.025022583
27598,0.013131473
27599,0.41248742
27600,0.09716016
27601,0.2684031
27602,0.04838795
27603,0.09075327
27604,0.016819488
27605,0.12271571
27606,0.10917496
27607,0.13559087
27608,0.17329122
27609,0.5200999
27610,0.4433516
27611,0.22681625
27612,0.13602433
27613,0.10030275
27614,0.06249655
27615,0.13416363
27616,0.05981817
27617,0.042121887
27618,0.025192076
27619,0.11870483
27620,0.13442887
27621,0.05585534
27622,0.10494684
27623,0.9392915
27624,0.9797124
27625,0.9850295
27626,0.123579346
27627,0.052222986
27628,0.25946864
27629,0.020021182
27630,0.42092776
27631,0.031531576
27632,0.015246649
27633,0.014336647
27634,0.016434336
27635,0.042745356
27636,0.11091473
27637,0.056683976
27638,0.47330195
27639,1.0
27640,0.07728493
27641,0.11176981
27642,0.09789345
27643,0.1529929
27644,0.084173255
27645,0.41956052
27646,0.2737256
27647,0.042349197
27648,0.08641665
27649,0.1140746
27650,0.09806679
27651,0.04154949
27652,0.02863379
27653,0.43847552
27654,0.27941436
27655,0.23635991
27656,0.07764324
27657,0.027828263
27658,0.10453752
27659,0.016596409
27660,0.08519215
27661,0.265285
27662,0.036616314
27663,0.051825173
27664,0.053074077
27665,0.051171914
27666,0.45578238
27667,0.7667344
27668,0.2648717
27669,0.163193
27670,0.12296327
27671,0.16704431
27672,0.13971217
27673,0.49892458
27674,0.085362084
27675,0.03688512
27676,0.031007383
27677,0.14548503
27678,0.15949215
27679,0.16870119
27680,0.4736613
27681,0.2681339
27682,0.15380797
27683,0.99938005
27684,0.13227004
27685,0.019701073
27686,0.15664588
27687,0.24577129
27688,0.023999205
27689,0.05179577
27690,0.21790558
27691,0.065019
27692,0.032449782
27693,0.04449741
27694,0.0588643
27695,0.12142687
27696,0.43126962
27697,0.2075796
27698,0.28387383
27699,0.2795147
27700,0.15228345
27701,0.16455892
27702,0.37031746
27703,0.019114446
27704,0.16340071
27705,0.074914284
27706,0.05146116
27707,0.47837186
27708,0.24179822
27709,0.0531579
27710,0.5021848
27711,0.38488972
27712,0.00467873
27713,0.2007162
27714,0.1477075
27715,0.0947411
27716,0.051351458
27717,0.01284024
27718,0.015562701
27719,0.0058419374
27720,0.026846524
27721,0.060133945
27722,0.0935991
27723,0.09374719
27724,0.11116657
27725,0.40037793
27726,0.7377905
27727,0.42753556
27728,0.41517314
27729,0.57039595
27730,0.11109313
27731,0.053508233
27732,0.065738685
27733,0.24573286
27734,0.19670513
27735,0.083063506
27736,0.032745358
27737,0.06411061
27738,0.14163785
27739,0.02278989
27740,0.05269807
27741,0.11273064
27742,0.02957724
27743,0.015702233
27744,0.047956776
27745,0.027389254
27746,0.010296401
27747,0.027406117
27748,0.081024684
27749,0.055276807
27750,0.08988679
27751,0.4090197
27752,0.15784644
27753,0.39104584
27754,0.87994033
27755,0.6834828
27756,0.26909763
27757,0.23362085
27758,0.026494356
27759,0.055213355
27760,0.12370224
27761,0.026617398
27762,0.03485579
27763,1.0
27764,0.05614205
27765,0.019438034
27766,0.08440559
27767,0.06245425
27768,0.12244714
27769,0.054727573
27770,0.059292845
27771,0.017977297
27772,0.050744314
27773,0.012203845
27774,0.033623345
27775,0.095024124
27776,0.112167805
27777,0.6025808
27778,0.41811293
27779,0.26672837
27780,1.0
27781,0.41127664
27782,0.48855978
27783,0.16731362
27784,0.032156065
27785,0.026168773
27786,0.029275352
27787,0.047133397
27788,0.061940145
27789,0.018660935
27790,0.031431828
27791,0.06662526
27792,0.41957632
27793,0.09194242
27794,0.39671955
27795,0.14549552
27796,0.12643336
27797,0.14050451
27798,0.14436507
27799,0.17066704
27800,0.048987646
27801,0.0
27802,0.04586325
27803,0.14017566
27804,0.99473536
27805,0.4201065
27806,0.5800413
27807,0.2645335
27808,0.2710983
27809,0.16076134
27810,0.23107412
27811,0.047537923
27812,0.011337272
27813,0.027028136
27814,0.0498972
27815,0.030215876
27816,0.12552488
27817,0.1392484
27818,0.07206716
27819,0.28357527
27820,0.024223678
27821,0.071936026
27822,0.41599497
27823,0.043343417
27824,0.11829227
27825,0.23685141
27826,0.046684492
27827,0.0064287684
27828,0.24218467
27829,0.17597033
27830,0.080600865
27831,0.24358441
27832,0.02866543
27833,0.09504691
27834,0.08891368
27835,0.050491113
27836,0.13092914
27837,0.11760041
27838,0.04672338
27839,0.028746543
27840,0.011013681
27841,0.24467559
27842,0.015632682
27843,0.10929487
27844,0.03908673
27845,0.12372791
27846,0.044342387
27847,0.061371647
27848,0.011471217
27849,0.06579275
27850,0.18670641
27851,0.3908911
27852,0.5225759
27853,0.11807924
27854,0.035131466
27855,0.06373838
27856,0.07105957
27857,0.14070857
27858,0.013383902
27859,0.029602995
27860,0.0145831285
27861,0.026107354
27862,0.016125906
27863,0.012919348
27864,0.03220562
27865,0.08479447
27866,0.10138643
27867,0.44467926
27868,0.017657224
27869,0.020168727
27870,0.16337761
27871,0.07415675
27872,0.11204197
27873,0.42557085
27874,0.1170514
27875,0.009539273
27876,0.00916533
27877,0.23500603
27878,0.03718763
27879,0.019244712
27880,0.09107055
27881,0.12884791
27882,0.05303333
27883,0.0070862407
27884,0.022155985
27885,0.010002824
27886,0.19203147
27887,0.012621951
27888,0.027115187
27889,0.13266245
27890,0.07813551
27891,0.049664102
27892,0.015718615
27893,0.028019631
27894,0.070075534
27895,0.39438727
27896,0.031146426
27897,0.020995237
27898,0.03343778
27899,0.053267844
27900,0.06733389
27901,0.17341863
27902,0.07428076
27903,0.25740263
27904,0.08452182
27905,0.033541195
27906,0.020368932
27907,0.04688979
27908,0.054206464
27909,0.029653925
27910,0.39410666
27911,0.020021781
27912,0.022492526
27913,0.24932988
27914,0.017575728
27915,0.09478901
27916,0.056806386
27917,0.008031286
27918,0.2839464
27919,0.5172783
27920,0.11381158
27921,0.068761274
27922,0.009443873
27923,0.09807062
27924,0.055675607
27925,0.051804893
27926,0.21608216
27927,0.10696107
27928,0.0998873
27929,0.9647961
27930,0.018386088
27931,0.08657988
27932,0.0914936
27933,0.076770924
27934,0.015071186
27935,0.030434523
27936,0.114930816
27937,0.31624073
27938,0.068393156
27939,0.23723395
27940,0.029559288
27941,0.017025206
27942,0.07042971
27943,0.009749766
27944,0.024768282
27945,0.09521514
27946,0.029581226
27947,0.022151494
27948,0.05442739
27949,0.058121737
27950,0.024509268
27951,0.0143308425
27952,0.06399338
27953,0.15390487
27954,0.036190696
27955,0.048130255
27956,0.014374167
27957,0.028440965
27958,0.08309015
27959,0.10108574
27960,0.0461731
27961,0.960366
27962,0.06238165
27963,0.1281004
27964,0.05750129
27965,0.038959276
27966,0.04512675
27967,0.048171822
27968,0.012689427
27969,0.016993897
27970,0.18707104
27971,0.023445498
27972,0.002332381
27973,0.006082376
27974,0.049482662
27975,0.11119967
27976,0.020272255
27977,0.011344813
27978,0.11747284
27979,0.043424
27980,0.02401335
27981,0.050455164
27982,0.52101696
27983,0.02312787
27984,0.018825889
27985,0.006430856
27986,0.008704453
27987,0.04768863
27988,0.03324048
27989,0.261977
27990,0.08549442
27991,0.011849352
27992,0.017515237
27993,0.017410772
27994,0.0826279
27995,0.2691982
27996,0.113838136
27997,0.095231004
27998,0.086742744
27999,0.03584199
28000,0.052013002
28001,0.020609053
28002,0.18880264
28003,0.18733416
28004,0.23667376
28005,0.027007736
28006,0.0171052
28007,0.009222131
28008,0.0088129705
28009,0.020067357
28010,0.008276395
28011,0.01947206
28012,0.017541206
28013,0.03260313
28014,0.058439054
28015,0.06755235
28016,0.1192732
28017,0.01442594
28018,0.14973776
28019,0.016729452
28020,0.4264461
28021,0.01004973
28022,0.0060688234
28023,0.025398655
28024,0.011060999
28025,0.017202811
28026,0.015044433
28027,0.030118283
28028,0.01231479
28029,0.0057384693
28030,0.013785162
28031,0.016000224
28032,0.014880664
28033,0.09721992
28034,0.03431311
28035,0.051599182
28036,0.064717956
28037,0.021154182
28038,0.012508743
28039,0.0046843174
28040,0.122585334
28041,0.029890329
28042,0.044840783
28043,0.00492662
28044,0.009511259
28045,0.029188791
28046,0.0066240095
28047,0.11323052
28048,0.018455204
28049,0.01287808
28050,0.015815081
28051,0.017194487
28052,0.34351993
28053,0.06411317
28054,0.06482949
28055,0.083938256
28056,0.059246078
28057,0.021688469
28058,0.0077169193
28059,0.11557288
28060,0.016501244
28061,0.10470597
28062,0.25793296
28063,0.021709673
28064,0.031015158
28065,0.04159167
28066,0.02410381
28067,0.010557264
28068,0.00517819
28069,0.0372507
28070,0.011677252
28071,0.010482958
28072,0.09388078
28073,0.07443763
28074,0.03512824
28075,0.2545106
28076,0.014510101
28077,0.024849128
28078,0.02493915
28079,0.010312644
28080,0.017808732
28081,0.049350664
28082,0.020242529
28083,0.0115967775
28084,0.026972644
28085,0.03160441
28086,0.01534101
28087,0.03812105
28088,0.27047622
28089,0.17507003
28090,0.014444717
28091,0.03253032
28092,0.10136421
28093,0.011647514
28094,0.027671957
28095,0.050304666
28096,0.036197
28097,0.040689737
28098,0.046522614
28099,0.013921714
28100,0.04328039
28101,0.032119498
28102,0.03045495
28103,0.061772313
28104,0.025702782
28105,0.0077480995
28106,0.025272453
28107,0.033076543
28108,0.27135637
28109,0.03884096
28110,0.0345178
28111,0.23911633
28112,0.39686576
28113,0.015815537
28114,0.016955845
28115,0.02495886
28116,0.24769609
28117,0.043855306
28118,0.22075559
28119,0.027723357
28120,0.26864728
28121,0.054483604
28122,0.086158425
28123,0.03067753
28124,0.015142643
28125,0.009987055
28126,0.24010487
28127,0.025673369
28128,0.69737995
28129,0.25155413
28130,0.04751651
28131,0.032779176
28132,0.114856005
28133,0.05103978
28134,0.0056902627
28135,0.032842845
28136,0.052086037
28137,0.036591515
28138,0.015429229
28139,0.013460912
28140,0.053426225
28141,0.23909053
28142,0.450297
28143,0.45930567
28144,0.035032727
28145,0.060982242
28146,0.020739056
28147,0.123980686
28148,0.14074229
28149,0.06548629
28150,0.045151677
28151,0.06587769
28152,0.06328502
28153,0.028982023
28154,0.42023703
28155,0.11101512
28156,0.13133305
28157,0.5229402
28158,0.075595684
28159,0.018409533
28160,0.5053434
28161,0.028405225
28162,0.0765543
28163,0.6410563
28164,0.07318729
28165,0.06754443
28166,0.043001074
28167,0.055392254
28168,0.0827336
28169,0.08696123
28170,0.064690456
28171,0.03476088
28172,0.028670525
28173,0.03942004
28174,0.2607746
28175,0.05728483
28176,0.03574681
28177,0.075926006
28178,0.099548034
28179,0.10298433
28180,0.034466088
28181,0.04045491
28182,0.023379877
28183,0.036376458
28184,0.019573743
28185,0.03968646
28186,0.13838036
28187,0.035516005
28188,0.27794725
28189,0.011325222
28190,0.036990136
28191,0.052607622
28192,0.02930511
28193,0.024795203
28194,0.01487352
28195,0.4652297
28196,0.21922827
28197,0.04600675
28198,0.14821246
28199,0.2817128
28200,0.094713606
28201,0.071268305
28202,0.016507661
28203,0.033148356
28204,0.004332781
28205,0.05071977
28206,0.066374764
28207,0.0638832
28208,0.16226834
28209,0.4317396
28210,0.38065305
28211,0.0603847
28212,0.013474866
28213,0.028334286
28214,0.029876286
28215,0.03227927
28216,0.34234005
28217,0.013717022
28218,0.037335925
28219,0.012230746
28220,0.039316654
28221,0.03882272
28222,0.017980756
28223,0.105026595
28224,0.41292974
28225,0.064011894
28226,0.2179523
28227,0.024455624
28228,0.030740188
28229,0.056636795
28230,0.083725944
28231,0.02667066
28232,0.13052434
28233,0.18326879
28234,0.07434056
28235,0.08853831
28236,0.060949024
28237,0.028376147
28238,0.025548581
28239,0.02680918
28240,0.12091371
28241,0.061079524
28242,0.33656004
28243,0.0123614585
28244,0.056186035
28245,0.035460893
28246,0.021669257
28247,0.009251392
28248,0.020773169
28249,0.04530495
28250,0.029732406
28251,0.06902634
28252,0.19576752
28253,0.44504604
28254,0.05541917
28255,0.056232896
28256,0.03540069
28257,0.10078051
28258,0.06664576
28259,0.01628044
28260,0.05764552
28261,0.007464984
28262,0.00834438
28263,0.02037535
28264,0.18166625
28265,0.02188275
28266,0.018331055
28267,0.03102219
28268,0.0
28269,0.16626352
28270,0.080477566
28271,0.39611885
28272,0.41780138
28273,0.40631762
28274,0.06678331
28275,0.044432916
28276,0.021860605
28277,0.055000514
28278,0.04820041
28279,0.16369902
28280,0.06499415
28281,0.55658114
28282,0.13007149
28283,0.028968558
28284,0.012899393
28285,0.115508914
28286,0.067128696
28287,0.054993138
28288,0.015442973
28289,0.0017103859
28290,0.009230055
28291,0.05086182
28292,0.015210813
28293,0.020563317
28294,0.08283412
28295,0.048917245
28296,0.18721087
28297,0.07112773
28298,0.123283535
28299,0.27056563
28300,0.43041885
28301,0.08087869
28302,0.031515446
28303,0.08485587
28304,0.047363546
28305,0.092496276
28306,0.07053887
28307,0.135425
28308,0.053371206
28309,0.11541626
28310,0.044959832
28311,0.0699381
28312,0.03847665
28313,0.014528333
28314,0.015770398
28315,0.124365516
28316,0.006522421
28317,0.019121429
28318,0.0697411
28319,0.026741343
28320,0.021759445
28321,0.03497555
28322,0.06602488
28323,0.08204337
28324,0.10934889
28325,0.106176846
28326,0.462948
28327,0.25011504
28328,0.2627718
28329,0.015850592
28330,0.10018988
28331,0.05724273
28332,0.046701804
28333,0.094372146
28334,0.034815792
28335,0.029652426
28336,0.07691671
28337,0.049645267
28338,0.054742392
28339,0.0671612
28340,0.026355043
28341,0.057970617
28342,0.018842572
28343,0.09764527
28344,0.009582148
28345,0.039545298
28346,0.11719499
28347,0.062391683
28348,0.22318465
28349,0.36815825
28350,0.12560055
28351,0.13294499
28352,0.07253336
28353,0.10165567
28354,0.07816437
28355,0.08530502
28356,0.064475514
28357,0.006592722
28358,0.037158817
28359,0.4093402
28360,0.09290157
28361,0.080141306
28362,0.057567935
28363,0.06764644
28364,0.015252786
28365,0.027303161
28366,0.014245741
28367,0.018430261
28368,0.04058199
28369,0.43775454
28370,0.06810171
28371,0.046179883
28372,0.106769964
28373,0.64542955
28374,0.110358246
28375,0.023910655
28376,0.38848665
28377,0.076917805
28378,0.17209145
28379,0.29305798
28380,0.0860632
28381,0.021979654
28382,0.055001054
28383,0.0929483
28384,0.11217874
28385,0.16339462
28386,0.043324217
28387,0.14250892
28388,0.07473654
28389,0.058818594
28390,0.015489502
28391,0.015482301
28392,0.01902023
28393,0.053763516
28394,0.07433239
28395,0.023604125
28396,0.12160397
28397,0.15425257
28398,0.4649424
28399,0.116361015
28400,0.03932276
28401,0.1133662
28402,0.1686503
28403,0.35215235
28404,0.06478943
28405,0.059874095
28406,0.03463733
28407,0.09220854
28408,0.5469809
28409,0.035489712
28410,0.11199327
28411,0.38743445
28412,0.24473815
28413,0.021285389
28414,0.047144186
28415,0.058916178
28416,0.45267746
28417,0.4109084
28418,0.013793552
28419,0.10181431
28420,0.10548033
28421,0.15190972
28422,0.139992
28423,0.13190234
28424,0.17936301
28425,0.37756217
28426,0.08891168
28427,0.02550176
28428,0.06311132
28429,0.11208432
28430,0.08612668
28431,0.20190959
28432,0.9302069
28433,0.049926173
28434,0.39469138
28435,0.01519742
28436,0.057685968
28437,0.26330045
28438,0.011913344
28439,0.057517033
28440,0.07486304
28441,0.022051172
28442,0.052494623
28443,0.0025141872
28444,0.4212098
28445,0.14889336
28446,0.10649492
28447,0.2515617
28448,0.13489014
28449,0.26128328
28450,0.38260582
28451,0.39713967
28452,0.29167566
28453,0.24756625
28454,0.12508802
28455,0.96086353
28456,0.41655797
28457,0.44212076
28458,0.0
28459,0.022301966
28460,0.25059476
28461,0.07051365
28462,0.032720678
28463,0.01742313
28464,0.015375741
28465,0.049856454
28466,0.0057207122
28467,0.00638691
28468,0.018755205
28469,0.037313275
28470,0.17126594
28471,0.11046609
28472,0.10710766
28473,0.117235504
28474,0.09942883
28475,0.2744203
28476,0.26204383
28477,0.02829694
28478,0.11396768
28479,0.28883523
28480,0.02574524
28481,0.07074365
28482,1.0
28483,0.9656065
28484,0.63575095
28485,0.0028532885
28486,0.029394723
28487,0.01615009
28488,0.09376932
28489,0.4562641
28490,0.08052386
28491,0.011583722
28492,0.058099367
28493,0.01845166
28494,0.010003872
28495,0.008701572
28496,0.051111396
28497,0.06733871
28498,0.060588576
28499,0.01391021
28500,0.4056999
28501,0.014014524
28502,0.038053975
28503,0.11093375
28504,0.106609635
28505,0.057882175
28506,0.06579004
28507,0.25221726
28508,0.20888068
28509,0.015723167
28510,0.22050673
28511,0.10402319
28512,0.10335918
28513,0.9687033
28514,0.822404
28515,0.5225859
28516,0.020585017
28517,0.093218945
28518,0.031835288
28519,0.38653946
28520,0.08596749
28521,0.26932478
28522,0.051619355
28523,0.09406301
28524,0.01884788
28525,0.11854152
28526,0.11064595
28527,0.13289563
28528,0.16836624
28529,0.55272704
28530,0.4813847
28531,0.21793643
28532,0.14729023
28533,0.09723226
28534,0.06643862
28535,0.115718745
28536,0.05609128
28537,0.03924369
28538,0.11986756
28539,0.13059048
28540,0.06281831
28541,0.091919266
28542,0.027817285
28543,0.92988825
28544,0.96968263
28545,0.95217186
28546,0.13172716
28547,0.060264185
28548,0.24006599
28549,0.0142686535
28550,0.41569743
28551,0.029853806
28552,0.008232644
28553,0.013127929
28554,0.0144164255
28555,0.04107364
28556,0.10556741
28557,0.06383763
28558,0.5062088
28559,1.0
28560,0.08255704
28561,0.113099724
28562,0.10647847
28563,0.1414155
28564,0.08303903
28565,0.43456653
28566,0.26222378
28567,0.043632496
28568,0.08668082
28569,0.11895947
28570,0.10353959
28571,0.042912073
28572,0.2617301
28573,0.39937958
28574,0.23018695
28575,0.0784622
28576,0.029625282
28577,0.10132815
28578,0.013134794
28579,0.08126174
28580,0.26979393
28581,0.03565855
28582,0.052432165
28583,0.057949357
28584,0.055658005
28585,0.457884
28586,0.75267565
28587,0.28082672
28588,0.2612717
28589,0.12177624
28590,0.15608199
28591,0.15394768
28592,0.49245065
28593,0.085710324
28594,0.040129013
28595,0.040412076
28596,0.030969251
28597,0.23544997
28598,0.14561777
28599,0.24592102
28600,0.2655642
28601,0.25301364
28602,0.24687356
28603,0.98441166
28604,0.10991857
28605,0.01944385
28606,0.13489373
28607,0.23783393
28608,0.020426283
28609,0.056832734
28610,0.29246587
28611,0.066661075
28612,0.031318057
28613,0.04336993
28614,0.05562764
28615,0.12382155
28616,0.46171188
28617,0.25949547
28618,0.28779897
28619,0.28558788
28620,0.15365356
28621,0.16019005
28622,0.2660956
28623,0.022327041
28624,0.16441986
28625,0.07117046
28626,0.056158017
28627,0.4891064
28628,0.2525138
28629,0.069318935
28630,0.5296631
28631,0.4008255
28632,0.007266544
28633,0.085927404
28634,0.13515048
28635,0.09348295
28636,0.052559547
28637,0.008482327
28638,0.0147623895
28639,0.023615653
28640,0.061586726
28641,0.094116226
28642,0.102383636
28643,0.115042396
28644,0.40627107
28645,0.71280134
28646,0.40164003
28647,0.37316892
28648,0.5763658
28649,0.10938719
28650,0.058959734
28651,0.07003477
28652,0.15857446
28653,0.25663164
28654,0.07179726
28655,0.12613672
28656,0.08319319
28657,0.14282751
28658,0.01644687
28659,0.114323355
28660,0.03216727
28661,0.016639782
28662,0.03886587
28663,0.017231274
28664,0.0056364466
28665,0.02905971
28666,0.079292
28667,0.057453506
28668,0.0883904
28669,0.40582916
28670,0.1463658
28671,0.43183964
28672,0.85152036
28673,0.70239174
28674,0.28061822
28675,0.22497566
28676,0.05209175
28677,0.11697543
28678,0.02590609
28679,0.012889141
28680,0.031397108
28681,0.99848205
28682,0.057567265
28683,0.023431072
28684,0.17629825
28685,0.065438
28686,0.24398875
28687,0.048627168
28688,0.05519519
28689,0.013741178
28690,0.04897542
28691,0.031597216
28692,0.09544061
28693,0.1107981
28694,0.5891081
28695,0.43011147
28696,0.2611832
28697,1.0
28698,0.40888882
28699,0.45320258
28700,0.16178581
28701,0.031785496
28702,0.02918415
28703,0.07765661
28704,0.056569114
28705,0.028485002
28706,0.18800989
28707,0.46307826
28708,0.10032676
28709,0.42775366
28710,0.14346391
28711,0.11200276
28712,0.13576223
28713,0.13078512
28714,0.16589516
28715,0.04378153
28716,0.023273293
28717,0.04521284
28718,0.1411007
28719,1.0
28720,0.44113356
28721,0.61178505
28722,0.4130599
28723,0.29792354
28724,0.15721774
28725,0.22989151
28726,0.021955593
28727,0.014155047
28728,0.051102698
28729,0.029935405
28730,0.1331788
28731,0.13398577
28732,0.08175028
28733,0.38805673
28734,0.02452123
28735,0.07497084
28736,0.4164835
28737,0.049682844
28738,0.0073402547
28739,0.011289098
28740,0.112397656
28741,0.25537744
28742,0.04147651
28743,0.0043237787
28744,0.2437933
28745,0.24908036
28746,0.08757253
28747,0.12607454
28748,0.21731657
28749,0.08901902
28750,0.045404833
28751,0.12037134
28752,0.23352976
28753,0.050243862
28754,0.027243262
28755,0.0055373944
28756,0.13434605
28757,0.10200772
28758,0.034989685
28759,0.13083361
28760,0.041653674
28761,0.059472762
28762,0.06672976
28763,0.18220076
28764,0.3894162
28765,0.51306933
28766,0.124025084
28767,0.0089571765
28768,0.030534266
28769,0.0644868
28770,0.016002703
28771,0.062764004
28772,0.14850296
28773,0.012334534
28774,0.028291436
28775,0.013602261
28776,0.02477359
28777,0.016026651
28778,0.012897532
28779,0.024621658
28780,0.08011438
28781,0.09656612
28782,0.37917095
28783,0.016268013
28784,0.054800913
28785,0.08131057
28786,0.10819009
28787,0.40388057
28788,0.1266843
28789,0.010700862
28790,0.24399792
28791,0.015681803
28792,0.042909022
28793,0.019548673
28794,0.08957605
28795,0.2479565
28796,0.051087063
28797,0.00565694
28798,0.01598396
28799,0.009584822
28800,0.20316342
28801,0.030888561
28802,0.016294193
28803,0.027542386
28804,0.12945998
28805,0.07098354
28806,0.056528885
28807,0.018080166
28808,0.029415097
28809,0.0726966
28810,0.38611752
28811,0.031801675
28812,0.025337566
28813,0.033587486
28814,0.048435383
28815,0.071096905
28816,0.26626623
28817,0.06901401
28818,0.16821629
28819,0.0889475
28820,0.028115628
28821,0.010771145
28822,0.050564893
28823,0.05591175
28824,0.0242084
28825,0.42621094
28826,0.018212043
28827,0.018122615
28828,0.26209444
28829,0.016942255
28830,0.09620695
28831,0.054897945
28832,0.0069527435
28833,0.4132317
28834,0.5080346
28835,0.11025946
28836,0.07908179
28837,0.014938217
28838,0.10564743
28839,0.05396534
28840,0.058163382
28841,0.098332845
28842,0.0967412
28843,0.09308341
28844,0.94322765
28845,0.089666046
28846,0.017982472
28847,0.07625087
28848,0.07813828
28849,0.010930704
28850,0.03835568
28851,0.11932946
28852,0.4627787
28853,0.0735172
28854,0.23452142
28855,0.03075673
28856,0.019728562
28857,0.07850301
28858,0.0082922755
28859,0.021317447
28860,0.08502428
28861,0.029418407
28862,0.02557267
28863,0.003041781
28864,0.058949716
28865,0.0647527
28866,0.027159527
28867,0.019413901
28868,0.063857436
28869,0.017923623
28870,0.13896897
28871,0.036666993
28872,0.05186033
28873,0.029736757
28874,0.085880294
28875,0.095877446
28876,0.017645782
28877,0.035195827
28878,0.9807762
28879,0.058410466
28880,0.11735708
28881,0.055243194
28882,0.04016134
28883,0.041718308
28884,0.049430076
28885,0.009579646
28886,0.01662934
28887,0.2777055
28888,0.024560899
28889,0.012101383
28890,0.04863054
28891,0.112017505
28892,0.023027176
28893,0.007237794
28894,0.12096471
28895,0.042257626
28896,0.031639423
28897,0.04710147
28898,0.4392659
28899,0.016726239
28900,0.022130424
28901,0.011986941
28902,0.02029578
28903,0.04489821
28904,0.030898223
28905,0.2601079
28906,0.08734477
28907,0.015066891
28908,0.011502391
28909,0.07883551
28910,0.16845407
28911,0.11021981
28912,0.08943056
28913,0.09176662
28914,0.03698907
28915,0.05006478
28916,0.073732086
28917,0.17361687
28918,0.15090746
28919,0.0056298296
28920,0.028634952
28921,0.01194958
28922,0.010189442
28923,0.010848521
28924,0.022810861
28925,0.013504731
28926,0.01044418
28927,0.03157841
28928,0.061578296
28929,0.0765638
28930,0.10677792
28931,0.017330265
28932,0.1383103
28933,0.26973754
28934,0.0033818725
28935,0.021036386
28936,0.0112532135
28937,0.019588348
28938,0.004301593
28939,0.0139076
28940,0.032229707
28941,0.012061934
28942,0.014897655
28943,0.012143698
28944,0.094361864
28945,0.00732793
28946,0.03197497
28947,0.055764955
28948,0.018102087
28949,0.057982054
28950,0.013155965
28951,0.0022151368
28952,0.015672645
28953,0.009781973
28954,0.115289085
28955,0.02531314
28956,0.046728037
28957,0.030065216
28958,0.015176945
28959,0.09930819
28960,0.017825693
28961,0.010599309
28962,0.0089031365
28963,0.43349597
28964,0.062142774
28965,0.06748038
28966,0.1727671
28967,0.016839575
28968,0.0
28969,0.051265433
28970,0.024824657
28971,0.00828079
28972,0.11997201
28973,0.12948184
28974,0.16790423
28975,0.013475591
28976,0.031315554
28977,0.04406306
28978,0.03295366
28979,0.026634814
28980,0.018049404
28981,0.008669938
28982,0.035876483
28983,0.0068456912
28984,0.091054805
28985,0.07572166
28986,0.0365999
28987,0.18367471
28988,0.013732141
28989,0.020629069
28990,0.0019291679
28991,0.015944576
28992,0.04213324
28993,0.033986844
28994,0.012120993
28995,0.018903464
28996,0.03787922
28997,0.28430894
28998,0.24505495
28999,0.024081355
29000,0.105463184
29001,0.020863784
29002,0.018537875
29003,0.036584213
29004,0.037967592
29005,0.06125114
29006,0.03142095
29007,0.03821595
29008,0.043432318
29009,0.043017734
29010,0.04950564
29011,0.06168486
29012,0.029779421
29013,0.044325896
29014,0.032920387
29015,0.25589398
29016,0.024619194
29017,0.044697575
29018,0.2644454
29019,0.4120959
29020,0.033616923
29021,0.2644281
29022,0.035775978
29023,0.3677871
29024,0.054467864
29025,0.20298357
29026,0.065477066
29027,0.09474158
29028,0.015644763
29029,0.003975234
29030,0.03807967
29031,0.014008205
29032,0.11824693
29033,0.03152143
29034,0.61962616
29035,0.25054696
29036,0.043278635
29037,0.04185125
29038,0.23911613
29039,0.05638231
29040,0.00975865
29041,0.049869385
29042,0.037077952
29043,0.0636649
29044,0.23518014
29045,0.46025932
29046,0.40357482
29047,0.044186994
29048,0.027183143
29049,0.13035625
29050,0.25621676
29051,0.02341537
29052,0.0677031
29053,0.045688298
29054,0.06791862
29055,0.07349985
29056,0.42681274
29057,0.11312728
29058,0.24305034
29059,0.49345887
29060,0.097086534
29061,0.016679578
29062,0.4848709
29063,0.07809032
29064,0.31078315
29065,0.07089978
29066,0.06256732
29067,0.03695476
29068,0.055611808
29069,0.06630132
29070,0.093648456
29071,0.22286627
29072,0.017046375
29073,0.0437763
29074,0.07230238
29075,0.2623653
29076,0.051860187
29077,0.03772554
29078,0.07395329
29079,0.08123534
29080,0.086103775
29081,0.039050575
29082,0.021051321
29083,0.05207475
29084,0.14608024
29085,0.048157077
29086,0.36751708
29087,0.03941695
29088,0.045168962
29089,0.016377123
29090,0.0025689716
29091,0.01363397
29092,0.47459608
29093,0.10235388
29094,0.060293257
29095,0.41948652
29096,0.49575353
29097,0.09437593
29098,0.070253976
29099,0.023059158
29100,0.023774656
29101,0.0009796044
29102,0.028480299
29103,0.007521125
29104,0.06161533
29105,0.084658585
29106,0.07762464
29107,0.16603988
29108,0.29138678
29109,0.38487524
29110,0.051168658
29111,0.037849374
29112,0.033009373
29113,0.40627554
29114,0.013285993
29115,0.03780464
29116,0.052539658
29117,0.03839663
29118,0.12336587
29119,0.41964826
29120,0.0039688963
29121,0.06061037
29122,0.098571144
29123,0.021029856
29124,0.027791183
29125,0.05470647
29126,0.07327204
29127,0.013677443
29128,0.12805662
29129,0.16875327
29130,0.08511085
29131,0.08108644
29132,0.064810745
29133,0.031498097
29134,0.0275229
29135,0.037227176
29136,0.124497965
29137,0.05480086
29138,0.22604983
29139,0.014536876
29140,0.060687523
29141,0.03429902
29142,0.02358557
29143,0.013970189
29144,0.020201992
29145,0.048251513
29146,0.025666112
29147,0.060551036
29148,0.2913872
29149,0.2861193
29150,0.0510456
29151,0.042804375
29152,0.036233373
29153,0.09115368
29154,0.058774106
29155,0.018823426
29156,0.055501856
29157,0.00905306
29158,0.009248077
29159,0.1776078
29160,0.02560366
29161,0.020044904
29162,0.028131481
29163,0.0
29164,0.18094951
29165,0.086217135
29166,0.41159454
29167,0.40188703
29168,0.41028163
29169,0.06705511
29170,0.04540952
29171,0.016769571
29172,0.056806233
29173,0.04046661
29174,0.2548126
29175,0.061354045
29176,0.5547482
29177,0.11206375
29178,0.021068063
29179,0.11177849
29180,0.05980301
29181,0.058433454
29182,0.01138241
29183,0.0035703743
29184,0.05826523
29185,0.024066238
29186,0.008776665
29187,0.009692711
29188,0.015979467
29189,0.075472176
29190,0.050314773
29191,0.1950169
29192,0.06838143
29193,0.12285181
29194,0.4021465
29195,0.47456887
29196,0.08639146
29197,0.03143933
29198,0.08633606
29199,0.042517822
29200,0.029466324
29201,0.095209286
29202,0.06868419
29203,0.14251149
29204,0.056194372
29205,0.10074107
29206,0.047500245
29207,0.06647152
29208,0.03230811
29209,0.016387882
29210,0.13755612
29211,0.00428722
29212,0.02315746
29213,0.07936835
29214,0.028041745
29215,0.010223057
29216,0.01869958
29217,0.031841412
29218,0.071319796
29219,0.08774942
29220,0.112174466
29221,0.11164313
29222,0.4054244
29223,0.23801892
29224,0.2650598
29225,0.017620787
29226,0.092492245
29227,0.058420792
29228,0.049451567
29229,0.086881034
29230,0.037202608
29231,0.033198323
29232,0.049509298
29233,0.053796764
29234,0.071889475
29235,0.029094864
29236,0.06439351
29237,0.019107133
29238,0.027125504
29239,0.097130924
29240,0.04198521
29241,0.130929
29242,0.06756934
29243,0.122242644
29244,0.449734
29245,0.13150859
29246,0.13686319
29247,0.07724177
29248,0.0946468
29249,0.08034431
29250,0.08151198
29251,0.06299874
29252,0.016296264
29253,0.03447336
29254,0.37179032
29255,0.08733962
29256,0.07885938
29257,0.053019345
29258,0.070869945
29259,0.013430247
29260,0.019592687
29261,0.0202677
29262,0.041836318
29263,0.31438464
29264,0.0745906
29265,0.048294816
29266,0.11096105
29267,0.6504225
29268,0.111735076
29269,0.026426597
29270,0.4010423
29271,0.08084499
29272,0.26002052
29273,0.2939908
29274,0.07805438
29275,0.025663113
29276,0.059527397
29277,0.08174298
29278,0.12370046
29279,0.1705345
29280,0.044543717
29281,0.22976209
29282,0.07679386
29283,0.06324443
29284,0.0071791345
29285,0.016092636
29286,0.024889912
29287,0.058505394
29288,0.07954252
29289,0.019343857
29290,0.122434355
29291,0.14709292
29292,0.2709913
29293,0.10097336
29294,0.04021095
29295,0.11606438
29296,0.16775276
29297,0.36516798
29298,0.067304485
29299,0.05891122
29300,0.020849928
29301,0.080517076
29302,0.53830916
29303,0.033110045
29304,0.13456617
29305,0.40148064
29306,0.24571866
29307,0.008753135
29308,0.04685767
29309,0.05959042
29310,0.4288863
29311,0.4152054
29312,0.011753785
29313,0.111117035
29314,0.10253282
29315,0.15076563
29316,0.15206194
29317,0.1338592
29318,0.18465593
29319,0.44119215
29320,0.09313684
29321,0.023992974
29322,0.056529913
29323,0.10444471
29324,0.084955804
29325,0.19611456
29326,0.925544
29327,0.04703494
29328,0.42062774
29329,0.011814495
29330,0.056351956
29331,0.26511663
29332,0.006112023
29333,0.049553864
29334,0.07746826
29335,0.019670099
29336,0.05516477
29337,0.0038934536
29338,0.44023794
29339,0.13839054
29340,0.099348605
29341,0.41863295
29342,0.1388841
29343,0.25986993
29344,0.3905153
29345,0.3897071
29346,0.28288153
29347,0.2487402
29348,0.12325606
29349,0.98232573
29350,0.43405876
29351,0.43434897
29352,0.0261919
29353,0.23821005
29354,0.07530833
29355,0.022912825
29356,0.016121838
29357,0.011087648
29358,0.057953317
29359,0.0063306
29360,0.013250727
29361,0.038764313
29362,0.16035734
29363,0.11247113
29364,0.10494301
29365,0.120403394
29366,0.10314149
29367,0.2545288
29368,0.35017362
29369,0.033474095
29370,0.11024568
29371,0.2982798
29372,0.024439132
29373,0.08100284
29374,1.0
29375,0.96445554
29376,0.63269156
29377,0.00066606
29378,0.025349585
29379,0.015307045
29380,0.09004944
29381,0.42128658
29382,0.0892693
29383,0.0141009325
29384,0.059827786
29385,0.06297038
29386,0.06697019
29387,0.062012617
29388,0.013751134
29389,0.448793
29390,0.018939842
29391,0.05431159
29392,0.11545459
29393,0.12081736
29394,0.060900904
29395,0.057586852
29396,0.41616595
29397,0.21346204
29398,0.019460276
29399,0.21248178
29400,0.10885075
29401,0.11317828
29402,0.9876718
29403,0.7961889
29404,0.5741528
29405,0.014567249
29406,0.19649774
29407,0.02130154
29408,0.011472525
29409,0.42515126
29410,0.09238361
29411,0.27373737
29412,0.057298075
29413,0.09845442
29414,0.018221136
29415,0.12402193
29416,0.112300165
29417,0.13260695
29418,0.16873994
29419,0.5198995
29420,0.4643364
29421,0.2321849
29422,0.1262934
29423,0.100102924
29424,0.061477777
29425,0.1314739
29426,0.06152051
29427,0.03759985
29428,0.023729121
29429,0.22739458
29430,0.1505228
29431,0.06271929
29432,0.10260664
29433,0.036122132
29434,0.9406827
29435,1.0
29436,0.9305321
29437,0.12279471
29438,0.063982345
29439,0.38281965
29440,0.4280217
29441,0.022807788
29442,0.011484157
29443,0.015306399
29444,0.04085555
29445,0.10416599
29446,0.062519625
29447,0.5043573
29448,0.96276903
29449,0.087452605
29450,0.113840416
29451,0.10411003
29452,0.13849674
29453,0.0810477
29454,0.40426406
29455,0.26499313
29456,0.041841384
29457,0.09406024
29458,0.10358854
29459,0.11578696
29460,0.044577297
29461,0.47630838
29462,0.404956
29463,0.22161597
29464,0.0815048
29465,0.025988014
29466,0.11460948
29467,0.006670444
29468,0.07980578
29469,0.19068499
29470,0.03820514
29471,0.051195614
29472,0.014680476
29473,0.01447823
29474,0.054658815
29475,0.06120048
29476,0.4661526
29477,0.69274676
29478,0.28266463
29479,0.2666504
29480,0.13452676
29481,0.15104859
29482,0.15103766
29483,0.48112544
29484,0.079908274
29485,0.03410787
29486,0.028514642
29487,0.1520851
29488,0.15397705
29489,0.1685305
29490,0.4393304
29491,0.2685568
29492,0.15132223
29493,1.0
29494,0.11897517
29495,0.017561335
29496,0.13521573
29497,0.24183843
29498,0.024540918
29499,0.05947668
29500,0.4417442
29501,0.06057223
29502,0.038860448
29503,0.042786516
29504,0.056951854
29505,0.22269598
29506,0.40998605
29507,0.28215
29508,0.5384314
29509,0.289056
29510,0.1408656
29511,0.1584447
29512,0.37038788
29513,0.023215946
29514,0.16804555
29515,0.07218837
29516,0.054607507
29517,0.44301763
29518,0.25808027
29519,0.06893523
29520,0.4996265
29521,0.38693398
29522,0.08523326
29523,0.24154063
29524,0.09490745
29525,0.05656645
29526,0.0100139305
29527,0.0056024916
29528,0.028134285
29529,0.05894758
29530,0.090675734
29531,0.099449165
29532,0.115038864
29533,0.4144555
29534,0.71707827
29535,0.44024557
29536,0.40181
29537,0.5820994
29538,0.109801516
29539,0.054275986
29540,0.071098484
29541,0.16423716
29542,0.24912196
29543,0.0751322
29544,0.027160859
29545,0.07027547
29546,0.13766426
29547,0.022818048
29548,0.05169297
29549,0.13102621
29550,0.028949857
29551,0.03896083
29552,0.026680015
29553,0.08137829
29554,0.062241912
29555,0.084833406
29556,0.4525943
29557,0.25289345
29558,0.39492488
29559,0.87254596
29560,0.66134274
29561,0.28491846
29562,0.110588185
29563,0.041665245
29564,0.056307673
29565,0.12779945
29566,0.023536442
29567,0.016221989
29568,0.033745814
29569,0.988318
29570,0.059043765
29571,0.020092838
29572,0.08768175
29573,0.06758182
29574,0.24554405
29575,0.051631764
29576,0.057592757
29577,0.011881248
29578,0.054146416
29579,0.009610552
29580,0.030615265
29581,0.09261088
29582,0.11880366
29583,0.5799078
29584,0.42598805
29585,0.26938477
29586,1.0
29587,0.4181403
29588,0.44708303
29589,0.15688284
29590,0.042005286
29591,0.029701278
29592,0.030498145
29593,0.074648745
29594,0.06684501
29595,0.037900284
29596,0.06909922
29597,0.43913236
29598,0.098869294
29599,0.40917975
29600,0.039459623
29601,0.11634996
29602,0.1380468
29603,0.13362359
29604,0.17859301
29605,0.048297297
29606,0.021928214
29607,0.04642397
29608,0.14341646
29609,0.95856386
29610,0.44370723
29611,0.590053
29612,0.40891773
29613,0.3681599
29614,0.24276443
29615,0.24195847
29616,0.052985612
29617,0.011462739
29618,0.025123378
29619,0.013696941
29620,0.033755332
29621,0.14546494
29622,0.1308881
29623,0.082018755
29624,0.39439344
29625,0.022818193
29626,0.07366931
29627,0.00913199
29628,0.41347462
29629,0.045624986
29630,0.10948587
29631,0.24832721
29632,0.040089816
29633,0.0075932844
29634,0.24015239
29635,0.24740607
29636,0.08539356
29637,0.12037861
29638,0.098425664
29639,0.08836138
29640,0.044064082
29641,0.13027216
29642,0.12084489
29643,0.0071413303
29644,0.23273818
29645,0.011012923
29646,0.10403302
29647,0.044460952
29648,0.03665663
29649,0.12705494
29650,0.039225645
29651,0.063562214
29652,0.06689637
29653,0.19273683
29654,0.28059733
29655,0.5382877
29656,0.116855
29657,0.0035266639
29658,0.029860131
29659,0.065036885
29660,0.06668727
29661,0.14182904
29662,0.012185686
29663,0.029831592
29664,0.019956341
29665,0.031809125
29666,0.012358252
29667,0.011395892
29668,0.026840515
29669,0.08394627
29670,0.0992563
29671,0.3808331
29672,0.017719846
29673,0.059898153
29674,0.073477
29675,0.10857478
29676,0.4180536
29677,0.12505324
29678,0.014631303
29679,0.23326258
29680,0.011347077
29681,0.042851962
29682,0.021724274
29683,0.08694559
29684,0.23553906
29685,0.053931948
29686,0.007273899
29687,0.017707206
29688,0.009825006
29689,0.19688644
29690,0.012683452
29691,0.033572532
29692,0.1291632
29693,0.071572
29694,0.051186424
29695,0.01824947
29696,0.032937195
29697,0.060950153
29698,0.37188742
29699,0.0291941
29700,0.014322253
29701,0.022621263
29702,0.0319663
29703,0.04854224
29704,0.06252
29705,0.25988805
29706,0.071380466
29707,0.19003254
29708,0.09339185
29709,0.028517473
29710,0.010507865
29711,0.04549948
29712,0.052647825
29713,0.031867757
29714,0.4023607
29715,0.01412
29716,0.16624571
29717,0.018845106
29718,0.09843715
29719,0.056546353
29720,0.012705179
29721,0.29269198
29722,0.4910001
29723,0.10746963
29724,0.07760844
29725,0.013076925
29726,0.0940242
29727,0.055347305
29728,0.063284434
29729,0.1088282
29730,0.099498615
29731,0.09891245
29732,0.989134
29733,0.07946281
29734,0.015212099
29735,0.082048595
29736,0.08430777
29737,0.03673378
29738,0.10718261
29739,0.44256246
29740,0.067089625
29741,0.23616266
29742,0.027625838
29743,0.017826902
29744,0.0665993
29745,0.017732928
29746,0.094641484
29747,0.03312145
29748,0.026772609
29749,0.06099346
29750,0.0673589
29751,0.029511333
29752,0.06804353
29753,0.148779
29754,0.035745665
29755,0.054620333
29756,0.030198436
29757,0.08471105
29758,0.09914701
29759,0.014559045
29760,0.047148768
29761,0.98807627
29762,0.06038714
29763,0.113990076
29764,0.05854113
29765,0.0443991
29766,0.04563377
29767,0.049056787
29768,0.013772277
29769,0.016176876
29770,0.3818651
29771,0.025392393
29772,0.0
29773,0.0
29774,0.005633408
29775,0.00949391
29776,0.017129118
29777,0.054555394
29778,0.11140407
29779,0.01931905
29780,0.013444017
29781,0.1145495
29782,0.039155822
29783,0.024400763
29784,0.062904485
29785,0.43308017
29786,0.018848183
29787,0.023784937
29788,0.007665367
29789,0.05236705
29790,0.007735106
29791,0.03093629
29792,0.15692623
29793,0.07497367
29794,0.00890987
29795,0.013001615
29796,0.08945772
29797,0.2624903
29798,0.1075519
29799,0.058923308
29800,0.07866693
29801,0.03811468
29802,0.05830021
29803,0.020387491
29804,0.066146284
29805,0.27038088
29806,0.41377133
29807,0.008383025
29808,0.026523758
29809,0.015114221
29810,0.012173819
29811,0.01987275
29812,0.01012958
29813,0.022059081
29814,0.018756703
29815,0.013900061
29816,0.033141788
29817,0.06874284
29818,0.067030266
29819,0.117583185
29820,0.010088217
29821,0.14659572
29822,0.010421378
29823,0.28306672
29824,0.013038313
29825,0.022443863
29826,0.021729762
29827,0.01018922
29828,0.020439303
29829,0.015155576
29830,0.03341361
29831,0.009045807
29832,0.0
29833,0.012001132
29834,0.009009685
29835,0.09707741
29836,0.0077065066
29837,0.034629017
29838,0.058790166
29839,0.015865412
29840,0.06303212
29841,0.021532005
29842,0.008477465
29843,0.0055041485
29844,0.114115536
29845,0.0256243
29846,0.042827126
29847,0.0041248817
29848,0.009170681
29849,0.026818773
29850,0.015878381
29851,0.110999085
29852,0.017743211
29853,0.011900935
29854,0.39202395
29855,0.060688525
29856,0.07425582
29857,0.080041304
29858,0.05977638
29859,0.02425942
29860,0.008035558
29861,0.1108524
29862,0.11507794
29863,0.16918741
29864,0.021626819
29865,0.034043994
29866,0.027890934
29867,0.016842147
29868,0.015956212
29869,0.026177045
29870,0.006620025
29871,0.08600445
29872,0.081088625
29873,0.26334408
29874,0.016498592
29875,0.022034632
29876,0.008165309
29877,0.015441117
29878,0.0485785
29879,0.019820005
29880,0.030491468
29881,0.015239017
29882,0.03289111
29883,0.007904128
29884,0.01344659
29885,0.03696411
29886,0.2646683
29887,0.26341748
29888,0.022600312
29889,0.118181415
29890,0.017644208
29891,0.0
29892,0.035259657
29893,0.043987285
29894,0.033368148
29895,0.022055017
29896,0.029336955
29897,0.039440915
29898,0.043450873
29899,0.022182722
29900,0.089216486
29901,0.0423994
29902,0.16941434
29903,0.01522405
29904,0.043670252
29905,0.26641056
29906,0.4545988
29907,0.041467726
29908,0.2791555
29909,0.024232998
29910,0.24982625
29911,0.034257915
29912,0.2705167
29913,0.06266887
29914,0.028040428
29915,0.10600046
29916,0.015321685
29917,0.030910056
29918,0.017427217
29919,0.23453194
29920,0.021845143
29921,0.65948
29922,0.22408153
29923,0.043811254
29924,0.2619365
29925,0.014771783
29926,0.048658404
29927,0.0358545
29928,0.13344261
29929,0.2432805
29930,0.53214824
29931,0.5356356
29932,0.046272423
29933,0.071156174
29934,0.15415119
29935,0.1442687
29936,0.008772689
29937,0.0031252662
29938,0.06546537
29939,0.05059572
29940,0.07769789
29941,0.067809306
29942,0.03503684
29943,0.4040315
29944,0.22352204
29945,0.41549447
29946,0.5350339
29947,0.11900067
29948,0.4728758
29949,0.076194644
29950,0.1949615
29951,0.08044149
29952,0.065001056
29953,0.03792605
29954,0.07185118
29955,0.07965313
29956,0.112433165
29957,0.09999267
29958,0.018715594
29959,0.023976745
29960,0.046349976
29961,0.2674208
29962,0.051640432
29963,0.06546001
29964,0.088098526
29965,0.10543505
29966,0.035581496
29967,0.027778963
29968,0.023102596
29969,0.2346186
29970,0.051212788
29971,0.13456021
29972,0.031079357
29973,0.05075992
29974,0.002362949
29975,0.44984072
29976,0.11271922
29977,0.013528407
29978,0.0565518
29979,0.17558251
29980,0.29473722
29981,0.089082286
29982,0.06444373
29983,0.013870889
29984,0.013639864
29985,0.039792158
29986,0.013009157
29987,0.12981465
29988,0.050325584
29989,0.07888222
29990,0.063256584
29991,0.26825052
29992,0.2904409
29993,0.017904073
29994,0.43445683
29995,0.056265727
29996,0.027671447
29997,0.27952787
29998,0.014472787
29999,0.0393486
30000,0.008232725
30001,0.16384666
30002,0.048332095
30003,0.010504348
30004,0.2372258
30005,0.46291775
30006,0.107101746
30007,0.019771103
30008,0.026909398
30009,0.0585645
30010,0.07483259
30011,0.007442354
30012,0.028169405
30013,0.13354892
30014,0.155588
30015,0.08347433
30016,0.08241819
30017,0.056294676
30018,0.00044441875
30019,0.0052419635
30020,0.03470209
30021,0.030407535
30022,0.029326068
30023,0.032102354
30024,0.11496881
30025,0.06918001
30026,0.2194936
30027,0.014733951
30028,0.060748387
30029,0.036428988
30030,0.022484167
30031,0.0135075245
30032,0.016221458
30033,0.041752875
30034,0.022167785
30035,0.06047451
30036,0.52724296
30037,0.42316508
30038,0.047953058
30039,0.04397665
30040,0.10231656
30041,0.062249776
30042,0.012492011
30043,0.052921597
30044,0.01077697
30045,0.006397194
30046,0.020877568
30047,0.24561171
30048,0.027946858
30049,0.024391431
30050,0.03120573
30051,0.1622901
30052,0.080357224
30053,0.25339475
30054,0.2380461
30055,0.376205
30056,0.070754126
30057,0.043483924
30058,0.02085973
30059,0.050306395
30060,0.051337373
30061,0.2609333
30062,0.051555634
30063,0.5837017
30064,0.1178524
30065,0.023677422
30066,0.10779753
30067,0.067784645
30068,0.059385493
30069,0.011749289
30070,0.013764502
30071,0.05897266
30072,0.029175542
30073,0.02238097
30074,0.01772063
30075,0.08336629
30076,0.04277343
30077,0.0943891
30078,0.07022451
30079,0.12182559
30080,0.45705044
30081,0.4704798
30082,0.08094305
30083,0.031700592
30084,0.084436245
30085,0.015285107
30086,0.041625112
30087,0.023566796
30088,0.08391813
30089,0.06816164
30090,0.11385794
30091,0.058898266
30092,0.103876464
30093,0.047257353
30094,0.068576016
30095,0.033712037
30096,0.014414382
30097,0.13713618
30098,0.0064549595
30099,0.0629708
30100,0.028620785
30101,0.012719081
30102,0.020522501
30103,0.03790221
30104,0.08129862
30105,0.08351214
30106,0.21399961
30107,0.11193241
30108,0.41541404
30109,0.24247524
30110,0.25486234
30111,0.01716733
30112,0.097646125
30113,0.058124285
30114,0.05341259
30115,0.08732796
30116,0.022235995
30117,0.06896742
30118,0.048861608
30119,0.053319525
30120,0.08026959
30121,0.02319105
30122,0.05618492
30123,0.018642433
30124,0.091740854
30125,0.014027962
30126,0.048673343
30127,0.13746591
30128,0.06709926
30129,0.21674713
30130,0.39380074
30131,0.12449583
30132,0.12394979
30133,0.0770309
30134,0.09689632
30135,0.084395364
30136,0.08320507
30137,0.05945323
30138,0.009508055
30139,0.027437417
30140,0.27573648
30141,0.08051191
30142,0.078700624
30143,0.05420859
30144,0.05920452
30145,0.013009979
30146,0.019212184
30147,0.02235226
30148,0.044784937
30149,0.28875664
30150,0.073506355
30151,0.049490105
30152,0.11572478
30153,0.6216623
30154,0.106757164
30155,0.021875964
30156,0.24011517
30157,0.076299824
30158,0.24574965
30159,0.28719544
30160,0.07501141
30161,0.057481065
30162,0.08841864
30163,0.108660586
30164,0.16349994
30165,0.042435512
30166,0.13911559
30167,0.076109745
30168,0.06614294
30169,0.010180378
30170,0.005665027
30171,0.011687385
30172,0.02171572
30173,0.06717164
30174,0.08146963
30175,0.019963613
30176,0.1236991
30177,0.1407506
30178,0.26319844
30179,0.11066314
30180,0.04367163
30181,0.11930445
30182,0.16640976
30183,0.3851144
30184,0.07095281
30185,0.054202132
30186,0.027981933
30187,0.079668
30188,0.501588
30189,0.02910033
30190,0.121075705
30191,0.35945913
30192,0.24446687
30193,0.013563573
30194,0.0087486245
30195,0.011540926
30196,0.044230968
30197,0.05895903
30198,0.4377884
30199,0.45812193
30200,0.012862373
30201,0.110771894
30202,0.11199281
30203,0.14624205
30204,0.15406357
30205,0.13611172
30206,0.19639143
30207,0.38564828
30208,0.0886791
30209,0.019112127
30210,0.06170181
30211,0.09987593
30212,0.06875538
30213,0.2768017
30214,0.95475847
30215,0.051476955
30216,0.4043003
30217,0.010728588
30218,0.049080774
30219,0.3853915
30220,0.0015859371
30221,0.053610362
30222,0.085963294
30223,0.021251118
30224,0.05724966
30225,0.005837424
30226,0.45170504
30227,0.16084726
30228,0.09893707
30229,0.40844992
30230,0.15001445
30231,0.26773253
30232,0.40938658
30233,0.39589855
30234,0.17821257
30235,0.12765323
30236,0.12216699
30237,0.997368
30238,0.41850647
30239,0.4269606
30240,0.02705469
30241,0.13873252
30242,0.0710498
30243,0.00439718
30244,0.05543437
30245,0.009009168
30246,0.008354538
30247,0.021519404
30248,0.04389711
30249,0.0717304
30250,0.11285036
30251,0.10143226
30252,0.1201303
30253,0.101687446
30254,0.25273165
30255,0.24573188
30256,0.029900521
30257,0.10856028
30258,0.4208503
30259,0.06674931
30260,0.95498157
30261,0.93664676
30262,0.556832
30263,0.00062954973
30264,0.025826512
30265,0.015179852
30266,0.100629255
30267,0.42536846
30268,0.08620924
30269,0.010133545
30270,0.060276356
30271,0.010017549
30272,0.05476858
30273,0.06696688
30274,0.05919759
30275,0.014969213
30276,0.4186795
30277,0.022020154
30278,0.04808589
30279,0.11335273
30280,0.12957998
30281,0.062139962
30282,0.061974656
30283,0.2502666
30284,0.20420763
30285,0.022205513
30286,0.22415629
30287,0.10305053
30288,0.115578175
30289,0.9939972
30290,0.84394807
30291,0.56717175
30292,0.20518629
30293,0.02088449
30294,0.009891897
30295,0.41956112
30296,0.09572005
30297,0.19951947
30298,0.045063376
30299,0.11118808
30300,0.016648142
30301,0.12697211
30302,0.11317164
30303,0.13070704
30304,0.16929327
30305,0.56135535
30306,0.47521988
30307,0.22336805
30308,0.13516995
30309,0.085008666
30310,0.064273246
30311,0.112369664
30312,0.058691356
30313,0.036615044
30314,0.14689575
30315,0.15659003
30316,0.060090274
30317,0.10085897
30318,0.031417836
30319,0.9564542
30320,0.9737003
30321,0.9827087
30322,0.11340971
30323,0.059755076
30324,0.3916429
30325,0.01712714
30326,0.41760918
30327,0.023676662
30328,0.018654399
30329,0.015221023
30330,0.0422691
30331,0.10060758
30332,0.060429
30333,0.45291576
30334,0.9944369
30335,0.083424605
30336,0.120075025
30337,0.10101593
30338,0.1436654
30339,0.08087145
30340,0.3903797
30341,0.26028144
30342,0.041137557
30343,0.08397829
30344,0.10706452
30345,0.116178714
30346,0.0437464
30347,0.04452796
30348,0.26393443
30349,0.40329972
30350,0.24135737
30351,0.10269393
30352,0.02269144
30353,0.12045772
30354,0.010096073
30355,0.079526864
30356,0.18691185
30357,0.03214562
30358,0.04594866
30359,0.04340235
30360,0.055152133
30361,0.05584984
30362,0.47614223
30363,0.7657419
30364,0.26252463
30365,0.16704133
30366,0.12458998
30367,0.14988524
30368,0.14402348
30369,0.49869627
30370,0.081582725
30371,0.034736138
30372,0.03426353
30373,0.027700167
30374,0.14618088
30375,0.15816653
30376,0.24796699
30377,0.4607715
30378,0.27626222
30379,0.23568125
30380,0.9842811
30381,0.13070971
30382,0.016818821
30383,0.14831924
30384,0.24466626
30385,0.022695316
30386,0.053411584
30387,0.44531706
30388,0.06272643
30389,0.03294294
30390,0.045431446
30391,0.059842568
30392,0.21882069
30393,0.43403438
30394,0.2634452
30395,0.5188131
30396,0.29021326
30397,0.14552234
30398,0.15732281
30399,0.3764091
30400,0.022669341
30401,0.16631286
30402,0.07471628
30403,0.055698115
30404,0.43513617
30405,0.24736518
30406,0.07603996
30407,0.5654113
30408,0.28420147
30409,0.007943241
30410,0.10366335
30411,0.14827606
30412,0.10220837
30413,0.053242795
30414,0.010381892
30415,0.006683865
30416,0.029134342
30417,0.056761
30418,0.098526396
30419,0.096877865
30420,0.10620593
30421,0.39247063
30422,0.71299213
30423,0.47267836
30424,0.2799668
30425,0.5870917
30426,0.10102086
30427,0.06419045
30428,0.06446528
30429,0.15363331
30430,0.44417998
30431,0.07659507
30432,0.026902497
30433,0.06514783
30434,0.14150663
30435,0.021613471
30436,0.05584796
30437,0.1216338
30438,0.033647586
30439,0.039384075
30440,0.020265646
30441,0.016806273
30442,0.031454474
30443,0.08572906
30444,0.060078915
30445,0.08894421
30446,0.46272427
30447,0.24244234
30448,0.39053184
30449,0.84900534
30450,0.659182
30451,0.39193135
30452,0.24426378
30453,0.04179749
30454,0.01473686
30455,0.057695325
30456,0.123178795
30457,0.023341397
30458,0.043558925
30459,0.99592555
30460,0.058078226
30461,0.020893138
30462,0.19030744
30463,0.070213415
30464,0.24017853
30465,0.057690952
30466,0.053217173
30467,0.015760912
30468,0.042110108
30469,0.029877165
30470,0.09586158
30471,0.11090745
30472,0.5764691
30473,0.3940223
30474,0.25813264
30475,1.0
30476,0.41237804
30477,0.45464647
30478,0.15867403
30479,0.0361694
30480,0.026865302
30481,0.029724685
30482,0.066562966
30483,0.05957558
30484,0.034098834
30485,0.06769396
30486,0.44905517
30487,0.108014025
30488,0.4068502
30489,0.037119754
30490,0.105581805
30491,0.14057712
30492,0.14036404
30493,0.18080771
30494,0.051805746
30495,0.020763937
30496,0.044562988
30497,0.14741781
30498,0.94159085
30499,0.43488887
30500,0.6016709
30501,0.40738496
30502,0.38600278
30503,0.15517284
30504,0.24192852
30505,0.06486529
30506,0.02546364
30507,0.013671161
30508,0.018041225
30509,0.051805757
30510,0.029961836
30511,0.13916989
30512,0.1387671
30513,0.096524574
30514,0.2859456
30515,0.0266394
30516,0.08255371
30517,0.2755927
30518,0.042869166
30519,0.11106441
30520,0.4507651
30521,0.043254524
30522,0.2378099
30523,0.24536392
30524,0.085580535
30525,0.12042768
30526,0.10971199
30527,0.08906324
30528,0.049348272
30529,0.1290791
30530,0.1248123
30531,0.049298834
30532,0.009703521
30533,0.24891332
30534,0.10023345
30535,0.04943646
30536,0.038039178
30537,0.11909412
30538,0.04024438
30539,0.06071913
30540,0.06497526
30541,0.18819463
30542,0.40315557
30543,0.53001153
30544,0.119757615
30545,0.01363706
30546,0.02317782
30547,0.06789526
30548,0.07113722
30549,0.15289253
30550,0.030470194
30551,0.01830462
30552,0.02822508
30553,0.016382834
30554,0.005175024
30555,0.026919015
30556,0.08504611
30557,0.09267648
30558,0.40773895
30559,0.017978653
30560,0.020982282
30561,0.054820467
30562,0.08380258
30563,0.09918218
30564,0.39107487
30565,0.12005687
30566,0.010818675
30567,0.23654865
30568,0.039486233
30569,0.02067542
30570,0.07931854
30571,0.13332799
30572,0.05065899
30573,0.019311775
30574,0.008037033
30575,0.26917142
30576,0.033688556
30577,0.009712582
30578,0.015369891
30579,0.029573122
30580,0.129311
30581,0.06691941
30582,0.0500467
30583,0.020532725
30584,0.032698512
30585,0.07253218
30586,0.2915013
30587,0.031131802
30588,0.019445693
30589,0.03167122
30590,0.047053386
30591,0.07175027
30592,0.27282524
30593,0.075581774
30594,0.26114216
30595,0.101778544
30596,0.025745288
30597,0.017362652
30598,0.047418557
30599,0.066270806
30600,0.023470417
30601,0.3926545
30602,0.01922423
30603,0.26080716
30604,0.015759967
30605,0.10028666
30606,0.05871776
30607,0.012798558
30608,0.29655617
30609,0.5336316
30610,0.2379939
30611,0.07073432
30612,0.090865135
30613,0.055700924
30614,0.06290898
30615,0.11282975
30616,0.09650945
30617,0.096704975
30618,0.9584294
30619,0.019504957
30620,0.07768153
30621,0.016883502
30622,0.085416436
30623,0.07913757
30624,0.020628382
30625,0.033238325
30626,0.115023166
30627,0.4841263
30628,0.06979184
30629,0.22959857
30630,0.02688442
30631,0.07594561
30632,0.019677306
30633,0.088366255
30634,0.032634348
30635,0.023920072
30636,0.056625463
30637,0.06375861
30638,0.023350932
30639,0.022111394
30640,0.07175468
30641,0.0139270825
30642,0.14680399
30643,0.054152638
30644,0.03144955
30645,0.08216388
30646,0.09746478
30647,0.015994554
30648,0.019992147
30649,0.046219986
30650,1.0
30651,0.06868681
30652,0.12428166
30653,0.060048074
30654,0.046646416
30655,0.046751484
30656,0.053609297
30657,0.013853773
30658,0.015034078
30659,0.28768653
30660,0.02685924
30661,0.00095233927
30662,0.0023010625
30663,0.014191855
30664,0.0028609957
30665,0.016797246
30666,0.055309426
30667,0.116884895
30668,0.23409852
30669,0.044615828
30670,0.045042425
30671,0.4273784
30672,0.020187307
30673,0.021704402
30674,0.008121409
30675,0.020295428
30676,0.01008568
30677,0.04855727
30678,0.007254775
30679,0.034338042
30680,0.27266228
30681,0.08807036
30682,0.008843297
30683,0.011910004
30684,0.003616352
30685,0.08544442
30686,0.25014833
30687,0.11330838
30688,0.095725164
30689,0.09093976
30690,0.03585333
30691,0.06937164
30692,0.019061765
30693,0.07373104
30694,0.2593029
30695,0.1775357
30696,0.007789563
30697,0.013012277
30698,0.01650607
30699,0.028761525
30700,0.0059359185
30701,0.014137898
30702,0.010008767
30703,0.008088561
30704,0.033312652
30705,0.06700013
30706,0.06478214
30707,0.11085548
30708,0.15191232
30709,0.007656936
30710,0.2696402
30711,0.0073232134
30712,0.018892914
30713,0.0050220657
30714,0.021919131
30715,0.012147053
30716,0.0074992557
30717,0.014965387
30718,0.01974438
30719,0.012304157
30720,0.026411131
30721,0.015296597
30722,0.016257763
30723,0.089205384
30724,0.05849302
30725,0.011766058
30726,0.056623813
30727,0.017493209
30728,0.0065787504
30729,0.00983935
30730,0.0034244996
30731,0.12092262
30732,0.025273463
30733,0.044607546
30734,0.0017077915
30735,0.033758204
30736,0.014516282
30737,0.097263105
30738,0.013865263
30739,0.005651458
30740,0.42668974
30741,0.06061534
30742,0.05434583
30743,0.07125563
30744,0.06545927
30745,0.026459813
30746,0.005100369
30747,0.11780927
30748,0.017913893
30749,0.119095564
30750,0.17467654
30751,0.017090134
30752,0.03847429
30753,0.037393373
30754,0.025738342
30755,0.0139537575
30756,0.0086587295
30757,0.034684937
30758,0.009560383
30759,0.09318319
30760,0.071335554
30761,0.037742674
30762,0.002941292
30763,0.1783161
30764,0.010358279
30765,0.015682476
30766,0.013170926
30767,0.0028186447
30768,0.0163267
30769,0.052094616
30770,0.018528175
30771,0.027923143
30772,0.03263588
30773,0.010571827
30774,0.03509719
30775,0.3828481
30776,0.24773137
30777,0.009727224
30778,0.025531538
30779,0.11184219
30780,0.014555495
30781,0.01545648
30782,0.05161808
30783,0.06762487
30784,0.030185433
30785,0.031568695
30786,0.058976624
30787,0.02091552
30788,0.0367912
30789,0.05362186
30790,0.051741417
30791,0.041689236
30792,0.1104192
30793,0.04127439
30794,0.4806858
30795,0.04631476
30796,0.052458256
30797,0.43089908
30798,0.42501235
30799,0.026610559
30800,0.3034001
30801,0.07051271
30802,0.4574179
30803,0.05438771
30804,0.15003943
30805,0.056458738
30806,0.017760517
30807,0.22372858
30808,0.007818116
30809,0.03182112
30810,0.018188309
30811,0.41563112
30812,0.047199212
30813,0.74066293
30814,0.27023852
30815,0.03959429
30816,0.2770136
30817,0.006879292
30818,0.027108548
30819,0.021752696
30820,0.04869058
30821,0.0090221865
30822,0.053648558
30823,0.09650254
30824,0.48622298
30825,0.6436281
30826,0.6153776
30827,0.04922632
30828,0.068591975
30829,0.13276148
30830,0.38002747
30831,0.09857377
30832,0.048646737
30833,0.088072926
30834,0.18565762
30835,0.03355592
30836,0.42143002
30837,0.22860101
30838,0.23590611
30839,0.6074788
30840,0.12164094
30841,0.011458427
30842,0.53835076
30843,0.07572035
30844,0.1898118
30845,0.06982361
30846,0.0660588
30847,0.03414332
30848,0.078643374
30849,0.08633026
30850,0.109032795
30851,0.24645016
30852,0.024243344
30853,0.030241458
30854,0.068089694
30855,0.278661
30856,0.054899383
30857,0.07330759
30858,0.083709165
30859,0.12183084
30860,0.031752206
30861,0.02459719
30862,0.047465138
30863,0.14480945
30864,0.055344556
30865,0.37594804
30866,0.04186726
30867,0.050752297
30868,0.02960581
30869,0.019842837
30870,0.018181441
30871,0.48928714
30872,0.09439876
30873,0.06441108
30874,0.47888735
30875,0.30104017
30876,0.009418811
30877,0.10199799
30878,0.065620035
30879,0.022145748
30880,0.0108834775
30881,0.057659723
30882,0.08185474
30883,0.09834479
30884,0.2912695
30885,0.44971028
30886,0.13850395
30887,0.056364793
30888,0.032793153
30889,0.37096232
30890,0.01460617
30891,0.049307257
30892,0.005803217
30893,0.06808732
30894,0.044783637
30895,0.017314723
30896,0.26583642
30897,0.50184244
30898,0.12016107
30899,0.02108595
30900,0.02616076
30901,0.053723667
30902,0.07687549
30903,0.026155794
30904,0.01357551
30905,0.13706557
30906,0.15962003
30907,0.09417584
30908,0.09413616
30909,0.067992896
30910,0.006520077
30911,0.040174294
30912,0.030282533
30913,0.030037165
30914,0.035567276
30915,0.12435398
30916,0.0610677
30917,0.24373268
30918,0.026501011
30919,0.05864452
30920,0.034928374
30921,0.023789871
30922,0.012336965
30923,0.021478686
30924,0.055232313
30925,0.05208071
30926,0.5141214
30927,0.28592595
30928,0.05252259
30929,0.044148825
30930,0.10601623
30931,0.06590786
30932,0.015478391
30933,0.06719068
30934,0.029388221
30935,0.24818453
30936,0.027323501
30937,0.025614524
30938,0.032421812
30939,0.080219634
30940,0.08882801
30941,0.42238802
30942,0.4366367
30943,0.37946847
30944,0.06595705
30945,0.050906718
30946,0.01669742
30947,0.053590022
30948,0.043918323
30949,0.26673335
30950,0.062515184
30951,0.5780923
30952,0.12158243
30953,0.023683002
30954,0.11090078
30955,0.05775501
30956,0.05625322
30957,0.018332772
30958,0.0032914756
30959,0.056861155
30960,0.0046917135
30961,0.0069813104
30962,0.018298384
30963,0.020624064
30964,0.08684271
30965,0.046890583
30966,0.09865211
30967,0.06908201
30968,0.11684274
30969,0.4334652
30970,0.50284684
30971,0.08177623
30972,0.033529423
30973,0.08791684
30974,0.019245956
30975,0.043212608
30976,0.0104545895
30977,0.106748775
30978,0.07222046
30979,0.13358639
30980,0.059254017
30981,0.11394198
30982,0.04331965
30983,0.0710358
30984,0.033071306
30985,0.009711309
30986,0.01893814
30987,0.14344782
30988,0.06346273
30989,0.026177397
30990,0.029778225
30991,0.03483198
30992,0.0690923
30993,0.08048859
30994,0.116927706
30995,0.11235028
30996,0.27028725
30997,0.24094363
30998,0.25396073
30999,0.021389492
31000,0.100124374
31001,0.010258778
31002,0.060498852
31003,0.012875308
31004,0.0500463
31005,0.08048169
31006,0.038648833
31007,0.06302602
31008,0.055966105
31009,0.021578455
31010,0.051239587
31011,0.07175465
31012,0.024626914
31013,0.053996824
31014,0.0251242
31015,0.02485241
31016,0.099190824
31017,0.01665989
31018,0.050507184
31019,0.13155732
31020,0.0661197
31021,0.22212793
31022,0.4486986
31023,0.11581576
31024,0.11727604
31025,0.08296056
31026,0.08988364
31027,0.08295501
31028,0.08471359
31029,0.058010526
31030,0.2915973
31031,0.084642895
31032,0.081207104
31033,0.054181624
31034,0.07117257
31035,0.016093802
31036,0.024362711
31037,0.020266488
31038,0.023283048
31039,0.044790167
31040,0.31600517
31041,0.069492884
31042,0.05147315
31043,0.12124102
31044,0.656612
31045,0.10873143
31046,0.02300584
31047,0.24708176
31048,0.07456728
31049,0.2616512
31050,0.30787414
31051,0.07415861
31052,0.023643864
31053,0.0560465
31054,0.08143455
31055,0.1239869
31056,0.2483984
31057,0.046565376
31058,0.24342872
31059,0.07918998
31060,0.0051769684
31061,0.07019802
31062,0.0069269915
31063,0.014621182
31064,0.024756176
31065,0.07384274
31066,0.07547268
31067,0.02285797
31068,0.12214729
31069,0.15397884
31070,0.25586867
31071,0.106085084
31072,0.041688718
31073,0.10945385
31074,0.16653314
31075,0.38911942
31076,0.06880689
31077,0.06367235
31078,0.031972036
31079,0.09692807
31080,0.4906429
31081,0.03416698
31082,0.12599769
31083,0.4173803
31084,0.2431486
31085,0.014736583
31086,0.009358231
31087,0.036031675
31088,0.06760696
31089,0.40046576
31090,0.4390977
31091,0.005564864
31092,0.10696006
31093,0.108431324
31094,0.24418332
31095,0.1488797
31096,0.13067788
31097,0.18991794
31098,0.42023796
31099,0.09001905
31100,0.022142034
31101,0.058586337
31102,0.11150438
31103,0.08069167
31104,0.21350357
31105,0.9436816
31106,0.059977148
31107,0.48131976
31108,0.0133117605
31109,0.05172335
31110,0.27269414
31111,0.012270813
31112,0.05480699
31113,0.08165899
31114,0.025395563
31115,0.05431347
31116,0.49831802
31117,0.16705015
31118,0.09923112
31119,0.25281262
31120,0.14717878
31121,0.26682338
31122,0.42029718
31123,0.39909136
31124,0.2965446
31125,0.13919772
31126,0.13476533
31127,0.9756736
31128,0.4544121
31129,0.44587973
31130,0.018932663
31131,0.14651024
31132,0.089747705
31133,0.023708962
31134,0.019337058
31135,0.014557644
31136,0.057812944
31137,0.01059834
31138,0.011821478
31139,0.020484278
31140,0.042324852
31141,0.07240785
31142,0.10536082
31143,0.09850516
31144,0.12543443
31145,0.10100539
31146,0.26394448
31147,0.25646606
31148,0.02699266
31149,0.118050545
31150,0.48690712
31151,0.022895075
31152,0.076562986
31153,1.0
31154,0.96805114
31155,0.61456597
31156,0.004713801
31157,0.022079268
31158,0.124643326
31159,0.3936787
31160,0.09021719
31161,0.059847377
31162,0.02157868
31163,0.0047049974
31164,0.05743576
31165,0.069055945
31166,0.05753958
31167,0.019543994
31168,0.43150228
31169,0.020849224
31170,0.050148603
31171,0.118416496
31172,0.11144501
31173,0.060215577
31174,0.05622906
31175,0.4327167
31176,0.20727982
31177,0.02322236
31178,0.21648736
31179,0.12399575
31180,0.12122121
31181,0.983038
31182,0.8353808
31183,0.57837176
31184,0.022479165
31185,0.20529276
31186,0.029883152
31187,0.00844715
31188,0.44710824
31189,0.10456421
31190,0.19950047
31191,0.051250756
31192,0.123992674
31193,0.015682431
31194,0.12126635
31195,0.10889147
31196,0.14315873
31197,0.16035864
31198,0.5753874
31199,0.4997029
31200,0.22235057
31201,0.14511287
31202,0.09424441
31203,0.06736954
31204,0.11004414
31205,0.054588996
31206,0.040160425
31207,0.026734233
31208,0.14076799
31209,0.16855869
31210,0.06000272
31211,0.1114953
31212,0.030173205
31213,0.9320223
31214,0.9943909
31215,0.9581958
31216,0.12490948
31217,0.06387616
31218,0.1622989
31219,0.4368774
31220,0.02956486
31221,0.010242846
31222,0.014804924
31223,0.015509781
31224,0.038437534
31225,0.09498172
31226,0.05860047
31227,0.47018912
31228,0.97048753
31229,0.07869292
31230,0.11294592
31231,0.1078785
31232,0.14335744
31233,0.08279715
31234,0.41530696
31235,0.27913046
31236,0.044505052
31237,0.0986889
31238,0.119986065
31239,0.12222545
31240,0.04377192
31241,0.026309254
31242,0.46792668
31243,0.43069255
31244,0.24217439
31245,0.08882029
31246,0.02518401
31247,0.12165511
31248,0.013536229
31249,0.081997775
31250,0.18946072
31251,0.031268653
31252,0.053248204
31253,0.041020848
31254,0.015738148
31255,0.0151697
31256,0.04998991
31257,0.051769655
31258,0.46234366
31259,0.7084194
31260,0.27017006
31261,0.15852544
31262,0.11476958
31263,0.15416607
31264,0.14652315
31265,0.5354518
31266,0.08200258
31267,0.03445844
31268,0.026634878
31269,0.14611119
31270,0.14894606
31271,0.17018354
31272,0.46362507
31273,0.27419096
31274,0.14688717
31275,1.0
31276,0.1411581
31277,0.019061634
31278,0.1358152
31279,0.24613345
31280,0.025732595
31281,0.05379118
31282,0.47834975
31283,0.058733486
31284,0.034859587
31285,0.043134227
31286,0.048333574
31287,0.12066442
31288,0.474335
31289,0.26930857
31290,0.52264243
31291,0.28151667
31292,0.15521266
31293,0.15577033
31294,0.2706956
31295,0.018672526
31296,0.1626596
31297,0.07422713
31298,0.053819276
31299,0.49891314
31300,0.46723214
31301,0.064832665
31302,0.5523718
31303,0.43901283
31304,0.09571463
31305,0.15288635
31306,0.11436142
31307,0.05495675
31308,0.0117156925
31309,0.010337338
31310,0.0049162875
31311,0.024593618
31312,0.058784127
31313,0.09539753
31314,0.09244589
31315,0.104698256
31316,0.41938657
31317,0.7265657
31318,0.44426742
31319,0.27448186
31320,0.5919444
31321,0.114053674
31322,0.06181886
31323,0.06453199
31324,0.1534437
31325,0.4016173
31326,0.07703258
31327,0.027574891
31328,0.08033797
31329,0.15095039
31330,0.0222114
31331,0.06047539
31332,0.12815747
31333,0.026026169
31334,0.018783519
31335,0.039898526
31336,0.016452111
31337,0.016401574
31338,0.028295327
31339,0.08431243
31340,0.0631724
31341,0.085820876
31342,0.439074
31343,0.24889337
31344,0.3834359
31345,0.8293324
31346,0.6904443
31347,0.35169926
31348,0.24864286
31349,0.04460324
31350,0.020359281
31351,0.05267448
31352,0.13340144
31353,0.028473709
31354,0.99231607
31355,0.062265
31356,0.018698307
31357,0.0835234
31358,0.066318
31359,0.2577659
31360,0.058138687
31361,0.050214782
31362,0.0328228
31363,0.09120817
31364,0.106513776
31365,0.577069
31366,0.44190168
31367,0.2569533
31368,1.0
31369,0.41850087
31370,0.4768134
31371,0.15754485
31372,0.027277254
31373,0.026076738
31374,0.06262828
31375,0.05632719
31376,0.021449964
31377,0.071030594
31378,0.451221
31379,0.12444353
31380,0.43717167
31381,0.044157553
31382,0.13113809
31383,0.1456126
31384,0.15223575
31385,0.26064417
31386,0.042190548
31387,0.021003788
31388,0.006129482
31389,0.047470324
31390,0.1436281
31391,0.9567705
31392,0.47052932
31393,0.63498384
31394,0.41183606
31395,0.38947982
31396,0.16113622
31397,0.24497306
31398,0.06374533
31399,0.028313246
31400,0.012616843
31401,0.015855648
31402,0.05151222
31403,0.03266398
31404,0.14242159
31405,0.1334499
31406,0.107939765
31407,0.40262353
31408,0.021551251
31409,0.093162894
31410,0.4063045
31411,0.044361606
31412,0.11852222
31413,0.24704611
31414,0.044810254
31415,0.0062249727
31416,0.23469175
31417,0.26001817
31418,0.09514573
31419,0.13856432
31420,0.105611056
31421,0.09909636
31422,0.048415955
31423,0.12564369
31424,0.13107906
31425,0.007577354
31426,0.24336974
31427,0.009237013
31428,0.11772168
31429,0.036353484
31430,0.0327652
31431,0.11631402
31432,0.038192097
31433,0.061116096
31434,0.06337925
31435,0.1880067
31436,0.4358813
31437,0.5403571
31438,0.1332561
31439,0.010438281
31440,0.017896077
31441,0.077198714
31442,0.08747544
31443,0.1598049
31444,0.014145655
31445,0.032828253
31446,0.018469714
31447,0.028774545
31448,0.018895103
31449,0.008433143
31450,0.023013867
31451,0.07872158
31452,0.091796406
31453,0.4419421
31454,0.021135785
31455,0.022942305
31456,0.05590341
31457,0.0693475
31458,0.11403109
31459,0.41464004
31460,0.1395825
31461,0.013317365
31462,0.16184439
31463,0.040491503
31464,0.019532464
31465,0.09157124
31466,0.14397624
31467,0.045090962
31468,0.016421441
31469,0.01057452
31470,0.19444719
31471,0.032080874
31472,0.012300673
31473,0.013377509
31474,0.028552905
31475,0.1292335
31476,0.06721967
31477,0.04862639
31478,0.017496448
31479,0.031971935
31480,0.05997184
31481,0.28607598
31482,0.02863633
31483,0.023268946
31484,0.03410088
31485,0.050447408
31486,0.07363936
31487,0.2708441
31488,0.07579027
31489,0.17842472
31490,0.0973344
31491,0.03160616
31492,0.0138089
31493,0.050194263
31494,0.06807746
31495,0.040919214
31496,0.2694079
31497,0.016656965
31498,0.24432737
31499,0.015807137
31500,0.08851367
31501,0.052294932
31502,0.2928979
31503,0.5329238
31504,0.24083075
31505,0.08718535
31506,0.11271969
31507,0.05570807
31508,0.06793939
31509,0.11784251
31510,0.107197575
31511,0.105708465
31512,0.97953546
31513,0.019955633
31514,0.087913
31515,0.017626269
31516,0.0983554
31517,0.087603375
31518,0.020390185
31519,0.041468125
31520,0.11637438
31521,0.5003332
31522,0.083991416
31523,0.2352861
31524,0.021665253
31525,0.07649602
31526,0.02222372
31527,0.08618618
31528,0.030994514
31529,0.027835747
31530,0.058625437
31531,0.06738737
31532,0.022108948
31533,0.06796655
31534,0.0144106485
31535,0.14749715
31536,0.031072026
31537,0.057556886
31538,0.015514192
31539,0.035211213
31540,0.09473061
31541,0.103290245
31542,0.02280903
31543,0.056948517
31544,1.0
31545,0.06917637
31546,0.12843388
31547,0.055975664
31548,0.03841791
31549,0.04140169
31550,0.044944774
31551,0.018527554
31552,0.4357208
31553,0.024316859
31554,0.0
31555,0.0
31556,0.010231234
31557,0.009980061
31558,0.05523456
31559,0.1361449
31560,0.02378998
31561,0.11249345
31562,0.045650247
31563,0.022963507
31564,0.05343467
31565,0.45653275
31566,0.020049777
31567,0.029571978
31568,0.021031974
31569,0.045373883
31570,0.28192475
31571,0.08130302
31572,0.01143729
31573,0.015118406
31574,0.086644106
31575,0.1695259
31576,0.22204363
31577,0.100377925
31578,0.09199096
31579,0.050679684
31580,0.018933224
31581,0.07228334
31582,0.26690385
31583,0.23801406
31584,0.005647793
31585,0.025239406
31586,0.020425797
31587,0.01138653
31588,0.017074864
31589,0.009023075
31590,0.019215979
31591,0.033257555
31592,0.07216093
31593,0.06377324
31594,0.13291015
31595,0.010755662
31596,0.009648673
31597,0.14614843
31598,0.007867184
31599,0.288429
31600,0.023980087
31601,0.010326337
31602,0.007423924
31603,0.022215033
31604,0.019630896
31605,0.016408367
31606,0.033162057
31607,0.009316268
31608,0.0964299
31609,0.030944934
31610,0.054533534
31611,0.014886866
31612,0.056468807
31613,0.012280971
31614,0.00885443
31615,0.11810551
31616,0.025871996
31617,0.031642508
31618,0.0020176556
31619,0.031287745
31620,0.11928964
31621,0.016319323
31622,0.010667925
31623,0.41219684
31624,0.060492598
31625,0.074524485
31626,0.081894115
31627,0.05623997
31628,0.024800166
31629,0.009072393
31630,0.13100326
31631,0.014375968
31632,0.11890197
31633,0.010779769
31634,0.16682008
31635,0.037544753
31636,0.04148977
31637,0.039289255
31638,0.027196094
31639,0.021098694
31640,0.015950443
31641,0.026650377
31642,0.007666227
31643,0.008057643
31644,0.006119598
31645,0.006432368
31646,0.09618015
31647,0.08589403
31648,0.034676485
31649,0.1806203
31650,0.017675871
31651,0.008849388
31652,0.013809915
31653,0.058251753
31654,0.0109385345
31655,0.0261389
31656,0.026547575
31657,0.16334128
31658,0.2545609
31659,0.011046221
31660,0.1235357
31661,0.018439928
31662,0.08134764
31663,0.045771483
31664,0.04349719
31665,0.058117762
31666,0.04940769
31667,0.07547015
31668,0.03455584
31669,0.03052251
31670,0.03399335
31671,0.049839053
31672,0.050676495
31673,0.093581945
31674,0.04143859
31675,0.39899856
31676,0.05009636
31677,0.202693
31678,0.39751422
31679,0.45378092
31680,0.02345548
31681,0.038992092
31682,0.2720503
31683,0.05463336
31684,0.39699957
31685,0.054829303
31686,0.2553923
31687,0.056097753
31688,0.025072029
31689,0.23928559
31690,0.017643772
31691,0.27862456
31692,0.7520854
31693,0.24965867
31694,0.040882938
31695,0.043817952
31696,0.12261532
31697,0.071426146
31698,0.028468149
31699,0.047006536
31700,0.058524877
31701,0.07841338
31702,0.2698779
31703,0.5556649
31704,0.51551276
31705,0.047057744
31706,0.056401312
31707,0.11138222
31708,0.2696275
31709,0.061196323
31710,0.037539218
31711,0.071740724
31712,0.109970994
31713,0.4455254
31714,0.14123853
31715,0.25841677
31716,0.57980675
31717,0.10132253
31718,0.020895336
31719,0.51988864
31720,0.023411833
31721,0.06886635
31722,0.2692129
31723,0.07332129
31724,0.0614093
31725,0.035444375
31726,0.068870954
31727,0.02665974
31728,0.19032447
31729,0.11673073
31730,0.09816734
31731,0.031714328
31732,0.037331626
31733,0.06847678
31734,0.27363822
31735,0.059566867
31736,0.007063321
31737,0.036536403
31738,0.07230178
31739,0.06630693
31740,0.10255771
31741,0.034587633
31742,0.04331339
31743,0.03254652
31744,0.022866158
31745,0.2788749
31746,0.06173104
31747,0.39656535
31748,0.012624772
31749,0.04327092
31750,0.051147625
31751,0.016047552
31752,0.0067876424
31753,0.4451871
31754,0.12079754
31755,0.075919986
31756,0.4275426
31757,0.46296284
31758,0.008393967
31759,0.095111825
31760,0.06127474
31761,0.018581096
31762,0.02340435
31763,0.0342156
31764,0.07862473
31765,0.07332715
31766,0.07860101
31767,0.3908461
31768,0.42982447
31769,0.14490871
31770,0.06403188
31771,0.008519152
31772,0.036777206
31773,0.029953837
31774,0.033819053
31775,0.3850823
31776,0.009095762
31777,0.04135743
31778,0.00727039
31779,0.06456424
31780,0.04114148
31781,0.2558566
31782,0.4557172
31783,0.119259
31784,0.028994827
31785,0.06068488
31786,0.07505812
31787,0.02882398
31788,0.008755067
31789,0.14168641
31790,0.25761297
31791,0.09831999
31792,0.07840936
31793,0.058144007
31794,0.0037324454
31795,0.031509187
31796,0.03488895
31797,0.032133553
31798,0.029055176
31799,0.12959825
31800,0.06640208
31801,0.23210688
31802,0.019850368
31803,0.058723435
31804,0.030749734
31805,0.020189838
31806,0.02279222
31807,0.02145536
31808,0.049359687
31809,0.0035116805
31810,0.028532792
31811,0.06934966
31812,0.5078272
31813,0.43976018
31814,0.04346269
31815,0.047092047
31816,0.049448587
31817,0.10865205
31818,0.07177062
31819,0.014378959
31820,0.05519973
31821,0.009342058
31822,0.02367565
31823,0.24220443
31824,0.024033908
31825,0.028770039
31826,0.031187031
31827,0.07985687
31828,0.0737193
31829,0.4104242
31830,0.26370546
31831,0.24888784
31832,0.060992654
31833,0.042445317
31834,0.022265794
31835,0.05634115
31836,0.044969093
31837,0.4124075
31838,0.057375908
31839,0.5933463
31840,0.12311893
31841,0.010681545
31842,0.129832
31843,0.058298074
31844,0.057109192
31845,0.013978523
31846,0.007408089
31847,0.049963713
31848,0.021044344
31849,0.019303218
31850,0.08771126
31851,0.049161036
31852,0.09960528
31853,0.06429935
31854,0.12237574
31855,0.26037365
31856,0.4799998
31857,0.07973518
31858,0.035464417
31859,0.08346359
31860,0.016216654
31861,0.045851808
31862,0.09831252
31863,0.089623414
31864,0.1349718
31865,0.051621187
31866,0.106733985
31867,0.04556999
31868,0.06342971
31869,0.037505332
31870,0.015712958
31871,0.15619166
31872,0.005470277
31873,0.025583193
31874,0.072558045
31875,0.02370683
31876,0.0043403744
31877,0.012062393
31878,0.025626574
31879,0.035019733
31880,0.06747781
31881,0.085607246
31882,0.12730822
31883,0.10178107
31884,0.43266588
31885,0.40024382
31886,0.25778717
31887,0.01994183
31888,0.097580306
31889,0.007165201
31890,0.0536071
31891,0.047113396
31892,0.105474554
31893,0.024169002
31894,0.08457171
31895,0.052333456
31896,0.018990899
31897,0.053088352
31898,0.07745166
31899,0.030242031
31900,0.05675553
31901,0.0007870134
31902,0.015181022
31903,0.024080409
31904,0.011960162
31905,0.09576615
31906,0.01206095
31907,0.04331261
31908,0.12197428
31909,0.06731046
31910,0.1447648
31911,0.41460568
31912,0.12336247
31913,0.12885958
31914,0.081264816
31915,0.10587806
31916,0.08505669
31917,0.09017079
31918,0.058046743
31919,0.033291228
31920,0.29645342
31921,0.08328183
31922,0.081093915
31923,0.06430391
31924,0.06136399
31925,0.019838946
31926,0.013960385
31927,0.021665253
31928,0.048963837
31929,0.31745693
31930,0.074783176
31931,0.04765978
31932,0.10741291
31933,0.7496671
31934,0.103386655
31935,0.027066402
31936,0.24913038
31937,0.080399744
31938,0.16459396
31939,0.2977376
31940,0.078184485
31941,0.026985103
31942,0.05752103
31943,0.09280331
31944,0.115116
31945,0.15768412
31946,0.04670939
31947,0.13833085
31948,0.07646147
31949,0.0004894741
31950,0.07048174
31951,0.010856096
31952,0.0164108
31953,0.02209918
31954,0.06951308
31955,0.07837686
31956,0.02401638
31957,0.12119113
31958,0.15260378
31959,0.25792122
31960,0.09970568
31961,0.038568202
31962,0.114345096
31963,0.24068408
31964,0.25674257
31965,0.06543715
31966,0.06247714
31967,0.027886316
31968,0.08750216
31969,0.5114306
31970,0.035959966
31971,0.13685793
31972,0.411648
31973,0.23532337
31974,0.011093865
31975,0.008662089
31976,0.011368503
31977,0.04653595
31978,0.05132457
31979,0.461277
31980,0.4394429
31981,0.1026098
31982,0.115350455
31983,0.22397493
31984,0.22281776
31985,0.1487176
31986,0.17607233
31987,0.39836806
31988,0.08611675
31989,0.058822595
31990,0.11392854
31991,0.07486551
31992,0.2577413
31993,0.9045967
31994,0.0
31995,0.055698607
31996,0.4273252
31997,0.011305953
31998,0.053267356
31999,0.26630643
32000,0.0072708
32001,0.013574393
32002,0.04519058
32003,0.07545823
32004,0.021178175
32005,0.050988395
32006,0.0
32007,0.46291178
32008,0.056757793
32009,0.0962194
32010,0.40453026
32011,0.1349381
32012,0.1928166
32013,0.39373735
32014,0.40741134
32015,0.19908585
32016,0.13731304
32017,0.12642962
32018,0.98320794
32019,0.4175874
32020,0.44555748
32021,0.0010967031
32022,0.024589555
32023,0.22777876
32024,0.011842771
32025,0.0798578
32026,0.025944568
32027,0.0033779049
32028,0.063164964
32029,0.013305359
32030,0.04278785
32031,0.079067685
32032,0.112542294
32033,0.099569574
32034,0.118533835
32035,0.104697675
32036,0.24615407
32037,0.25590605
32038,0.11434954
32039,0.28206176
32040,0.024323229
32041,0.064569004
32042,0.98525083
32043,0.96622574
32044,0.615654
32045,0.0031848035
32046,0.011016179
32047,0.12577675
32048,0.42397404
32049,0.08770386
32050,0.05790824
32051,0.022387408
32052,0.045393977
32053,0.06059993
32054,0.060143754
32055,0.00978801
32056,0.4524354
32057,0.017979655
32058,0.03894246
32059,0.11498201
32060,0.10097077
32061,0.065266356
32062,0.055949286
32063,0.40905148
32064,0.2056343
32065,0.021290163
32066,0.23184882
32067,0.11171969
32068,0.11651616
32069,0.99472326
32070,0.8678288
32071,0.54885674
32072,0.08165877
32073,0.027125405
32074,0.0062397905
32075,0.44054973
32076,0.09816232
32077,0.28569412
32078,0.05236474
32079,0.13596638
32080,0.017410552
32081,0.11922194
32082,0.11092605
32083,0.12714775
32084,0.15212402
32085,0.55966985
32086,0.45151317
32087,0.24510449
32088,0.13174184
32089,0.08840557
32090,0.060425255
32091,0.118265055
32092,0.057742942
32093,0.037456837
32094,0.21921067
32095,0.13919401
32096,0.063946925
32097,0.11583738
32098,0.015251713
32099,0.92357045
32100,0.97799695
32101,0.9580376
32102,0.09869462
32103,0.0627083
32104,0.24547693
32105,0.44185483
32106,0.024941068
32107,0.013491318
32108,0.01250534
32109,0.03556164
32110,0.10416726
32111,0.060989935
32112,0.47680172
32113,1.0
32114,0.071739025
32115,0.12314669
32116,0.10648462
32117,0.13420354
32118,0.08219683
32119,0.24566226
32120,0.26516217
32121,0.041930523
32122,0.09269105
32123,0.1071326
32124,0.12130738
32125,0.04613902
32126,0.032789595
32127,0.45659715
32128,0.434661
32129,0.22167031
32130,0.08463001
32131,0.030438103
32132,0.11654262
32133,0.008782095
32134,0.08370275
32135,0.2889189
32136,0.026406053
32137,0.051198293
32138,0.0365205
32139,0.017578956
32140,0.01653198
32141,0.055348407
32142,0.052838296
32143,0.4798496
32144,0.75378823
32145,0.26789376
32146,0.17007777
32147,0.11402636
32148,0.15373412
32149,0.1542601
32150,0.5184125
32151,0.08213525
32152,0.032298792
32153,0.038404703
32154,0.025213672
32155,0.15138622
32156,0.1709518
32157,0.16380447
32158,0.43855053
32159,0.43730402
32160,0.15468554
32161,1.0
32162,0.1387331
32163,0.010322615
32164,0.25120127
32165,0.18241076
32166,0.02412322
32167,0.054985687
32168,0.45430407
32169,0.049343873
32170,0.030691471
32171,0.044875585
32172,0.054643482
32173,0.11729936
32174,0.46611872
32175,0.38355124
32176,0.5553524
32177,0.44483984
32178,0.14883918
32179,0.16401564
32180,0.39833122
32181,0.019274637
32182,0.16830476
32183,0.07885884
32184,0.057883594
32185,0.5345414
32186,0.25456995
32187,0.05996816
32188,0.51004773
32189,0.27338332
32190,0.10651681
32191,0.12979864
32192,0.12073417
32193,0.05678491
32194,0.0055301017
32195,0.026830558
32196,0.05543903
32197,0.09167088
32198,0.090618655
32199,0.112287395
32200,0.40194318
32201,0.7243697
32202,0.43594903
32203,0.44346467
32204,0.6018467
32205,0.11280417
32206,0.060343437
32207,0.07188986
32208,0.23777132
32209,0.4184214
32210,0.08023164
32211,0.029598357
32212,0.06968248
32213,0.14860629
32214,0.017673576
32215,0.0576715
32216,0.121429116
32217,0.028369013
32218,0.018509373
32219,0.017285822
32220,0.02908753
32221,0.07812294
32222,0.056316227
32223,0.08827544
32224,0.45377558
32225,0.24372631
32226,0.38402602
32227,0.8393974
32228,0.678614
32229,0.4000136
32230,0.23246625
32231,0.00055129797
32232,0.04743305
32233,0.029462554
32234,0.052967627
32235,0.13368227
32236,0.013460609
32237,0.032414623
32238,0.9790399
32239,0.06717668
32240,0.026284918
32241,0.08800034
32242,0.07084061
32243,0.1318266
32244,0.050838277
32245,0.04977631
32246,0.016795512
32247,0.050606564
32248,0.0309384
32249,0.0785844
32250,0.117343634
32251,0.6046604
32252,0.41925716
32253,0.24327506
32254,1.0
32255,0.42716786
32256,0.4581617
32257,0.15772933
32258,0.04726666
32259,0.028109811
32260,0.031052751
32261,0.052791804
32262,0.047303762
32263,0.03125979
32264,0.06925349
32265,0.4363102
32266,0.11691143
32267,0.40860304
32268,0.03753091
32269,0.12929049
32270,0.14247851
32271,0.15289007
32272,0.16336861
32273,0.051094804
32274,0.026250215
32275,0.043797508
32276,0.13700186
32277,0.9898461
32278,0.45750657
32279,0.67317903
32280,0.43326676
32281,0.4320271
32282,0.15457322
32283,0.24246226
32284,0.054407086
32285,0.023305112
32286,0.011456611
32287,0.053160466
32288,0.032009788
32289,0.1447936
32290,0.12702884
32291,0.12007181
32292,0.2782693
32293,0.030228917
32294,0.089505054
32295,0.3728792
32296,0.045173455
32297,0.12971702
32298,0.004732007
32299,0.007207906
32300,0.10857598
32301,0.49499443
32302,0.040824182
32303,0.23618971
32304,0.17033991
32305,0.091609836
32306,0.14016286
32307,0.10650507
32308,0.084143125
32309,0.04906789
32310,0.13344127
32311,0.13679296
32312,0.057837326
32313,0.012253302
32314,0.24312422
32315,0.014530909
32316,0.10306823
32317,0.049415495
32318,0.034199573
32319,0.12308363
32320,0.036699057
32321,0.060764022
32322,0.0070833866
32323,0.06916217
32324,0.18281509
32325,0.41520295
32326,0.5516255
32327,0.13617054
32328,0.016170617
32329,0.030057188
32330,0.07404402
32331,0.01754019
32332,0.07074758
32333,0.24996787
32334,0.012335855
32335,0.03939954
32336,0.020184245
32337,0.039359
32338,0.019352634
32339,0.024189435
32340,0.07520417
32341,0.08972546
32342,0.47945505
32343,0.01650323
32344,0.017979288
32345,0.054902107
32346,0.071739756
32347,0.11615083
32348,0.39343765
32349,0.13136458
32350,0.008552875
32351,0.23520829
32352,0.041368954
32353,0.083659075
32354,0.15304886
32355,0.057231992
32356,0.011203984
32357,0.020695776
32358,0.00937517
32359,0.27818847
32360,0.04959132
32361,0.00686465
32362,0.021659262
32363,0.027412888
32364,0.13048817
32365,0.06534324
32366,0.047127936
32367,0.017774733
32368,0.031253524
32369,0.064893
32370,0.28728613
32371,0.027846375
32372,0.016418718
32373,0.035723083
32374,0.049221646
32375,0.07017387
32376,0.25967723
32377,0.07732625
32378,0.2625716
32379,0.12178936
32380,0.028541958
32381,0.018957017
32382,0.05491075
32383,0.06442291
32384,0.02802561
32385,0.42708442
32386,0.022008056
32387,0.1712022
32388,0.015653525
32389,0.095911674
32390,0.053289417
32391,0.007396447
32392,0.29699886
32393,0.49908856
32394,0.24786986
32395,0.097079515
32396,0.096334085
32397,0.055223417
32398,0.062497474
32399,0.120615974
32400,0.101625234
32401,0.09904059
32402,0.9612574
32403,0.0169521
32404,0.09202241
32405,0.015434429
32406,0.10134493
32407,0.09231463
32408,0.019717367
32409,0.12688088
32410,0.46329245
32411,0.06473953
32412,0.25478402
32413,0.025483826
32414,0.090427846
32415,0.01811254
32416,0.086029656
32417,0.030334119
32418,0.0035959913
32419,0.023410106
32420,0.06374138
32421,0.075291716
32422,0.02433964
32423,0.017628452
32424,0.072420396
32425,0.1457173
32426,0.04069335
32427,0.052807387
32428,0.021481374
32429,0.03624988
32430,0.092985824
32431,0.10189264
32432,0.018492378
32433,0.023344044
32434,0.05277438
32435,1.0
32436,0.05597652
32437,0.12707502
32438,0.061968833
32439,0.047922786
32440,0.049292777
32441,0.04579988
32442,0.0125918295
32443,0.011701674
32444,0.4299257
32445,0.029311145
32446,0.015392732
32447,0.24906212
32448,0.022483965
32449,0.10900178
32450,0.050308727
32451,0.025468636
32452,0.052028563
32453,0.46253446
32454,0.019214103
32455,0.021377131
32456,0.022215439
32457,0.041043673
32458,0.005838856
32459,0.029164305
32460,0.3827824
32461,0.07762441
32462,0.013286155
32463,0.08757788
32464,0.16311225
32465,0.121428296
32466,0.09763643
32467,0.090534985
32468,0.034988396
32469,0.071130246
32470,0.015183632
32471,0.08681497
32472,0.26987535
32473,0.23402147
32474,0.024819113
32475,0.014705258
32476,0.009236417
32477,0.012674477
32478,0.0058843517
32479,0.029404458
32480,0.070698746
32481,0.06209137
32482,0.12206013
32483,0.007472688
32484,0.13715288
32485,0.011179749
32486,0.2790675
32487,0.007718677
32488,0.019291034
32489,0.007223291
32490,0.022540303
32491,0.008033112
32492,0.01708065
32493,0.018313106
32494,0.004979943
32495,0.016148714
32496,0.03385232
32497,0.009546187
32498,0.030963287
32499,0.05612772
32500,0.014904305
32501,0.059547987
32502,0.0044628237
32503,0.0033053637
32504,0.1298769
32505,0.028618228
32506,0.03860374
32507,0.030759528
32508,0.029062044
32509,0.109149314
32510,0.014911418
32511,0.012056327
32512,0.0075174086
32513,0.31004417
32514,0.06664
32515,0.08783556
32516,0.10149397
32517,0.010707718
32518,0.076169156
32519,0.025430104
32520,0.009273126
32521,0.13031799
32522,0.011778386
32523,0.10950947
32524,0.16942936
32525,0.028602803
32526,0.03272708
32527,0.038260467
32528,0.026537307
32529,0.01873498
32530,0.003914436
32531,0.0
32532,0.009955532
32533,0.0031129546
32534,0.009936825
32535,0.035425864
32536,0.0068986355
32537,0.0029683749
32538,0.008864467
32539,0.11119292
32540,0.078660995
32541,0.0030314
32542,0.18880561
32543,0.018430436
32544,0.013197567
32545,0.01368828
32546,0.049128003
32547,0.01677127
32548,0.026359767
32549,0.03549288
32550,0.015141441
32551,0.011429804
32552,0.035643417
32553,0.2640981
32554,0.26744562
32555,0.12751317
32556,0.008476434
32557,0.01582981
32558,0.0032524103
32559,0.04369138
32560,0.022154473
32561,0.039569136
32562,0.031219961
32563,0.041160047
32564,0.014094435
32565,0.06410887
32566,0.029864572
32567,0.04065643
32568,0.05686772
32569,0.056157786
32570,0.09740503
32571,0.047087606
32572,0.044931196
32573,0.035456847
32574,0.35202375
32575,0.05011202
32576,0.060195725
32577,0.023507658
32578,0.26036587
32579,0.40880322
32580,0.022205664
32581,0.041533835
32582,0.28692847
32583,0.07396306
32584,0.39770705
32585,0.07213982
32586,0.40384123
32587,0.108931765
32588,0.15087166
32589,0.8087216
32590,0.13739227
32591,0.053297773
32592,0.051126163
32593,0.29506773
32594,0.08242404
32595,0.032868806
32596,0.04490023
32597,0.022401776
32598,0.02641981
32599,0.09829613
32600,0.26162618
32601,0.6267791
32602,0.575911
32603,0.051558856
32604,0.08180687
32605,0.14112279
32606,0.14831054
32607,0.062370803
32608,0.042520616
32609,0.08625955
32610,0.0990418
32611,0.031004582
32612,0.44023365
32613,0.12363245
32614,0.25431848
32615,0.6063418
32616,0.1065178
32617,0.015198761
32618,0.49974138
32619,0.07771963
32620,0.28236666
32621,0.06177257
32622,0.060279567
32623,0.037372526
32624,0.08252938
32625,0.10131987
32626,0.23110251
32627,0.26092497
32628,0.030649755
32629,0.041081592
32630,0.08218061
32631,0.27886647
32632,0.058920253
32633,0.040255174
32634,0.070261076
32635,0.069642864
32636,0.10311482
32637,0.033484336
32638,0.043596894
32639,0.00079301745
32640,0.043414265
32641,0.05439757
32642,0.25275642
32643,0.06450472
32644,0.38846952
32645,0.04556199
32646,0.04995494
32647,0.026738562
32648,0.014204319
32649,0.4715932
32650,0.12526008
32651,0.08039128
32652,0.4549075
32653,0.49852931
32654,0.101507336
32655,0.06563563
32656,0.022402434
32657,0.016234504
32658,0.031286404
32659,0.07702462
32660,0.20364173
32661,0.2864441
32662,0.46169806
32663,0.15034603
32664,0.057790525
32665,0.031660255
32666,0.026796645
32667,0.03736073
32668,0.27659404
32669,0.017751575
32670,0.041380215
32671,0.008108448
32672,0.015540448
32673,0.07285155
32674,0.044667017
32675,0.020410815
32676,0.25664276
32677,0.51608455
32678,0.11937206
32679,0.027752053
32680,0.06372834
32681,0.06944312
32682,0.031595692
32683,0.14011951
32684,0.1743028
32685,0.094210364
32686,0.09265082
32687,0.06826485
32688,0.03638474
32689,0.03459482
32690,0.03633456
32691,0.10891909
32692,0.071096346
32693,0.23562403
32694,0.021344317
32695,0.06573656
32696,0.033612013
32697,0.02251313
32698,0.017152958
32699,0.024078038
32700,0.050706733
32701,0.02485646
32702,0.08262653
32703,0.5049301
32704,0.43464458
32705,0.049351104
32706,0.0423142
32707,0.11200588
32708,0.069588125
32709,0.013353728
32710,0.06480115
32711,0.010306913
32712,0.023952104
32713,0.24952377
32714,0.029118367
32715,0.023482278
32716,0.0340615
32717,0.07114195
32718,0.077217065
32719,0.39175364
32720,0.4326872
32721,0.4359517
32722,0.07385808
32723,0.04703331
32724,0.016377345
32725,0.051390957
32726,0.043865032
32727,0.26034328
32728,0.057367552
32729,0.54929984
32730,0.11847246
32731,0.020731457
32732,0.11765463
32733,0.055144295
32734,0.058343798
32735,0.016904281
32736,0.0054792706
32737,0.055607338
32738,0.020601632
32739,0.020793945
32740,0.09177274
32741,0.039792024
32742,0.19157341
32743,0.06769397
32744,0.12539406
32745,0.24404415
32746,0.52000016
32747,0.083490744
32748,0.031580094
32749,0.08714852
32750,0.015520898
32751,0.041421395
32752,0.025172746
32753,0.009571575
32754,0.09613408
32755,0.073007226
32756,0.12881543
32757,0.054510377
32758,0.11037397
32759,0.04781727
32760,0.062257223
32761,0.03376731
32762,0.015995625
32763,0.15270948
32764,0.06541981
32765,0.028111504
32766,0.0018565871
32767,0.022621097
32768,0.036218643
32769,0.07246536
32770,0.08462462
32771,0.11934003
32772,0.11008404
32773,0.45285746
32774,0.2428937
32775,0.2585542
32776,0.017479872
32777,0.09690684
32778,0.057367925
32779,0.045738664
32780,0.102795385
32781,0.07255907
32782,0.047113217
32783,0.021080028
32784,0.052076038
32785,0.07827618
32786,0.028990809
32787,0.055156942
32788,0.0017423286
32789,0.100073464
32790,0.014113167
32791,0.04721132
32792,0.13295081
32793,0.066215485
32794,0.13389279
32795,0.3867967
32796,0.11896917
32797,0.22929819
32798,0.07547234
32799,0.09622238
32800,0.07484706
32801,0.084568866
32802,0.058476377
32803,0.009229956
32804,0.030235091
32805,0.27357697
32806,0.09127805
32807,0.07383177
32808,0.060028
32809,0.06764046
32810,0.023007262
32811,0.013172364
32812,0.019400854
32813,0.046804707
32814,0.48169115
32815,0.07011144
32816,0.045917723
32817,0.10346097
32818,0.76868373
32819,0.108526476
32820,0.023679819
32821,0.2163334
32822,0.074565314
32823,0.16511397
32824,0.28506547
32825,0.072819166
32826,0.023121769
32827,0.05932577
32828,0.08575254
32829,0.121363536
32830,0.24821904
32831,0.050218914
32832,0.2346672
32833,0.07642554
32834,0.0013456211
32835,0.06820828
32836,0.022543646
32837,0.07408135
32838,0.07902211
32839,0.022059275
32840,0.12493476
32841,0.1501129
32842,0.24393712
32843,0.09998942
32844,0.03316543
32845,0.10468312
32846,0.1638924
32847,0.25411075
32848,0.064310506
32849,0.011932638
32850,0.059577957
32851,0.02456967
32852,0.091527775
32853,0.526534
32854,0.03058307
32855,0.13425124
32856,0.40086755
32857,0.23366545
32858,0.011834017
32859,0.015012021
32860,0.0108677335
32861,0.04753736
32862,0.057590604
32863,0.4144796
32864,0.43936375
32865,0.1000705
32866,0.108743876
32867,0.1510982
32868,0.14296032
32869,0.13896176
32870,0.1830815
32871,0.38529322
32872,0.088149145
32873,0.06618324
32874,0.1251559
32875,0.0694366
32876,0.22022077
32877,0.9227094
32878,0.056871448
32879,0.40143362
32880,0.013736457
32881,0.049585205
32882,0.2653794
32883,0.012267396
32884,0.050254233
32885,0.089417264
32886,0.017895471
32887,0.053686894
32888,0.4801194
32889,0.055186242
32890,0.09474348
32891,0.4226503
32892,0.13108987
32893,0.19848292
32894,0.41190934
32895,0.24958298
32896,0.030256752
32897,0.18811807
32898,0.13688618
32899,0.13242903
32900,0.9926881
32901,0.45274934
32902,0.44821766
32903,0.02098477
32904,0.22948048
32905,0.08416778
32906,0.02821996
32907,0.017202089
32908,0.009777429
32909,0.010575369
32910,0.060070727
32911,0.013115349
32912,0.039115787
32913,0.07310655
32914,0.11351873
32915,0.09492812
32916,0.112561144
32917,0.10456233
32918,0.25651202
32919,0.25024283
32920,0.030947797
32921,0.11168453
32922,0.28424498
32923,0.02370939
32924,0.08200294
32925,1.0
32926,0.9788747
32927,0.6226911
32928,0.0033846349
32929,0.013812567
32930,0.11927854
32931,0.4633564
32932,0.095173866
32933,0.057810508
32934,0.049497012
32935,0.06288756
32936,0.058994498
32937,0.016088808
32938,0.4510697
32939,0.018716501
32940,0.035164982
32941,0.12756757
32942,0.108939685
32943,0.06643065
32944,0.05543234
32945,0.41129798
32946,0.19522211
32947,0.019179357
32948,0.13359606
32949,0.10912165
32950,0.11396065
32951,0.96775776
32952,0.8340416
32953,0.5400254
32954,0.009531454
32955,0.014155249
32956,0.09129912
32957,0.02673227
32958,0.4605419
32959,0.10920321
32960,0.28325114
32961,0.04300887
32962,0.1276358
32963,0.017548218
32964,0.122750595
32965,0.10890033
32966,0.22816959
32967,0.16045463
32968,0.583604
32969,0.51648104
32970,0.2167541
32971,0.14446285
32972,0.091263555
32973,0.075331606
32974,0.117292024
32975,0.05887694
32976,0.032744013
32977,0.12462369
32978,0.13855173
32979,0.05904295
32980,0.12273365
32981,0.024494587
32982,0.9778566
32983,0.9926794
32984,0.96676296
32985,0.09658617
32986,0.057395756
32987,0.2419788
32988,0.43488526
32989,0.029678417
32990,0.012955359
32991,0.011455018
32992,0.044472717
32993,0.09366152
32994,0.055227958
32995,0.45654038
32996,1.0
32997,0.07463689
32998,0.115426764
32999,0.09966496
33000,0.13350756
33001,0.08468578
33002,0.23486838
33003,0.27479842
33004,0.0848829
33005,0.11514123
33006,0.11889729
33007,0.056637164
33008,0.033054072
33009,0.46597862
33010,0.41727132
33011,0.23007001
33012,0.08495182
33013,0.03743819
33014,0.11809383
33015,0.08408629
33016,0.18849447
33017,0.034553237
33018,0.050863966
33019,0.03807772
33020,0.01344752
33021,0.05266014
33022,0.053412903
33023,0.5015266
33024,0.8326639
33025,0.27036688
33026,0.15915838
33027,0.11364526
33028,0.15169933
33029,0.14817992
33030,0.5168018
33031,0.08149252
33032,0.031391
33033,0.03539744
33034,0.0238496
33035,0.15095556
33036,0.14986949
33037,0.15781544
33038,0.4583707
33039,0.24621601
33040,0.13164546
33041,1.0
33042,0.25102884
33043,0.24675967
33044,0.24703446
33045,0.024449972
33046,0.05751772
33047,0.47481662
33048,0.053699084
33049,0.026976045
33050,0.04302232
33051,0.053685784
33052,0.12186382
33053,0.4259918
33054,0.40509287
33055,0.286682
33056,0.4400062
33057,0.15242592
33058,0.15793015
33059,0.38702038
33060,0.019452758
33061,0.15090786
33062,0.07577577
33063,0.05991934
33064,0.46380585
33065,0.2423333
33066,0.055255394
33067,0.5177245
33068,0.38463926
33069,0.11205281
33070,0.13728818
33071,0.111398734
33072,0.012687456
33073,0.009621995
33074,0.026582418
33075,0.052012898
33076,0.084476784
33077,0.10003777
33078,0.11611993
33079,0.4429302
33080,0.7224237
33081,0.43576226
33082,0.2783678
33083,0.6238084
33084,0.1156157
33085,0.06493855
33086,0.062103838
33087,0.15040602
33088,0.43912733
33089,0.08337235
33090,0.021331908
33091,0.07132819
33092,0.1420459
33093,0.018986328
33094,0.061032817
33095,0.10540428
33096,0.024226923
33097,0.021700012
33098,0.0814355
33099,0.06268126
33100,0.08781229
33101,0.4167661
33102,0.23857218
33103,0.3827399
33104,0.8537235
33105,0.6957176
33106,0.26576656
33107,0.2215704
33108,0.042364277
33109,0.015325908
33110,0.053676214
33111,0.12457444
33112,0.03740632
33113,0.97967196
33114,0.06701741
33115,0.021462359
33116,0.08213767
33117,0.075841315
33118,0.14377227
33119,0.056561332
33120,0.050556116
33121,0.017420271
33122,0.05309507
33123,0.012115815
33124,0.009677779
33125,0.028236736
33126,0.08935361
33127,0.10466513
33128,0.61436784
33129,0.41283303
33130,0.38918722
33131,1.0
33132,0.47285965
33133,0.45683947
33134,0.16028993
33135,0.037467074
33136,0.028769778
33137,0.032226935
33138,0.057242427
33139,0.06820525
33140,0.032356363
33141,0.08306524
33142,0.42340374
33143,0.11789386
33144,0.42550188
33145,0.043448504
33146,0.123051085
33147,0.1475069
33148,0.15496588
33149,0.2635398
33150,0.055307478
33151,0.024421012
33152,0.040525086
33153,0.16271247
33154,0.98331875
33155,0.38667533
33156,0.66350543
33157,0.39844486
33158,0.25742063
33159,0.1603976
33160,0.2528266
33161,0.044932887
33162,0.025490114
33163,0.05473021
33164,0.03406988
33165,0.13348198
33166,0.13011038
33167,0.11271233
33168,0.2885863
33169,0.03311936
33170,0.088976406
33171,0.27307147
33172,0.04979263
33173,0.010010261
33174,0.10717219
33175,0.38222384
33176,0.04000114
33177,0.36251375
33178,0.16453455
33179,0.09217533
33180,0.14272286
33181,0.11812052
33182,0.083611846
33183,0.049309123
33184,0.13147298
33185,0.13781579
33186,0.050399877
33187,0.021405993
33188,0.13230607
33189,0.013249277
33190,0.11587293
33191,0.041128837
33192,0.033512063
33193,0.1284442
33194,0.037605908
33195,0.060456928
33196,0.06680889
33197,0.1852095
33198,0.4011984
33199,0.5309814
33200,0.13466634
33201,0.019166814
33202,0.018777953
33203,0.033998977
33204,0.070877485
33205,0.07506509
33206,0.14962807
33207,0.014612575
33208,0.047441147
33209,0.043229617
33210,0.022669848
33211,0.024352541
33212,0.004828034
33213,0.077595085
33214,0.086687796
33215,0.3984389
33216,0.01487877
33217,0.019621031
33218,0.05784441
33219,0.06645335
33220,0.10471115
33221,0.41376954
33222,0.13419141
33223,0.010943904
33224,0.008053532
33225,0.23450634
33226,0.011158143
33227,0.04134994
33228,0.018735245
33229,0.08646439
33230,0.13910972
33231,0.052385345
33232,0.025071261
33233,0.014067241
33234,0.29158697
33235,0.045990128
33236,0.016818998
33237,0.025955254
33238,0.13321482
33239,0.05914684
33240,0.050738312
33241,0.013626109
33242,0.02936769
33243,0.06426154
33244,0.3646848
33245,0.031470213
33246,0.020768926
33247,0.03236512
33248,0.048999965
33249,0.06828302
33250,0.16332197
33251,0.0846433
33252,0.43195668
33253,0.10935736
33254,0.032254577
33255,0.022747096
33256,0.06726393
33257,0.07018215
33258,0.03520946
33259,0.42643148
33260,0.013394589
33261,0.15903106
33262,0.0133361695
33263,0.093214996
33264,0.05177427
33265,0.4262787
33266,0.517572
33267,0.24231774
33268,0.103592046
33269,0.011050043
33270,0.10385011
33271,0.049643423
33272,0.0627841
33273,0.12699606
33274,0.09676274
33275,0.10852887
33276,0.99141204
33277,0.023504226
33278,0.0853589
33279,0.089504465
33280,0.09955296
33281,0.01825508
33282,0.14877382
33283,0.45665297
33284,0.08035466
33285,0.24825466
33286,0.026564896
33287,0.01862985
33288,0.08861059
33289,0.020730358
33290,0.08477443
33291,0.029187778
33292,0.024082003
33293,0.058602225
33294,0.06885199
33295,0.025767138
33296,0.06606281
33297,0.13816349
33298,0.043147925
33299,0.05407129
33300,0.012790812
33301,0.033055503
33302,0.10250361
33303,0.09754651
33304,0.028017651
33305,0.027751453
33306,0.066840656
33307,0.982142
33308,0.05789941
33309,0.15440075
33310,0.061268512
33311,0.044089917
33312,0.041841075
33313,0.0470579
33314,0.0111977365
33315,0.014394698
33316,0.41558042
33317,0.025044065
33318,0.0
33319,0.0047686743
33320,0.06023328
33321,0.24080089
33322,0.021222247
33323,0.13102919
33324,0.049678873
33325,0.030721769
33326,0.006017818
33327,0.46027574
33328,0.02208514
33329,0.023392046
33330,0.0055583194
33331,0.018876275
33332,0.03637315
33333,0.0075551863
33334,0.032108318
33335,0.16146576
33336,0.07424578
33337,0.010753601
33338,0.086301595
33339,0.16332601
33340,0.1325635
33341,0.1095391
33342,0.0828246
33343,0.02881716
33344,0.06349037
33345,0.020624725
33346,0.082678884
33347,0.1617243
33348,0.15255316
33349,0.0032894409
33350,0.004010767
33351,0.028269842
33352,0.019917713
33353,0.0069878316
33354,0.030684896
33355,0.077395685
33356,0.07449477
33357,0.1236193
33358,0.14968738
33359,0.43003404
33360,0.00961795
33361,0.005420614
33362,0.02054667
33363,0.008832933
33364,0.022424962
33365,0.013403976
33366,0.031746544
33367,0.01118622
33368,0.10075581
33369,0.032461397
33370,0.060311276
33371,0.014125068
33372,0.015885841
33373,0.06755474
33374,0.0154334735
33375,0.011597314
33376,0.004527777
33377,0.14471036
33378,0.026192738
33379,0.043381996
33380,0.030260768
33381,0.014132412
33382,0.11725048
33383,0.015392553
33384,0.0066171098
33385,0.01878654
33386,0.40497994
33387,0.07875636
33388,0.075701766
33389,0.10294137
33390,0.016420681
33391,0.068916
33392,0.0225432
33393,0.011129081
33394,0.12440808
33395,0.012562205
33396,0.12745759
33397,0.16138469
33398,0.043613426
33399,0.033155832
33400,0.02510135
33401,0.013497275
33402,0.0018730143
33403,0.0061637517
33404,0.034945257
33405,0.0054451213
33406,0.011644403
33407,0.009785188
33408,0.1187545
33409,0.09281888
33410,0.29961875
33411,0.014445116
33412,0.02313342
33413,0.01951621
33414,0.0015281085
33415,0.04830833
33416,0.017305302
33417,0.024124019
33418,0.0441598
33419,0.011103432
33420,0.037572626
33421,0.2781913
33422,0.27384678
33423,0.02224147
33424,0.1419398
33425,0.019123845
33426,0.015435583
33427,0.011802365
33428,0.0038781432
33429,0.03397377
33430,0.04876507
33431,0.020044697
33432,0.039960414
33433,0.048035588
33434,0.04568777
33435,0.04713659
33436,0.050366808
33437,0.06809269
33438,0.04853428
33439,0.03635263
33440,0.3753448
33441,0.039051056
33442,0.04232819
33443,0.036481816
33444,0.27855256
33445,0.27672747
33446,0.050695542
33447,0.3075197
33448,0.07246552
33449,0.39231846
33450,0.14077525
33451,0.07595422
33452,0.106624186
33453,0.014507576
33454,0.29003587
33455,0.85867566
33456,0.26326692
33457,0.055033315
33458,0.05332431
33459,0.30225354
33460,0.072595045
33461,0.011442368
33462,0.027680233
33463,0.048459
33464,0.021393357
33465,0.011377285
33466,0.122170106
33467,0.27215117
33468,0.70697415
33469,0.6392937
33470,0.057635255
33471,0.08031361
33472,0.1353562
33473,0.1455219
33474,0.06645317
33475,0.042324208
33476,0.07888551
33477,0.053184584
33478,0.03203844
33479,0.4577361
33480,0.22798695
33481,0.41086453
33482,0.6267095
33483,0.2515154
33484,0.52894324
33485,0.07255314
33486,0.19659197
33487,0.05952688
33488,0.060512498
33489,0.03191434
33490,0.08494559
33491,0.026832806
33492,0.09068796
33493,0.11309918
33494,0.10620362
33495,0.03318313
33496,0.038734827
33497,0.07575386
33498,0.2706393
33499,0.05187041
33500,0.031110989
33501,0.066710226
33502,0.06693995
33503,0.09464699
33504,0.041296337
33505,0.03329781
33506,0.030319033
33507,0.04743774
33508,0.13768968
33509,0.068976335
33510,0.1747855
33511,0.025756085
33512,0.050012447
33513,0.04797342
33514,0.4830057
33515,0.12112496
33516,0.08005985
33517,0.46752456
33518,0.55382097
33519,0.0106949555
33520,0.09592929
33521,0.06820761
33522,0.018435609
33523,0.023498233
33524,0.013162316
33525,0.032325435
33526,0.064630285
33527,0.07165032
33528,0.07821767
33529,0.26987165
33530,0.5013125
33531,0.3799179
33532,0.054134097
33533,0.029450957
33534,0.022684032
33535,0.03254869
33536,0.29682076
33537,0.043380506
33538,0.07186499
33539,0.018712183
33540,0.215999
33541,0.5463514
33542,0.26061395
33543,0.021543883
33544,0.02338974
33545,0.056070633
33546,0.062983274
33547,0.029866261
33548,0.1355594
33549,0.16237457
33550,0.09337304
33551,0.091483675
33552,0.059974097
33553,0.03409188
33554,0.03382342
33555,0.03013153
33556,0.030414024
33557,0.12270681
33558,0.058243707
33559,0.24106878
33560,0.013172948
33561,0.05834884
33562,0.030339196
33563,0.018878665
33564,0.015890744
33565,0.028159296
33566,0.04804938
33567,0.026552768
33568,0.0661684
33569,0.48856843
33570,0.45154613
33571,0.054457873
33572,0.044701595
33573,0.03643977
33574,0.114506125
33575,0.060093507
33576,0.06558836
33577,0.010489182
33578,0.02768724
33579,0.0025128722
33580,0.24960999
33581,0.026494833
33582,0.023111442
33583,0.031860776
33584,0.0
33585,0.066870056
33586,0.07861896
33587,0.42367697
33588,0.44128034
33589,0.4056431
33590,0.06350227
33591,0.049266174
33592,0.014625968
33593,0.0626182
33594,0.050566643
33595,0.2643407
33596,0.05459507
33597,0.56299585
33598,0.12157462
33599,0.024847783
33600,0.11340788
33601,0.05102252
33602,0.056587078
33603,0.015817432
33604,0.007182505
33605,0.005759209
33606,0.062504455
33607,0.0038887756
33608,0.018919675
33609,0.08800303
33610,0.041068103
33611,0.099370174
33612,0.064746685
33613,0.116200805
33614,0.25380793
33615,0.4718615
33616,0.0795253
33617,0.033758745
33618,0.08698356
33619,0.012967574
33620,0.03745521
33621,0.024836985
33622,0.10086763
33623,0.07325962
33624,0.13177
33625,0.05976757
33626,0.10984889
33627,0.05721731
33628,0.03265356
33629,0.012636644
33630,0.015054485
33631,0.15137286
33632,0.021629274
33633,0.06161133
33634,0.02542752
33635,0.009350817
33636,0.02033965
33637,0.034946654
33638,0.0682994
33639,0.08538735
33640,0.11722929
33641,0.09809711
33642,0.4185346
33643,0.14561868
33644,0.2559588
33645,0.016018651
33646,0.0942383
33647,0.0080566285
33648,0.05570011
33649,0.044033103
33650,0.10010383
33651,0.04011693
33652,0.07619241
33653,0.04953906
33654,0.048584163
33655,0.07831533
33656,0.065623246
33657,0.01589217
33658,0.030175695
33659,0.08390757
33660,0.015027164
33661,0.046667907
33662,0.13451968
33663,0.0631272
33664,0.13620274
33665,0.4524835
33666,0.11171117
33667,0.12112572
33668,0.07426722
33669,0.096448325
33670,0.0810407
33671,0.08768022
33672,0.047931544
33673,0.0090800235
33674,0.010670408
33675,0.036703248
33676,0.2647059
33677,0.08646289
33678,0.071835406
33679,0.058692504
33680,0.065120965
33681,0.015799133
33682,0.013326084
33683,0.017362576
33684,0.04653722
33685,0.49003738
33686,0.065634415
33687,0.048038363
33688,0.100116305
33689,0.7836284
33690,0.1022473
33691,0.021622049
33692,0.21856374
33693,0.0767589
33694,0.1600993
33695,0.28979445
33696,0.075807326
33697,0.055673823
33698,0.0874958
33699,0.119120024
33700,0.1579147
33701,0.04481602
33702,0.23502623
33703,0.075534694
33704,0.068676375
33705,0.016873593
33706,0.07007261
33707,0.07241037
33708,0.01674511
33709,0.117756225
33710,0.13915676
33711,0.2505198
33712,0.09743146
33713,0.035844605
33714,0.11198209
33715,0.16177967
33716,0.2605265
33717,0.06352213
33718,0.059668727
33719,0.036523372
33720,0.084045604
33721,0.54368836
33722,0.036888592
33723,0.13707794
33724,0.42044026
33725,0.23987971
33726,0.009168481
33727,0.0056818523
33728,0.008012747
33729,0.046072915
33730,0.04891559
33731,0.41460353
33732,0.4511951
33733,0.10767072
33734,0.097059086
33735,0.24550888
33736,0.22961818
33737,0.13866824
33738,0.17569163
33739,0.26373985
33740,0.08334944
33741,0.047466636
33742,0.11515129
33743,0.07753213
33744,0.27505782
33745,0.9122897
33746,0.052528914
33747,0.4167355
33748,0.012658894
33749,0.04743821
33750,0.2027928
33751,0.010646337
33752,0.010558273
33753,0.040820338
33754,0.08622565
33755,0.017350037
33756,0.049721006
33757,0.47169
33758,0.054341197
33759,0.09671971
33760,0.42196685
33761,0.13218911
33762,0.19744413
33763,0.4178365
33764,0.39055118
33765,0.02742728
33766,0.17013319
33767,0.11730621
33768,0.11552193
33769,0.9702862
33770,0.4255649
33771,0.29812416
33772,0.01902555
33773,0.22896916
33774,0.06963437
33775,0.026093988
33776,0.016747389
33777,0.0060667014
33778,0.05156994
33779,0.0060233315
33780,0.012937803
33781,0.03970301
33782,0.06900031
33783,0.105997965
33784,0.103853635
33785,0.11327816
33786,0.091619745
33787,0.1416484
33788,0.12102892
33789,0.11612552
33790,0.28818515
33791,0.022286464
33792,0.07110862
33793,1.0
33794,0.9571862
33795,0.62882787
33796,0.021194272
33797,0.11284463
33798,0.49377763
33799,0.100613005
33800,0.061654698
33801,0.004122969
33802,0.049086347
33803,0.051946897
33804,0.057470936
33805,0.009708995
33806,0.4231265
33807,0.02444924
33808,0.04037624
33809,0.109813385
33810,0.10147445
33811,0.055061344
33812,0.0558933
33813,0.39946088
33814,0.10463828
33815,0.009665733
33816,0.115995936
33817,0.11126025
33818,0.09921447
33819,0.9935781
33820,0.8277129
33821,0.556031
33822,0.094325334
33823,0.025485924
33824,0.46250078
33825,0.09081977
33826,0.2830222
33827,0.056458984
33828,0.1269608
33829,0.015881186
33830,0.10991728
33831,0.108541995
33832,0.12808448
33833,0.1619178
33834,0.6301123
33835,0.53112304
33836,0.14046657
33837,0.13107805
33838,0.096025124
33839,0.070237845
33840,0.11318439
33841,0.056292787
33842,0.030288756
33843,0.019968739
33844,0.11551409
33845,0.16050701
33846,0.048755713
33847,0.108578116
33848,0.023206122
33849,0.98827547
33850,0.9845897
33851,0.9389121
33852,0.09705146
33853,0.060892656
33854,0.24865212
33855,0.45208424
33856,0.024373075
33857,0.014160267
33858,0.013632669
33859,0.0990581
33860,0.05743804
33861,0.48091528
33862,0.95189005
33863,0.08289527
33864,0.10987898
33865,0.0999201
33866,0.1342833
33867,0.07908745
33868,0.23816516
33869,0.25724453
33870,0.042892646
33871,0.0884042
33872,0.10117635
33873,0.114385605
33874,0.045017958
33875,0.029441072
33876,0.45973012
33877,0.41683075
33878,0.22808701
33879,0.08583999
33880,0.027853075
33881,0.11309896
33882,0.07995853
33883,0.19006039
33884,0.038134713
33885,0.05405957
33886,0.034663208
33887,0.016255734
33888,0.051069036
33889,0.05536445
33890,0.45719793
33891,0.72470427
33892,0.16462997
33893,0.25503895
33894,0.107084535
33895,0.14563648
33896,0.14488515
33897,0.57657325
33898,0.08291832
33899,0.02654523
33900,0.032276478
33901,0.017968697
33902,0.14450449
33903,0.15818836
33904,0.15320188
33905,0.47104606
33906,0.250972
33907,0.13176711
33908,1.0
33909,0.13673563
33910,0.019040983
33911,0.2481116
33912,0.24588163
33913,0.021350343
33914,0.0553286
33915,0.2863583
33916,0.048228364
33917,0.027291425
33918,0.041498877
33919,0.05281001
33920,0.12441011
33921,0.42932126
33922,0.40892377
33923,0.2905048
33924,0.44132763
33925,0.14905241
33926,0.15120332
33927,0.4504149
33928,0.014929025
33929,0.015873298
33930,0.15873381
33931,0.07583471
33932,0.049738962
33933,0.49217287
33934,0.26295117
33935,0.0671483
33936,0.5687461
33937,0.28197247
33938,0.109836265
33939,0.14060926
33940,0.107643954
33941,0.06206888
33942,0.008469775
33943,0.028817695
33944,0.055243276
33945,0.08660523
33946,0.09193809
33947,0.107841216
33948,0.40548822
33949,0.71215963
33950,0.4216873
33951,0.2691842
33952,0.5981214
33953,0.107337624
33954,0.06398795
33955,0.06757422
33956,0.14603697
33957,0.2634664
33958,0.08541683
33959,0.016018763
33960,0.064738646
33961,0.14253692
33962,0.054535642
33963,0.0979587
33964,0.03805855
33965,0.018581396
33966,0.016897311
33967,0.004812383
33968,0.026177134
33969,0.080278814
33970,0.05625548
33971,0.08331887
33972,0.4653103
33973,0.24671836
33974,0.35891578
33975,0.78921044
33976,0.718695
33977,0.2712821
33978,0.12839453
33979,0.048956268
33980,0.0098966705
33981,0.049049746
33982,0.12884296
33983,0.040780086
33984,0.97142273
33985,0.070742905
33986,0.025208116
33987,0.08243486
33988,0.072467305
33989,0.25255117
33990,0.058208376
33991,0.048030186
33992,0.016824322
33993,0.047045138
33994,0.009651351
33995,0.027011845
33996,0.075212605
33997,0.102001615
33998,0.61114794
33999,0.40602854
34000,0.4040129
34001,1.0
34002,0.42164317
34003,0.42200828
34004,0.15233703
34005,0.037194647
34006,0.024804145
34007,0.024614446
34008,0.047286216
34009,0.06925878
34010,0.03684432
34011,0.0730972
34012,0.46209142
34013,0.11463659
34014,0.380919
34015,0.039059855
34016,0.119817145
34017,0.13998775
34018,0.15740936
34019,0.26963094
34020,0.05180405
34021,0.023767255
34022,0.03851402
34023,0.14550842
34024,0.95291775
34025,0.429008
34026,0.69690686
34027,0.41518763
34028,0.26622888
34029,0.14462745
34030,0.2430122
34031,0.053478178
34032,0.009720491
34033,0.023865653
34034,0.013460773
34035,0.052197214
34036,0.036186554
34037,0.1400368
34038,0.13867524
34039,0.09137366
34040,0.28170142
34041,0.024195934
34042,0.09043275
34043,0.27737516
34044,0.046173632
34045,0.0059576062
34046,0.0060446137
34047,0.100342825
34048,0.25180945
34049,0.0422203
34050,0.36364168
34051,0.24145609
34052,0.08568128
34053,0.13855256
34054,0.02821266
34055,0.10735585
34056,0.09038897
34057,0.049332928
34058,0.12592265
34059,0.13594891
34060,0.05566331
34061,0.00863017
34062,0.23826145
34063,0.012058162
34064,0.1102629
34065,0.0346212
34066,0.118927106
34067,0.038897004
34068,0.062329456
34069,0.061327994
34070,0.18823908
34071,0.27340603
34072,0.5604022
34073,0.12203015
34074,0.012873908
34075,0.018136118
34076,0.021209162
34077,0.026588917
34078,0.0713112
34079,0.06983428
34080,0.13312078
34081,0.011455387
34082,0.03532857
34083,0.015517349
34084,0.038957372
34085,0.02266334
34086,0.0032368158
34087,0.025650289
34088,0.07761295
34089,0.07743639
34090,0.43493783
34091,0.014899224
34092,0.016702292
34093,0.052679285
34094,0.06897888
34095,0.10740032
34096,0.41070333
34097,0.13394727
34098,0.23973279
34099,0.007121219
34100,0.042341594
34101,0.01846898
34102,0.09180572
34103,0.12754628
34104,0.05599969
34105,0.0067133536
34106,0.008019545
34107,0.020545002
34108,0.013025722
34109,0.28153297
34110,0.034309536
34111,0.010842537
34112,0.02640167
34113,0.12815654
34114,0.060024142
34115,0.0479506
34116,0.01691188
34117,0.030770123
34118,0.06504177
34119,0.3819406
34120,0.02900735
34121,0.021954164
34122,0.030249743
34123,0.046089973
34124,0.06956853
34125,0.26301685
34126,0.07502602
34127,0.27559334
34128,0.09776819
34129,0.027799949
34130,0.012185718
34131,0.060809225
34132,0.07530677
34133,0.034704372
34134,0.42697805
34135,0.1703858
34136,0.013641178
34137,0.090592556
34138,0.04745626
34139,0.009438143
34140,0.40809056
34141,0.52951753
34142,0.24101627
34143,0.10636811
34144,0.00416835
34145,0.10855719
34146,0.055920996
34147,0.061465815
34148,0.118185386
34149,0.097383365
34150,0.1170701
34151,0.96764094
34152,0.023253785
34153,0.08651871
34154,0.020207703
34155,0.0902181
34156,0.086279005
34157,0.019762108
34158,0.13904615
34159,0.46332332
34160,0.0673675
34161,0.2490408
34162,0.027004626
34163,0.111015834
34164,0.020457616
34165,0.0758147
34166,0.022426503
34167,0.02403503
34168,0.06428422
34169,0.06755339
34170,0.022463841
34171,0.019296277
34172,0.0603127
34173,0.015614984
34174,0.15863977
34175,0.039683394
34176,0.0634047
34177,0.016338337
34178,0.033538997
34179,0.091018185
34180,0.10420495
34181,0.059293177
34182,1.0
34183,0.064506136
34184,0.13645835
34185,0.053141285
34186,0.032457393
34187,0.04270199
34188,0.042351514
34189,0.015918136
34190,0.4370831
34191,0.022776775
34192,0.00707934
34193,0.058001127
34194,0.2438586
34195,0.020192737
34196,0.11108851
34197,0.04970611
34198,0.03266715
34199,0.05650967
34200,0.28190964
34201,0.016950691
34202,0.018489
34203,0.019963035
34204,0.007937369
34205,0.030712903
34206,0.0065462636
34207,0.036137763
34208,0.32100403
34209,0.06476976
34210,0.015531164
34211,0.09268305
34212,0.15821987
34213,0.13618779
34214,0.098386414
34215,0.0795342
34216,0.026342055
34217,0.05557392
34218,0.01878108
34219,0.095065266
34220,0.17084678
34221,0.16605681
34222,0.010934081
34223,0.017794468
34224,0.007700178
34225,0.014349743
34226,0.011108523
34227,0.016824849
34228,0.0048905215
34229,0.028632108
34230,0.07191449
34231,0.062651
34232,0.13128287
34233,0.012267027
34234,0.14771824
34235,0.414485
34236,0.009658323
34237,0.008796218
34238,0.019215312
34239,0.020398999
34240,0.0033178802
34241,0.01364234
34242,0.027379237
34243,0.009713773
34244,0.012853556
34245,0.011287531
34246,0.083172925
34247,0.02432299
34248,0.067261726
34249,0.016460815
34250,0.069587916
34251,0.016434187
34252,0.004082064
34253,0.0064842175
34254,0.13181274
34255,0.027420918
34256,0.034956723
34257,0.031708095
34258,0.115285486
34259,0.013228288
34260,0.012838001
34261,0.015076378
34262,0.40290034
34263,0.08201854
34264,0.06679093
34265,0.09841828
34266,0.010606091
34267,0.070059076
34268,0.027323177
34269,0.008809778
34270,0.12067541
34271,0.010286816
34272,0.12277281
34273,0.26542073
34274,0.026886424
34275,0.049412116
34276,0.038646318
34277,0.021526916
34278,0.021084491
34279,0.0064746295
34280,0.031401105
34281,0.0083640115
34282,0.12030543
34283,0.08948622
34284,0.0051349583
34285,0.2982547
34286,0.01993542
34287,0.013304446
34288,0.0
34289,0.003904421
34290,0.050409567
34291,0.017109904
34292,0.024173085
34293,0.012379582
34294,0.03336207
34295,0.012985914
34296,0.014776855
34297,0.036580913
34298,0.2969699
34299,0.17151318
34300,0.020350453
34301,0.15350273
34302,0.010086486
34303,0.015632879
34304,0.0030514717
34305,0.031074861
34306,0.050687093
34307,0.03172419
34308,0.042894937
34309,0.042318206
34310,0.1064983
34311,0.032775115
34312,0.4384489
34313,0.014013733
34314,0.09907022
34315,0.02517539
34316,0.15816478
34317,0.39485312
34318,0.032732762
34319,0.3002061
34320,0.073958494
34321,0.41109824
34322,0.06163061
34323,0.14077866
34324,0.08140673
34325,0.034165896
34326,0.10753342
34327,0.3898688
34328,0.8585097
34329,0.26676908
34330,0.04662233
34331,0.04641084
34332,0.2850358
34333,0.06553875
34334,0.00871836
34335,0.029057173
34336,0.027667481
34337,0.022264097
34338,0.016669141
34339,0.0897336
34340,0.28202298
34341,0.6529339
34342,0.5472385
34343,0.051409025
34344,0.086597145
34345,0.15119751
34346,0.26713604
34347,0.05325724
34348,0.03592297
34349,0.0858265
34350,0.081281126
34351,0.030325899
34352,0.4382833
34353,0.2470992
34354,0.24680455
34355,0.66470844
34356,0.11931711
34357,0.014453913
34358,0.5687012
34359,0.06615157
34360,0.1999572
34361,0.061138637
34362,0.061148625
34363,0.035365373
34364,0.09168564
34365,0.07735662
34366,0.10972794
34367,0.11070228
34368,0.031931944
34369,0.040597953
34370,0.069275334
34371,0.2669559
34372,0.06395867
34373,0.059596714
34374,0.066796154
34375,0.10217276
34376,0.044074085
34377,0.029768853
34378,0.025953168
34379,0.04349073
34380,0.14233871
34381,0.0499184
34382,0.17360777
34383,0.0148970205
34384,0.056869127
34385,0.05055001
34386,0.02154923
34387,0.01050913
34388,0.5199145
34389,0.10517348
34390,0.22863837
34391,0.4241846
34392,0.48963198
34393,0.09723866
34394,0.06858538
34395,0.02163618
34396,0.024540108
34397,0.041430183
34398,0.013396831
34399,0.056343373
34400,0.07339433
34401,0.084358625
34402,0.16736354
34403,0.42615703
34404,0.018011296
34405,0.3912606
34406,0.05882881
34407,0.029406846
34408,0.027610723
34409,0.30085787
34410,0.016276363
34411,0.042460416
34412,0.07478994
34413,0.03027054
34414,0.41938496
34415,0.49916893
34416,0.14015865
34417,0.026627205
34418,0.026256287
34419,0.055994567
34420,0.076087676
34421,0.13495597
34422,0.18493791
34423,0.091352805
34424,0.097405486
34425,0.07058306
34426,0.005032846
34427,0.0062824795
34428,0.032453362
34429,0.030784272
34430,0.025781816
34431,0.030701902
34432,0.117881685
34433,0.06862311
34434,0.22932796
34435,0.029253908
34436,0.060921118
34437,0.032068826
34438,0.019791719
34439,0.015550474
34440,0.020172728
34441,0.048530724
34442,0.026577083
34443,0.090996586
34444,0.47560298
34445,0.4277505
34446,0.055859167
34447,0.04496718
34448,0.036487486
34449,0.120540634
34450,0.065084584
34451,0.061087932
34452,0.015139429
34453,0.013953969
34454,0.030249102
34455,0.16949695
34456,0.025517447
34457,0.025318163
34458,0.0
34459,0.076341756
34460,0.07935077
34461,0.26368853
34462,0.26576343
34463,0.44073874
34464,0.061837792
34465,0.047350343
34466,0.018645583
34467,0.05409548
34468,0.044622846
34469,0.27863088
34470,0.05891025
34471,0.58169836
34472,0.1199471
34473,0.018518109
34474,0.118000634
34475,0.05581047
34476,0.057373084
34477,0.018739276
34478,0.005856323
34479,0.011909113
34480,0.0680166
34481,0.012841594
34482,0.025452832
34483,0.014319939
34484,0.0268977
34485,0.089833
34486,0.08985342
34487,0.057554822
34488,0.105063654
34489,0.25253934
34490,0.4986454
34491,0.08182081
34492,0.029870901
34493,0.08917354
34494,0.017945793
34495,0.041211836
34496,0.0066860076
34497,0.026216919
34498,0.09212229
34499,0.07426323
34500,0.123915344
34501,0.058856253
34502,0.12899964
34503,0.043850485
34504,0.06610918
34505,0.029592235
34506,0.017216515
34507,0.15060526
34508,0.02447926
34509,0.0860393
34510,0.022644805
34511,0.008136561
34512,0.021799862
34513,0.032778278
34514,0.07121817
34515,0.07774481
34516,0.10922177
34517,0.092736214
34518,0.39471847
34519,0.242528
34520,0.2517534
34521,0.012711409
34522,0.098960474
34523,0.010393009
34524,0.057095315
34525,0.04508658
34526,0.097465426
34527,0.07470616
34528,0.0535289
34529,0.05050138
34530,0.0782567
34531,0.058741387
34532,0.030390473
34533,0.010973034
34534,0.09325666
34535,0.014102832
34536,0.045080017
34537,0.1292844
34538,0.06657586
34539,0.115102395
34540,0.44179788
34541,0.11479321
34542,0.113170885
34543,0.07563713
34544,0.08839614
34545,0.08054186
34546,0.08145368
34547,0.056083467
34548,0.011234091
34549,0.2749647
34550,0.0942812
34551,0.068676256
34552,0.054831434
34553,0.06424516
34554,0.026761929
34555,0.015941441
34556,0.020569893
34557,0.04847814
34558,0.5080795
34559,0.07123104
34560,0.04978338
34561,0.094850816
34562,0.78720903
34563,0.095674396
34564,0.019145843
34565,0.109729275
34566,0.07170739
34567,0.18386678
34568,0.40366867
34569,0.06848181
34570,0.025340188
34571,0.055758014
34572,0.084743604
34573,0.10896466
34574,0.1516254
34575,0.043035585
34576,0.13190617
34577,0.07819293
34578,0.06638996
34579,0.068038866
34580,0.06464698
34581,0.017072773
34582,0.11663606
34583,0.13401647
34584,0.26224628
34585,0.096395455
34586,0.0397916
34587,0.10132397
34588,0.15908149
34589,0.25848356
34590,0.065929934
34591,0.05894903
34592,0.0403116
34593,0.021912707
34594,0.10103263
34595,0.4753671
34596,0.03263282
34597,0.13486686
34598,0.40859273
34599,0.24094656
34600,0.010151825
34601,0.00812354
34602,0.008711694
34603,0.045652658
34604,0.04851975
34605,0.4476352
34606,0.43849123
34607,0.09180465
34608,0.101111054
34609,0.2384148
34610,0.12723628
34611,0.12627618
34612,0.18378183
34613,0.27226514
34614,0.08756364
34615,0.0559569
34616,0.11636515
34617,0.0835883
34618,0.28038758
34619,0.9368748
34620,0.059586234
34621,0.5045513
34622,0.01365106
34623,0.0548794
34624,0.26604435
34625,0.0121941585
34626,0.010841565
34627,0.047272515
34628,0.07016652
34629,0.014154379
34630,0.0495637
34631,0.49454796
34632,0.05670915
34633,0.08894486
34634,0.2571329
34635,0.13582882
34636,0.27572802
34637,0.39612266
34638,0.37564027
34639,0.29871383
34640,0.12377621
34641,0.1197812
34642,1.0
34643,0.46991688
34644,0.43051142
34645,0.026188435
34646,0.1374132
34647,0.072674826
34648,0.026129669
34649,0.021979315
34650,0.05685142
34651,0.006519295
34652,0.011494087
34653,0.039323818
34654,0.06562119
34655,0.09997642
34656,0.090310745
34657,0.115092896
34658,0.09754267
34659,0.1440308
34660,0.24409497
34661,0.02975568
34662,0.11640291
34663,0.4505013
34664,0.026077036
34665,0.0821927
34666,1.0
34667,0.9839759
34668,0.55911696
34669,0.11633764
34670,0.43236768
34671,0.10472863
34672,0.020903932
34673,0.057131395
34674,0.004373149
34675,0.040402513
34676,0.053086374
34677,0.053878054
34678,0.014702853
34679,0.41252786
34680,0.021488676
34681,0.037383076
34682,0.105828546
34683,0.112094104
34684,0.0640534
34685,0.052950718
34686,0.24823481
34687,0.10197458
34688,0.015213179
34689,0.12632124
34690,0.10834841
34691,0.10381408
34692,1.0
34693,0.9151326
34694,0.55454665
34695,0.0070158946
34696,0.016422091
34697,0.085947685
34698,0.023899088
34699,0.008145759
34700,0.48548132
34701,0.1278073
34702,0.28500253
34703,0.057149027
34704,0.1260698
34705,0.11955315
34706,0.10836725
34707,0.12453925
34708,0.14032584
34709,0.60551506
34710,0.5135689
34711,0.14195254
34712,0.13737993
34713,0.09318739
34714,0.05912186
34715,0.11363904
34716,0.055367455
34717,0.03164168
34718,0.025172973
34719,0.12336054
34720,0.13564226
34721,0.05279603
34722,0.113708615
34723,0.02892448
34724,1.0
34725,1.0
34726,0.91735226
34727,0.0844245
34728,0.05975189
34729,0.24556449
34730,0.017768182
34731,0.41638213
34732,0.023150278
34733,0.012248687
34734,0.013702242
34735,0.034161884
34736,0.09099559
34737,0.052939445
34738,0.48774084
34739,0.96680576
34740,0.07193972
34741,0.1112447
34742,0.08859326
34743,0.12686318
34744,0.07396788
34745,0.24978647
34746,0.122096635
34747,0.08608477
34748,0.10872042
34749,0.10796501
34750,0.04412222
34751,0.029660406
34752,0.4912169
34753,0.3966553
34754,0.23587489
34755,0.08073454
34756,0.034375686
34757,0.11061357
34758,0.08292705
34759,0.28832382
34760,0.030428967
34761,0.052864928
34762,0.0332789
34763,0.010548871
34764,0.04922912
34765,0.048735607
34766,0.48174456
34767,0.7205249
34768,0.25657505
34769,0.2593291
34770,0.13120018
34771,0.22824411
34772,0.15307137
34773,0.50907683
34774,0.079713725
34775,0.027171953
34776,0.030918267
34777,0.025009481
34778,0.14946562
34779,0.26167235
34780,0.25335988
34781,0.4738658
34782,0.2687452
34783,0.15282388
34784,0.9932571
34785,0.25350434
34786,0.015776569
34787,0.25974038
34788,0.16258152
34789,0.02677826
34790,0.057551257
34791,0.20341173
34792,0.0502949
34793,0.03311313
34794,0.04392312
34795,0.050740156
34796,0.11660042
34797,0.449828
34798,0.41330782
34799,0.27584046
34800,0.2666002
34801,0.14351872
34802,0.1548223
34803,0.395562
34804,0.015748734
34805,0.15621856
34806,0.08074401
34807,0.061288316
34808,0.47671714
34809,0.44028306
34810,0.06815345
34811,0.4768652
34812,0.42880765
34813,0.010745426
34814,0.108122095
34815,0.14170863
34816,0.10764988
34817,0.062428627
34818,0.009813377
34819,0.0017520393
34820,0.008452567
34821,0.02349858
34822,0.05851351
34823,0.08482895
34824,0.08902871
34825,0.21435916
34826,0.41762295
34827,0.7159136
34828,0.43686286
34829,0.2707736
34830,0.48516265
34831,0.10989197
34832,0.007967593
34833,0.061182275
34834,0.068840615
34835,0.24009557
34836,0.1848497
34837,0.07128374
34838,0.025836281
34839,0.072936736
34840,0.14608057
34841,0.055967014
34842,0.0987111
34843,0.042645484
34844,0.027280483
34845,0.07381375
34846,0.053461667
34847,0.0809099
34848,0.46654826
34849,0.2378628
34850,0.349941
34851,0.8326853
34852,0.6693027
34853,0.27038464
34854,0.12262609
34855,0.04569458
34856,0.017854262
34857,0.05514444
34858,0.14146316
34859,0.03601953
34860,0.93225944
34861,0.05991205
34862,0.024497319
34863,0.07875337
34864,0.079461984
34865,0.41663414
34866,0.05192436
34867,0.05562133
34868,0.01348824
34869,0.058522236
34870,0.03295799
34871,0.08419069
34872,0.10118389
34873,0.589144
34874,0.3920478
34875,0.2596341
34876,1.0
34877,0.41972816
34878,0.4552271
34879,0.15611972
34880,0.03598337
34881,0.023849398
34882,0.022301024
34883,0.06561499
34884,0.054722555
34885,0.03609059
34886,0.07226538
34887,0.47674078
34888,0.10234307
34889,0.2683711
34890,0.04121567
34891,0.12817377
34892,0.24512443
34893,0.2664476
34894,0.28256375
34895,0.0542811
34896,0.017826159
34897,0.039288577
34898,0.13092603
34899,0.9837716
34900,0.4090968
34901,0.6416345
34902,0.4164753
34903,0.43519083
34904,0.1551808
34905,0.1451803
34906,0.014785051
34907,0.023673525
34908,0.014130924
34909,0.051937662
34910,0.024907999
34911,0.14894436
34912,0.13197052
34913,0.09422616
34914,0.29198858
34915,0.026695829
34916,0.0867912
34917,0.41401854
34918,0.048786607
34919,0.0049220147
34920,0.097760916
34921,0.252713
34922,0.035647828
34923,0.23803373
34924,0.15772791
34925,0.08720278
34926,0.15076828
34927,0.0315814
34928,0.109290496
34929,0.093943045
34930,0.050290514
34931,0.24308442
34932,0.13146427
34933,0.04745635
34934,0.006566288
34935,0.2687594
34936,0.013262611
34937,0.11694599
34938,0.043587822
34939,0.032089964
34940,0.111790165
34941,0.036620617
34942,0.057149716
34943,0.061207406
34944,0.1805432
34945,0.27239448
34946,0.58225244
34947,0.14488336
34948,0.010399228
34949,0.01895923
34950,0.0221516
34951,0.033425145
34952,0.06594647
34953,0.066861
34954,0.13763066
34955,0.01605659
34956,0.032481924
34957,0.015042478
34958,0.037691515
34959,0.028575845
34960,0.010081755
34961,0.023240859
34962,0.00337879
34963,0.07760657
34964,0.08249761
34965,0.38580352
34966,0.012391094
34967,0.01946059
34968,0.05115534
34969,0.06301444
34970,0.1068401
34971,0.4163363
34972,0.14798313
34973,0.2673091
34974,0.03925798
34975,0.08820951
34976,0.1341106
34977,0.059003454
34978,0.009237942
34979,0.015438781
34980,0.28301468
34981,0.03418819
34982,0.009398328
34983,0.01972714
34984,0.022672968
34985,0.12526281
34986,0.055726796
34987,0.04461222
34988,0.014940706
34989,0.025977092
34990,0.06506117
34991,0.39124855
34992,0.02910741
34993,0.007723695
34994,0.021567898
34995,0.03712468
34996,0.055205107
34997,0.0759561
34998,0.2725832
34999,0.08203491
35000,0.27339822
35001,0.10575538
35002,0.032904748
35003,0.02349547
35004,0.053653754
35005,0.07730845
35006,0.03412927
35007,0.42287165
35008,0.015747651
35009,0.28665292
35010,0.015156038
35011,0.08589941
35012,0.04067022
35013,0.27348042
35014,0.5201021
35015,0.25947908
35016,0.11601513
35017,0.005968035
35018,0.11762584
35019,0.059388485
35020,0.064355746
35021,0.115739234
35022,0.10139893
35023,0.11553324
35024,1.0
35025,0.02432607
35026,0.08943609
35027,0.08801118
35028,0.08390493
35029,0.021506334
35030,0.14577676
35031,0.45237377
35032,0.07247726
35033,0.24825701
35034,0.03333519
35035,0.10286647
35036,0.018623572
35037,0.081525534
35038,0.030581431
35039,0.028373946
35040,0.058924746
35041,0.073142104
35042,0.023692077
35043,0.02401693
35044,0.0645954
35045,0.01882822
35046,0.16583765
35047,0.06118994
35048,0.017722445
35049,0.03552632
35050,0.100588165
35051,0.10250414
35052,0.06852448
35053,0.9868952
35054,0.063901365
35055,0.27621356
35056,0.065694384
35057,0.041161958
35058,0.03822445
35059,0.043397482
35060,0.011923131
35061,0.012419459
35062,0.45052657
35063,0.024359541
35064,0.005936766
35065,0.0089316415
35066,0.01661782
35067,0.058543075
35068,0.14474061
35069,0.024004208
35070,0.13336474
35071,0.040909864
35072,0.032583684
35073,0.05368579
35074,0.4826288
35075,0.02319607
35076,0.021649655
35077,0.0041418457
35078,0.011298298
35079,0.032814935
35080,0.0061174417
35081,0.03443564
35082,0.16168858
35083,0.07448062
35084,0.014412277
35085,0.094060786
35086,0.17393738
35087,0.14165808
35088,0.08875799
35089,0.08767602
35090,0.031865045
35091,0.070382275
35092,0.02500365
35093,0.10804857
35094,0.18924385
35095,0.16060245
35096,0.023890702
35097,0.010322559
35098,0.012573887
35099,0.020685181
35100,0.0049640336
35101,0.0142723555
35102,0.015590131
35103,0.015655082
35104,0.0057669985
35105,0.03113499
35106,0.08972989
35107,0.074065946
35108,0.14877744
35109,0.02246092
35110,0.2551104
35111,0.013021215
35112,0.4329561
35113,0.008509592
35114,0.025880823
35115,0.021905124
35116,0.010403169
35117,0.01847988
35118,0.0053105317
35119,0.014120549
35120,0.028889641
35121,0.011724351
35122,0.013478688
35123,0.09003755
35124,0.02808987
35125,0.055630874
35126,0.0210519
35127,0.013428247
35128,0.062686615
35129,0.0071669924
35130,0.007147449
35131,0.12554386
35132,0.027372278
35133,0.03733941
35134,0.0065944516
35135,0.030768838
35136,0.12554805
35137,0.0077295266
35138,0.0135985
35139,0.018345434
35140,0.015820175
35141,0.29816884
35142,0.08307006
35143,0.07695214
35144,0.09813945
35145,0.061283126
35146,0.026946293
35147,0.120770745
35148,0.013973191
35149,0.12281278
35150,0.18021692
35151,0.02137216
35152,0.03628605
35153,0.04111328
35154,0.028540066
35155,0.0337931
35156,0.005985525
35157,0.13049197
35158,0.08390127
35159,0.1811897
35160,0.02252161
35161,0.017350804
35162,0.01291239
35163,0.04885575
35164,0.016963294
35165,0.012713199
35166,0.01625517
35167,0.033697993
35168,0.014149077
35169,0.040864933
35170,0.29612178
35171,0.26093447
35172,0.037312455
35173,0.15632515
35174,0.019143453
35175,0.0067630713
35176,0.02666712
35177,0.037729215
35178,0.02557582
35179,0.05053992
35180,0.03959847
35181,0.044657733
35182,0.060862977
35183,0.023670925
35184,0.09161411
35185,0.045377456
35186,0.051742986
35187,0.4038942
35188,0.042170517
35189,0.05473685
35190,0.023687411
35191,0.39133078
35192,0.28190365
35193,0.10407213
35194,0.026774736
35195,0.009619598
35196,0.42391676
35197,0.046592772
35198,0.35350224
35199,0.0427755
35200,0.37885207
35201,0.06831529
35202,0.093491435
35203,0.025190515
35204,0.014695422
35205,0.24999115
35206,0.026336385
35207,0.85220766
35208,0.26806548
35209,0.048160452
35210,0.28013086
35211,0.07733347
35212,0.0057105375
35213,0.033376016
35214,0.035313252
35215,0.0146798445
35216,0.014749242
35217,0.1260379
35218,0.36259452
35219,0.49672556
35220,0.50309724
35221,0.052791905
35222,0.07641861
35223,0.029953249
35224,0.24585338
35225,0.14437161
35226,0.0078043635
35227,0.01881288
35228,0.055429004
35229,0.044220667
35230,0.07369301
35231,0.24883552
35232,0.022409765
35233,0.43726608
35234,0.23890851
35235,0.24546453
35236,0.57386404
35237,0.11672565
35238,0.46060362
35239,0.021213075
35240,0.08737618
35241,0.16662133
35242,0.05399124
35243,0.052950628
35244,0.04258803
35245,0.0909742
35246,0.06435221
35247,0.116235845
35248,0.095574826
35249,0.031599425
35250,0.04211069
35251,0.08339132
35252,0.2920175
35253,0.06277729
35254,0.074024655
35255,0.06586369
35256,0.09131895
35257,0.034713525
35258,0.037576135
35259,0.038628545
35260,0.14879592
35261,0.042744868
35262,0.167214
35263,0.014851447
35264,0.05389653
35265,0.05213381
35266,0.032266315
35267,0.015936287
35268,0.017761026
35269,0.4537718
35270,0.10408904
35271,0.19938304
35272,0.43323267
35273,0.43787584
35274,0.09470888
35275,0.07224048
35276,0.023568736
35277,0.016418772
35278,0.041998435
35279,0.19181785
35280,0.07288936
35281,0.1535086
35282,0.42837048
35283,0.39001673
35284,0.05934994
35285,0.0359173
35286,0.026436137
35287,0.29771513
35288,0.025382359
35289,0.04384669
35290,0.048599806
35291,0.37505838
35292,0.47489813
35293,0.12221852
35294,0.025434535
35295,0.026879055
35296,0.063872516
35297,0.085100725
35298,0.0072796014
35299,0.030997341
35300,0.013837753
35301,0.1446237
35302,0.16686259
35303,0.1034447
35304,0.10891578
35305,0.06098996
35306,0.044362154
35307,0.03559906
35308,0.028557673
35309,0.028609302
35310,0.11657145
35311,0.07011127
35312,0.106671974
35313,0.013037643
35314,0.06287859
35315,0.032711897
35316,0.022580642
35317,0.01752364
35318,0.023880972
35319,0.047655296
35320,0.03023576
35321,0.08458111
35322,0.5001405
35323,0.44045946
35324,0.047288917
35325,0.049418103
35326,0.036536142
35327,0.114152625
35328,0.06716603
35329,0.01284108
35330,0.055770434
35331,0.010772227
35332,0.027318453
35333,0.25888124
35334,0.022965245
35335,0.021922987
35336,0.026048403
35337,0.06340485
35338,0.06386147
35339,0.25879517
35340,0.2693265
35341,0.41596463
35342,0.06482563
35343,0.04825741
35344,0.019137673
35345,0.060703874
35346,0.081602246
35347,0.011640296
35348,0.29460368
35349,0.06840636
35350,0.56479883
35351,0.123991705
35352,0.024082348
35353,0.12730296
35354,0.058108483
35355,0.060341045
35356,0.022223191
35357,0.004388962
35358,0.055633184
35359,0.017785223
35360,0.02079877
35361,0.08972719
35362,0.037945677
35363,0.082659826
35364,0.058687534
35365,0.101783514
35366,0.24628994
35367,0.50467753
35368,0.07359003
35369,0.027133638
35370,0.08689329
35371,0.017170561
35372,0.044322208
35373,0.09616193
35374,0.06861246
35375,0.12744336
35376,0.06332462
35377,0.10661866
35378,0.049596306
35379,0.0618168
35380,0.013785147
35381,0.017834658
35382,0.1438487
35383,0.0059399013
35384,0.028516764
35385,0.066172615
35386,0.027152063
35387,0.018848725
35388,0.036238257
35389,0.058758587
35390,0.07962165
35391,0.11580831
35392,0.09939581
35393,0.4622291
35394,0.24814685
35395,0.25626144
35396,0.017916413
35397,0.09062124
35398,0.052360497
35399,0.046291284
35400,0.09913796
35401,0.041539717
35402,0.02954397
35403,0.053012244
35404,0.053393416
35405,0.07726375
35406,0.02571513
35407,0.06020221
35408,0.0036716776
35409,0.019514376
35410,0.024280807
35411,0.092071414
35412,0.013191084
35413,0.04347706
35414,0.12309995
35415,0.058796648
35416,0.11807373
35417,0.4080831
35418,0.11028191
35419,0.110920876
35420,0.0744541
35421,0.09346339
35422,0.07756924
35423,0.08701923
35424,0.05671561
35425,0.28461075
35426,0.091221996
35427,0.06831502
35428,0.056020547
35429,0.052161567
35430,0.01680999
35431,0.02280119
35432,0.0152589595
35433,0.01890386
35434,0.04734695
35435,0.299631
35436,0.06337506
35437,0.043317333
35438,0.09206959
35439,0.73574084
35440,0.106790185
35441,0.0211097
35442,0.21719949
35443,0.07066639
35444,0.26417714
35445,0.303961
35446,0.07132357
35447,0.06011677
35448,0.089547865
35449,0.10770648
35450,0.16272233
35451,0.044450037
35452,0.22784495
35453,0.06734929
35454,0.069249876
35455,0.013583905
35456,0.020616151
35457,0.05473527
35458,0.06652828
35459,0.017053826
35460,0.11106234
35461,0.14115271
35462,0.2501855
35463,0.09495985
35464,0.034573816
35465,0.10584145
35466,0.16807772
35467,0.27121466
35468,0.06512065
35469,0.06052727
35470,0.03532927
35471,0.08466488
35472,0.53117067
35473,0.03268848
35474,0.13181943
35475,0.3926014
35476,0.1465471
35477,0.01402541
35478,0.015487513
35479,0.009876739
35480,0.041592993
35481,0.048787
35482,0.26501134
35483,0.46563905
35484,0.08974823
35485,0.08930111
35486,0.13221024
35487,0.22000286
35488,0.13886653
35489,0.17688188
35490,0.39211267
35491,0.08313982
35492,0.008929292
35493,0.025045242
35494,0.051909987
35495,0.11715958
35496,0.079816125
35497,0.19784643
35498,0.9455727
35499,0.05537619
35500,0.41940913
35501,0.015737526
35502,0.05680314
35503,0.27683806
35504,0.040922303
35505,0.075947836
35506,0.019713843
35507,0.049473763
35508,0.0
35509,0.45251262
35510,0.051693767
35511,0.09387013
35512,0.2637867
35513,0.13560355
35514,0.2600808
35515,0.27175152
35516,0.41104516
35517,0.027707687
35518,0.18133788
35519,0.12780418
35520,0.1316071
35521,0.98925686
35522,0.41865602
35523,0.44441912
35524,0.024945205
35525,0.13723977
35526,0.07927452
35527,0.028940776
35528,0.015663983
35529,0.0079731
35530,0.0012364688
35531,0.047634266
35532,0.0062750033
35533,0.00919958
35534,0.03752753
35535,0.0656621
35536,0.11331486
35537,0.09478045
35538,0.109988205
35539,0.08650033
35540,0.2372101
35541,0.10465818
35542,0.021902768
35543,0.11161811
35544,0.2854879
35545,0.025272643
35546,0.087908
35547,1.0
35548,0.9911259
35549,0.5855033
35550,0.003932897
35551,0.026114818
35552,0.013412604
35553,0.114458345
35554,0.40348303
35555,0.09972528
35556,0.012058068
35557,0.053815857
35558,0.03502679
35559,0.053232417
35560,0.053796325
35561,0.009599318
35562,0.44555035
35563,0.01563579
35564,0.036856934
35565,0.10077042
35566,0.09107655
35567,0.061648272
35568,0.058050774
35569,0.24093391
35570,0.10013883
35571,0.020864015
35572,0.132812
35573,0.10493633
35574,0.09434969
35575,0.99666154
35576,0.93165314
35577,0.52517194
35578,0.015255414
35579,0.08258235
35580,0.020476278
35581,0.002605533
35582,0.45553628
35583,0.08916577
35584,0.2950049
35585,0.045812648
35586,0.12150131
35587,0.0119963465
35588,0.104224734
35589,0.09894745
35590,0.11544102
35591,0.15427676
35592,0.6008752
35593,0.54845697
35594,0.13688336
35595,0.12269591
35596,0.08826393
35597,0.059022337
35598,0.11027938
35599,0.056205444
35600,0.03632064
35601,0.024435185
35602,0.12779306
35603,0.13249429
35604,0.06500776
35605,0.12051736
35606,0.025577454
35607,0.9648893
35608,0.9911704
35609,0.97616524
35610,0.07764801
35611,0.073332585
35612,0.2538785
35613,0.41141587
35614,0.025966732
35615,0.008410254
35616,0.0073647643
35617,0.0056050615
35618,0.035909005
35619,0.08604734
35620,0.054049194
35621,0.48090172
35622,1.0
35623,0.070473574
35624,0.104504034
35625,0.09970551
35626,0.13372967
35627,0.08192225
35628,0.24011014
35629,0.120201126
35630,0.03876881
35631,0.084892385
35632,0.112816654
35633,0.123938836
35634,0.04652357
35635,0.039719798
35636,0.28401956
35637,0.41838384
35638,0.1471624
35639,0.10550996
35640,0.07812418
35641,0.18292883
35642,0.029171374
35643,0.048852902
35644,0.030285606
35645,0.010160555
35646,0.050144814
35647,0.048860643
35648,0.25202328
35649,0.762625
35650,0.2553575
35651,0.16394426
35652,0.118482165
35653,0.14042036
35654,0.14033623
35655,0.5587684
35656,0.083691426
35657,0.031774197
35658,0.033843577
35659,0.020219516
35660,0.15785173
35661,0.15318033
35662,0.25901324
35663,0.4943292
35664,0.4170815
35665,0.1373819
35666,0.98568106
35667,0.24712661
35668,0.023714986
35669,0.13170488
35670,0.17278689
35671,0.016996577
35672,0.058045756
35673,0.5089107
35674,0.046938527
35675,0.02796899
35676,0.038765933
35677,0.051170442
35678,0.1304557
35679,0.44317535
35680,0.3824147
35681,0.52993876
35682,0.42685524
35683,0.13433151
35684,0.15721068
35685,0.41246724
35686,0.01864825
35687,0.17733145
35688,0.06482746
35689,0.061257515
35690,0.5086845
35691,0.2559835
35692,0.06533237
35693,0.5428726
35694,0.41556624
35695,0.009151642
35696,0.108904876
35697,0.12902081
35698,0.10447214
35699,0.053879507
35700,0.010755439
35701,0.01890743
35702,0.050063826
35703,0.087493695
35704,0.08815969
35705,0.10302382
35706,0.39547893
35707,0.687396
35708,0.4506412
35709,0.26612866
35710,0.5791339
35711,0.10632681
35712,0.06030736
35713,0.06558875
35714,0.23003544
35715,0.18018924
35716,0.084276445
35717,0.02630322
35718,0.060869683
35719,0.138033
35720,0.018421067
35721,0.05055118
35722,0.09211582
35723,0.02706933
35724,0.020900866
35725,0.040454812
35726,0.0076702554
35727,0.029732443
35728,0.07208353
35729,0.05894172
35730,0.082490794
35731,0.51750124
35732,0.23690861
35733,0.2404621
35734,0.8056365
35735,0.6971493
35736,0.29385334
35737,0.123551406
35738,0.04363495
35739,0.01660468
35740,0.05601499
35741,0.11673338
35742,0.007672662
35743,0.040058084
35744,0.95219314
35745,0.07541334
35746,0.02284639
35747,0.0840982
35748,0.06362064
35749,0.26767334
35750,0.055819836
35751,0.04844289
35752,0.016835682
35753,0.05203704
35754,0.025366293
35755,0.08534787
35756,0.094827555
35757,0.63103443
35758,0.4097897
35759,0.27055255
35760,1.0
35761,0.41523188
35762,0.450927
35763,0.1660085
35764,0.036505003
35765,0.028797708
35766,0.030215826
35767,0.07557273
35768,0.06810919
35769,0.037263323
35770,0.186261
35771,0.44281027
35772,0.10821349
35773,0.27073607
35774,0.03681796
35775,0.12405377
35776,0.13522103
35777,0.14449114
35778,0.2722789
35779,0.048235454
35780,0.025121711
35781,0.021314446
35782,0.001860781
35783,0.043244004
35784,0.12916274
35785,0.96255606
35786,0.41433197
35787,0.6748885
35788,0.39598462
35789,0.40468255
35790,0.14582837
35791,0.14225227
35792,0.054372303
35793,0.030561509
35794,0.013467032
35795,0.049380984
35796,0.037323657
35797,0.13599676
35798,0.12962455
35799,0.07731459
35800,0.28247428
35801,0.02840481
35802,0.08917916
35803,0.44215718
35804,0.056537446
35805,0.0056800577
35806,0.09916794
35807,0.25346577
35808,0.042449288
35809,0.24534783
35810,0.14255863
35811,0.08444535
35812,0.14428288
35813,0.03401021
35814,0.1036497
35815,0.09103701
35816,0.046750035
35817,0.12543596
35818,0.008761845
35819,0.12809758
35820,0.047837965
35821,0.025228238
35822,0.23794037
35823,0.013806404
35824,0.021228075
35825,0.12483417
35826,0.035237674
35827,0.10824479
35828,0.037250336
35829,0.058875497
35830,0.0643477
35831,0.20294322
35832,0.26066056
35833,0.5849516
35834,0.13225338
35835,0.009652141
35836,0.016728371
35837,0.02093666
35838,0.021608988
35839,0.027102362
35840,0.0730072
35841,0.07079583
35842,0.2584263
35843,0.013670497
35844,0.0294853
35845,0.02966299
35846,0.022646964
35847,0.030469082
35848,0.07321344
35849,0.080059834
35850,0.47225496
35851,0.014634601
35852,0.05455307
35853,0.06935231
35854,0.10114499
35855,0.42964944
35856,0.137384
35857,0.011394638
35858,0.012297556
35859,0.18941563
35860,0.041229315
35861,0.083671786
35862,0.11259598
35863,0.047897514
35864,0.008348222
35865,0.016912114
35866,0.013725748
35867,0.40112522
35868,0.01177517
35869,0.019554522
35870,0.024874346
35871,0.11725493
35872,0.059377853
35873,0.051308323
35874,0.012910426
35875,0.02773423
35876,0.05993858
35877,0.2916135
35878,0.030395333
35879,0.019122822
35880,0.035488416
35881,0.04816476
35882,0.08740305
35883,0.26807487
35884,0.074745424
35885,0.28043792
35886,0.100093305
35887,0.029662583
35888,0.018524457
35889,0.058285184
35890,0.079565704
35891,0.036908172
35892,0.29508716
35893,0.28949097
35894,0.014258639
35895,0.088616855
35896,0.042963825
35897,0.0045482283
35898,0.2890928
35899,0.4825817
35900,0.2508462
35901,0.10942366
35902,0.10143073
35903,0.06253497
35904,0.05980539
35905,0.105130985
35906,0.09420041
35907,0.106251165
35908,0.993368
35909,0.09541105
35910,0.10096004
35911,0.0796467
35912,0.02398528
35913,0.16076298
35914,0.4555569
35915,0.06761153
35916,0.2514442
35917,0.030326704
35918,0.10592933
35919,0.016719066
35920,0.079736516
35921,0.02867746
35922,0.019893691
35923,0.06375563
35924,0.07405678
35925,0.025463294
35926,0.07432786
35927,0.014896261
35928,0.018806776
35929,0.2743642
35930,0.045821384
35931,0.05927386
35932,0.014464231
35933,0.042800337
35934,0.098537356
35935,0.10448726
35936,0.9628365
35937,0.07143131
35938,0.25410777
35939,0.07123281
35940,0.058763605
35941,0.042071518
35942,0.040777907
35943,0.012475093
35944,0.4196355
35945,0.02363882
35946,0.00082514994
35947,0.013063852
35948,0.019800534
35949,0.014109953
35950,0.05242202
35951,0.1338541
35952,0.024138376
35953,0.13492109
35954,0.048111588
35955,0.028340703
35956,0.0075019016
35957,0.059695818
35958,0.4639332
35959,0.02917328
35960,0.00868425
35961,0.027946347
35962,0.007570213
35963,0.03268842
35964,0.033684883
35965,0.14851466
35966,0.06731203
35967,0.015369888
35968,0.016647588
35969,0.0953561
35970,0.17415084
35971,0.13121061
35972,0.10509125
35973,0.09384513
35974,0.029320998
35975,0.070538834
35976,0.02499711
35977,0.10049404
35978,0.18259408
35979,0.25535148
35980,0.008511751
35981,0.020843659
35982,0.018568069
35983,0.014935641
35984,0.022373566
35985,0.00796981
35986,0.019457161
35987,0.012716427
35988,0.012509691
35989,0.021385927
35990,0.03180608
35991,0.088415295
35992,0.07764437
35993,0.13182555
35994,0.23819315
35995,0.021822358
35996,0.32237852
35997,0.0259057
35998,0.012611672
35999,0.01921907
36000,0.020253465
36001,0.014791967
36002,0.027865738
36003,0.010557358
36004,0.010582015
36005,0.0803548
36006,0.028867915
36007,0.07722773
36008,0.064128436
36009,0.028164031
36010,0.001490944
36011,0.00773173
36012,0.13757469
36013,0.028198473
36014,0.039669834
36015,0.009816756
36016,0.03388066
36017,0.0203128
36018,0.11967168
36019,0.013978165
36020,0.30343843
36021,0.07655175
36022,0.076515764
36023,0.09763956
36024,0.012073849
36025,0.07389052
36026,0.026852392
36027,0.11685208
36028,0.013875214
36029,0.13324939
36030,0.17540355
36031,0.022705926
36032,0.037731074
36033,0.04931031
36034,0.026228476
36035,0.037836842
36036,0.00921166
36037,0.13244133
36038,0.083086856
36039,0.21252634
36040,0.022728166
36041,0.025695
36042,0.0020497052
36043,0.00876324
36044,0.051980767
36045,0.023788605
36046,0.045134142
36047,0.016959198
36048,0.037265666
36049,0.30280995
36050,0.27892107
36051,0.031461887
36052,0.13722658
36053,0.017996099
36054,0.04195589
36055,0.060917135
36056,0.030930541
36057,0.05131369
36058,0.057532974
36059,0.052013706
36060,0.053893458
36061,0.044296615
36062,0.03187145
36063,0.077095665
36064,0.04335513
36065,0.3623363
36066,0.036154054
36067,0.032136988
36068,0.033349346
36069,0.27765447
36070,0.40601024
36071,0.026007243
36072,0.03708836
36073,0.02737545
36074,0.29332304
36075,0.06295269
36076,0.3847828
36077,0.050601676
36078,0.1235015
36079,0.08125754
36080,0.104047544
36081,0.028696695
36082,0.38091162
36083,0.78096396
36084,0.26498863
36085,0.052858315
36086,0.056324806
36087,0.31453705
36088,0.04442296
36089,0.007525805
36090,0.031621005
36091,0.020266503
36092,0.012293728
36093,0.09913202
36094,0.2706202
36095,0.604777
36096,0.5159491
36097,0.054622445
36098,0.08051732
36099,0.26460487
36100,0.14758593
36101,0.020073613
36102,0.05877976
36103,0.03580597
36104,0.08021366
36105,0.11134655
36106,0.4327081
36107,0.2445344
36108,0.25912252
36109,0.5864424
36110,0.111491606
36111,0.015219215
36112,0.45384973
36113,0.021865636
36114,0.07903468
36115,0.15021414
36116,0.06290246
36117,0.061316717
36118,0.042355157
36119,0.08734767
36120,0.11788253
36121,0.12498234
36122,0.09789867
36123,0.031553514
36124,0.036364768
36125,0.08532227
36126,0.28893948
36127,0.061963785
36128,0.035082933
36129,0.064227395
36130,0.06432004
36131,0.09103849
36132,0.040775266
36133,0.05584422
36134,0.044552837
36135,0.14764127
36136,0.05289421
36137,0.16078907
36138,0.05587931
36139,0.051878538
36140,0.019646958
36141,0.42631525
36142,0.23568678
36143,0.08418798
36144,0.44041154
36145,0.43758646
36146,0.09563242
36147,0.0710059
36148,0.021422636
36149,0.022745669
36150,0.034188516
36151,0.056050107
36152,0.07994525
36153,0.0709971
36154,0.28653157
36155,0.44806212
36156,0.3785284
36157,0.0581084
36158,0.012907074
36159,0.031045835
36160,0.038058348
36161,0.3015036
36162,0.02203984
36163,0.041051395
36164,0.009213269
36165,0.060569014
36166,0.013775056
36167,0.35670918
36168,0.5034848
36169,0.12114439
36170,0.021318566
36171,0.0325633
36172,0.062726244
36173,0.066794924
36174,0.019986605
36175,0.028127503
36176,0.014665538
36177,0.13466647
36178,0.1835568
36179,0.09916326
36180,0.10670592
36181,0.059383046
36182,0.037557468
36183,0.027887233
36184,0.029955849
36185,0.025202585
36186,0.13591313
36187,0.068682514
36188,0.122870125
36189,0.018870099
36190,0.054309092
36191,0.03250524
36192,0.022909256
36193,0.011236852
36194,0.02246501
36195,0.05051754
36196,0.025184993
36197,0.073346235
36198,0.48299474
36199,0.4276159
36200,0.053845156
36201,0.04530143
36202,0.03896183
36203,0.115638025
36204,0.05820791
36205,0.015578546
36206,0.06465482
36207,0.007966686
36208,0.02636932
36209,0.25683475
36210,0.026520025
36211,0.021631535
36212,0.036161628
36213,0.06487556
36214,0.07334064
36215,0.27729338
36216,0.28010744
36217,0.2632571
36218,0.06521857
36219,0.047704283
36220,0.021995135
36221,0.05401078
36222,0.05084749
36223,0.282141
36224,0.0691782
36225,0.5634996
36226,0.12265632
36227,0.11369989
36228,0.05702828
36229,0.016201323
36230,0.05731276
36231,0.021894647
36232,0.019844841
36233,0.08647561
36234,0.035755876
36235,0.08294394
36236,0.061406493
36237,0.102003895
36238,0.24381235
36239,0.45242295
36240,0.07204444
36241,0.026609559
36242,0.08325959
36243,0.016762847
36244,0.039424248
36245,0.096417464
36246,0.076065406
36247,0.11289136
36248,0.061830137
36249,0.1108992
36250,0.041457415
36251,0.064770445
36252,0.010751876
36253,0.1447662
36254,0.009986381
36255,0.022816218
36256,0.063973464
36257,0.029524801
36258,0.0205859
36259,0.031411666
36260,0.060947813
36261,0.07156579
36262,0.116146564
36263,0.098041154
36264,0.26569524
36265,0.24011412
36266,0.26289746
36267,0.0150787085
36268,0.08883601
36269,0.050395746
36270,0.050632045
36271,0.09832035
36272,0.03284755
36273,0.029019406
36274,0.07498785
36275,0.05604102
36276,0.04941681
36277,0.06503059
36278,0.06410761
36279,0.0890868
36280,0.01317484
36281,0.046349987
36282,0.12627739
36283,0.061384235
36284,0.21503393
36285,0.42709598
36286,0.11416085
36287,0.11025512
36288,0.07018103
36289,0.09042193
36290,0.074719824
36291,0.08164511
36292,0.056791387
36293,0.014479568
36294,0.034709595
36295,0.279218
36296,0.08097845
36297,0.07312573
36298,0.058601838
36299,0.060620174
36300,0.015372093
36301,0.022001754
36302,0.01710693
36303,0.047533657
36304,0.47220364
36305,0.06164363
36306,0.04461663
36307,0.09619303
36308,0.7888389
36309,0.10270076
36310,0.018345607
36311,0.110804304
36312,0.07148877
36313,0.27046132
36314,0.37846136
36315,0.06688154
36316,0.02313348
36317,0.059041858
36318,0.08195884
36319,0.09327317
36320,0.14657506
36321,0.046350434
36322,0.24216327
36323,0.06889153
36324,0.06596202
36325,0.010080971
36326,0.016219804
36327,0.059435368
36328,0.069384284
36329,0.017091256
36330,0.10710648
36331,0.12662321
36332,0.25776613
36333,0.09351006
36334,0.03551119
36335,0.09794139
36336,0.1604974
36337,0.18548219
36338,0.065120436
36339,0.05907507
36340,0.033741634
36341,0.08279708
36342,0.5113648
36343,0.027805831
36344,0.13733777
36345,0.31296277
36346,0.14851694
36347,0.0072825146
36348,0.012958366
36349,0.0036495426
36350,0.049929164
36351,0.046386495
36352,0.24986409
36353,0.47136024
36354,0.08454287
36355,0.0986436
36356,0.13503893
36357,0.22820683
36358,0.12288442
36359,0.1812565
36360,0.39516357
36361,0.07539362
36362,0.06011048
36363,0.113036364
36364,0.078548245
36365,0.2966776
36366,0.9451614
36367,0.05664523
36368,0.38481236
36369,0.012118186
36370,0.052655842
36371,0.20855768
36372,0.040048007
36373,0.06746463
36374,0.016676728
36375,0.046424694
36376,0.001649973
36377,0.47678095
36378,0.050840776
36379,0.08940409
36380,0.26181227
36381,0.123581424
36382,0.19990045
36383,0.2756914
36384,0.18277574
36385,0.029713457
36386,0.31045365
36387,0.26354218
36388,0.12946974
36389,0.9946608
36390,0.43721828
36391,0.43010083
36392,0.020715892
36393,0.2461765
36394,0.07637983
36395,0.029995624
36396,0.016938316
36397,0.009250808
36398,0.010233775
36399,0.04977057
36400,0.01077934
36401,0.03673931
36402,0.06756515
36403,0.094837606
36404,0.097715326
36405,0.11063872
36406,0.08882161
36407,0.13696532
36408,0.1053129
36409,0.02984975
36410,0.10816425
36411,0.29370892
36412,0.0735502
36413,1.0
36414,0.99546516
36415,0.58032376
36416,0.0
36417,0.025785662
36418,0.09050081
36419,0.44997388
36420,0.09891229
36421,0.01357403
36422,0.045956254
36423,0.0023779674
36424,0.0034414388
36425,0.04184648
36426,0.049397193
36427,0.055904876
36428,0.44452325
36429,0.019127138
36430,0.037045877
36431,0.11589033
36432,0.10902631
36433,0.06552458
36434,0.05285804
36435,0.39634016
36436,0.097044
36437,0.124722674
36438,0.10466278
36439,0.10481806
36440,1.0
36441,0.94354117
36442,0.47994855
36443,0.01685591
36444,0.08070596
36445,0.026617859
36446,0.0
36447,0.44625035
36448,0.07163508
36449,0.29357076
36450,0.04833048
36451,0.12156801
36452,0.016547153
36453,0.09657772
36454,0.11039889
36455,0.12474379
36456,0.14039445
36457,0.5804369
36458,0.5421743
36459,0.11999547
36460,0.12430154
36461,0.07904915
36462,0.06555531
36463,0.10082743
36464,0.052362528
36465,0.03611462
36466,0.123820834
36467,0.14513414
36468,0.048089556
36469,0.10481453
36470,0.02664664
36471,0.97690684
36472,0.96292394
36473,0.94335943
36474,0.070195414
36475,0.06566661
36476,0.24458455
36477,0.44575146
36478,0.02334926
36479,0.0077542234
36480,0.011334094
36481,0.09188522
36482,0.05997246
36483,0.48620588
36484,0.9728754
36485,0.06798755
36486,0.10538178
36487,0.10163904
36488,0.12549984
36489,0.07109087
36490,0.24510898
36491,0.11701036
36492,0.042275753
36493,0.08783675
36494,0.11298204
36495,0.1114327
36496,0.04576454
36497,0.4452694
36498,0.3957484
36499,0.13250004
36500,0.072839394
36501,0.10047287
36502,0.071475275
36503,0.20147912
36504,0.028032305
36505,0.05359993
36506,0.034161523
36507,0.014350011
36508,0.050474133
36509,0.050545417
36510,0.46449548
36511,0.73534703
36512,0.16728751
36513,0.15406238
36514,0.11564703
36515,0.14477322
36516,0.14092268
36517,0.5222931
36518,0.07650226
36519,0.03078361
36520,0.021208355
36521,0.14412466
36522,0.15655452
36523,0.46621838
36524,0.2958037
36525,0.25431785
36526,0.09353383
36527,0.9993147
36528,0.2547569
36529,0.013069893
36530,0.122773364
36531,0.16489285
36532,0.022131437
36533,0.05736231
36534,0.4117669
36535,0.04607442
36536,0.028985213
36537,0.040678278
36538,0.055505298
36539,0.12277729
36540,0.4020973
36541,0.26066658
36542,0.49426758
36543,0.4039371
36544,0.13618064
36545,0.15393247
36546,0.2733606
36547,0.020855337
36548,0.14743882
36549,0.074578375
36550,0.05881038
36551,0.43444085
36552,0.27224347
36553,0.061966702
36554,0.56005275
36555,0.38997692
36556,0.010125758
36557,0.087056436
36558,0.12892385
36559,0.097692996
36560,0.053146273
36561,0.007842775
36562,0.025134116
36563,0.0514291
36564,0.08369426
36565,0.083677106
36566,0.10100481
36567,0.37928373
36568,0.68540764
36569,0.39183682
36570,0.27952775
36571,0.593565
36572,0.100660555
36573,0.014916382
36574,0.05916804
36575,0.06631804
36576,0.24580717
36577,0.16017123
36578,0.06704849
36579,0.028327866
36580,0.067210615
36581,0.13756302
36582,0.023542631
36583,0.046733756
36584,0.09811666
36585,0.015527241
36586,0.0431245
36587,0.0052311714
36588,0.028146103
36589,0.071709916
36590,0.053886037
36591,0.06646852
36592,0.44524816
36593,0.24562965
36594,0.39625448
36595,0.81833464
36596,0.69029653
36597,0.2576728
36598,0.12510876
36599,0.04393322
36600,0.016126018
36601,0.045682374
36602,0.11256288
36603,0.0119319465
36604,0.038729176
36605,0.96038455
36606,0.073414184
36607,0.01753638
36608,0.07739456
36609,0.065097906
36610,0.26090243
36611,0.054375052
36612,0.052246172
36613,0.015185984
36614,0.052226365
36615,0.007832461
36616,0.011184288
36617,0.028466316
36618,0.08171774
36619,0.099727534
36620,0.61810297
36621,0.37742737
36622,0.27649418
36623,1.0
36624,0.27974346
36625,0.3131034
36626,0.1448371
36627,0.041425843
36628,0.028263964
36629,0.025760923
36630,0.0575447
36631,0.06583256
36632,0.039911415
36633,0.07685762
36634,0.4132132
36635,0.11101378
36636,0.43040225
36637,0.039045073
36638,0.12386259
36639,0.12951869
36640,0.15365988
36641,0.27004462
36642,0.0575135
36643,0.023476474
36644,0.004335606
36645,0.04548377
36646,0.1389782
36647,0.9612243
36648,0.3739257
36649,0.7051786
36650,0.37786576
36651,0.45146838
36652,0.13720398
36653,0.11817328
36654,0.05429557
36655,0.022605212
36656,0.055972267
36657,0.039756186
36658,0.14481376
36659,0.11890714
36660,0.06849862
36661,0.30076548
36662,0.026212446
36663,0.08882128
36664,0.4296965
36665,0.061238583
36666,0.0032778843
36667,0.005764688
36668,0.099605285
36669,0.2645717
36670,0.036795918
36671,0.2427536
36672,0.15564315
36673,0.08223344
36674,0.14607337
36675,0.03385362
36676,0.12519151
36677,0.08505404
36678,0.051570863
36679,0.13069789
36680,0.11597114
36681,0.045854688
36682,0.14245932
36683,0.011004127
36684,0.02357604
36685,0.25833425
36686,0.03576291
36687,0.11867237
36688,0.039189033
36689,0.06526876
36690,0.06009811
36691,0.18989144
36692,0.2615471
36693,0.55769145
36694,0.1393533
36695,0.010386905
36696,0.013905224
36697,0.018756652
36698,0.01854078
36699,0.02953978
36700,0.070406176
36701,0.07447043
36702,0.25825995
36703,0.01313905
36704,0.035077065
36705,0.01671575
36706,0.039464545
36707,0.02867458
36708,0.014708335
36709,0.027344668
36710,0.073061325
36711,0.07741726
36712,0.4548363
36713,0.014704143
36714,0.01661817
36715,0.05313262
36716,0.06311005
36717,0.10197321
36718,0.36731932
36719,0.13015737
36720,0.015300799
36721,0.010407104
36722,0.2494083
36723,0.04225109
36724,0.086221665
36725,0.15125443
36726,0.017494725
36727,0.4274678
36728,0.022595957
36729,0.020184293
36730,0.021862427
36731,0.12433183
36732,0.057815436
36733,0.045973774
36734,0.01136704
36735,0.025878083
36736,0.06689055
36737,0.18208615
36738,0.026169222
36739,0.019038765
36740,0.03091339
36741,0.047656033
36742,0.076580785
36743,0.2770538
36744,0.078982234
36745,0.26984307
36746,0.09361376
36747,0.024597611
36748,0.058425397
36749,0.0783319
36750,0.14556633
36751,0.3056429
36752,0.28674915
36753,0.017666567
36754,0.08502546
36755,0.042941034
36756,0.40593836
36757,0.48767468
36758,0.1367697
36759,0.11058257
36760,0.006919865
36761,0.10076367
36762,0.060912658
36763,0.06509319
36764,0.09607577
36765,0.08386288
36766,0.11097908
36767,1.0
36768,0.022765273
36769,0.080413155
36770,0.08295999
36771,0.081574865
36772,0.023272093
36773,0.15360948
36774,0.46374232
36775,0.07185195
36776,0.2698828
36777,0.03317212
36778,0.1253619
36779,0.016148714
36780,0.073407955
36781,0.024650726
36782,0.024134321
36783,0.061073817
36784,0.07446759
36785,0.021498116
36786,0.022122424
36787,0.07088568
36788,0.018248294
36789,0.17678681
36790,0.06147791
36791,0.016803725
36792,0.033508554
36793,0.10186402
36794,0.12066962
36795,0.029033938
36796,0.044036433
36797,0.06510491
36798,0.99332285
36799,0.07529961
36800,0.1504502
36801,0.07425868
36802,0.053558417
36803,0.035485234
36804,0.039819766
36805,0.011023921
36806,0.4296267
36807,0.023933265
36808,0.0028406894
36809,0.00027276116
36810,0.009792238
36811,0.06682294
36812,0.2519266
36813,0.12890719
36814,0.05492999
36815,0.059985746
36816,0.302469
36817,0.026654465
36818,0.023611771
36819,0.03178301
36820,0.03237674
36821,0.032669175
36822,0.29944456
36823,0.06507053
36824,0.015556174
36825,0.020789942
36826,0.08966104
36827,0.1754368
36828,0.13469805
36829,0.10607936
36830,0.077687524
36831,0.03016538
36832,0.07555687
36833,0.09534677
36834,0.16785577
36835,0.25385818
36836,0.014436817
36837,0.024259498
36838,0.016466485
36839,0.012694565
36840,0.022224542
36841,0.018240178
36842,0.018595744
36843,0.04445508
36844,0.089043416
36845,0.06430194
36846,0.11321621
36847,0.020129308
36848,0.2393546
36849,0.016071673
36850,0.31480846
36851,0.022597974
36852,0.018954117
36853,0.020453002
36854,0.011253447
36855,0.01754038
36856,0.033153687
36857,0.015110155
36858,0.01680827
36859,0.0759969
36860,0.035695564
36861,0.08054815
36862,0.017503109
36863,0.057637606
36864,0.016754718
36865,0.12660846
36866,0.027144037
36867,0.039419997
36868,0.01514067
36869,0.04057864
36870,0.010827976
36871,0.023759084
36872,0.13327013
36873,0.31095672
36874,0.071679786
36875,0.07298424
36876,0.08199666
36877,0.060655825
36878,0.027262904
36879,0.10872466
36880,0.016440278
36881,0.14264604
36882,0.1843236
36883,0.028438674
36884,0.036684625
36885,0.04179856
36886,0.013031821
36887,0.008850496
36888,0.006694271
36889,0.010515406
36890,0.04049745
36891,0.009743956
36892,0.13494909
36893,0.08574588
36894,0.018641852
36895,0.19698542
36896,0.019941896
36897,0.015160437
36898,0.002737352
36899,0.009673129
36900,0.051527046
36901,0.020740036
36902,0.029893667
36903,0.04761238
36904,0.041768886
36905,0.15748756
36906,0.43346816
36907,0.026815148
36908,0.27594218
36909,0.020110117
36910,0.02312935
36911,0.021373233
36912,0.04418479
36913,0.036708746
36914,0.050134264
36915,0.052116353
36916,0.035478756
36917,0.037620418
36918,0.07200154
36919,0.057637118
36920,0.041080322
36921,0.38440156
36922,0.036024675
36923,0.009753182
36924,0.03271786
36925,0.2841147
36926,0.30892172
36927,0.025419448
36928,0.034323364
36929,0.0138851125
36930,0.38672695
36931,0.044237692
36932,0.39425927
36933,0.032409225
36934,0.1281529
36935,0.062526956
36936,0.0908702
36937,0.005302189
36938,0.009752386
36939,0.43557453
36940,0.041753966
36941,0.8296987
36942,0.28986612
36943,0.04995239
36944,0.3143141
36945,0.053818095
36946,0.0069083516
36947,0.0288505
36948,0.01469862
36949,0.092365675
36950,0.26065186
36951,0.6437646
36952,0.60886514
36953,0.05377042
36954,0.12778711
36955,0.1429354
36956,0.051194727
36957,0.033854935
36958,0.06680944
36959,0.10662507
36960,0.03385746
36961,0.4425319
36962,0.1302221
36963,0.24461259
36964,0.5748239
36965,0.101822086
36966,0.49853852
36967,0.07013436
36968,0.13186294
36969,0.056095175
36970,0.050136324
36971,0.03635522
36972,0.07986611
36973,0.022623211
36974,0.08224977
36975,0.112349615
36976,0.09537874
36977,0.025040036
36978,0.038627356
36979,0.096548155
36980,0.25337633
36981,0.053824667
36982,0.035524063
36983,0.05802047
36984,0.081141286
36985,0.034257967
36986,0.029210601
36987,0.04848918
36988,0.14379576
36989,0.05876808
36990,0.29113233
36991,0.06392946
36992,0.046578825
36993,0.027026065
36994,0.011448219
36995,0.46313077
36996,0.22565621
36997,0.014619735
36998,0.080801524
36999,0.44756228
37000,0.48960888
37001,0.0018233347
37002,0.0870147
37003,0.07258315
37004,0.019151071
37005,0.023184655
37006,0.042564824
37007,0.06426883
37008,0.06780314
37009,0.07740115
37010,0.28026068
37011,0.40080795
37012,0.15534805
37013,0.05871227
37014,0.029174455
37015,0.03310697
37016,0.2914512
37017,0.04690123
37018,0.0053893863
37019,0.0837804
37020,0.26865065
37021,0.46141714
37022,0.11491022
37023,0.027855484
37024,0.026536852
37025,0.053821716
37026,0.06936934
37027,0.027811296
37028,0.008346203
37029,0.12285654
37030,0.16847508
37031,0.08931394
37032,0.092646204
37033,0.052205686
37034,0.006152626
37035,0.03661706
37036,0.028212827
37037,0.030269422
37038,0.035497107
37039,0.24363716
37040,0.056342464
37041,0.12851346
37042,0.009789242
37043,0.06970324
37044,0.03278743
37045,0.01638358
37046,0.023120793
37047,0.049407408
37048,0.027747111
37049,0.072023615
37050,0.48831323
37051,0.42865184
37052,0.046512317
37053,0.04681493
37054,0.039753813
37055,0.11591276
37056,0.056280106
37057,0.014531657
37058,0.061832357
37059,0.014908907
37060,0.006339374
37061,0.026018053
37062,0.010762896
37063,0.16586682
37064,0.028112587
37065,0.030556774
37066,0.037046127
37067,0.062749475
37068,0.07063393
37069,0.16671622
37070,0.25256523
37071,0.25092444
37072,0.06303396
37073,0.053301893
37074,0.015758568
37075,0.055241074
37076,0.047427796
37077,0.28947517
37078,0.05648272
37079,0.61057156
37080,0.1164482
37081,0.10889129
37082,0.05558459
37083,0.04940858
37084,0.011766339
37085,0.0032694372
37086,0.060523946
37087,0.01005786
37088,0.018071473
37089,0.018482368
37090,0.08166088
37091,0.03850426
37092,0.084418714
37093,0.058935158
37094,0.09802082
37095,0.25131646
37096,0.4960064
37097,0.07310874
37098,0.026194459
37099,0.07572096
37100,0.040016327
37101,0.092676565
37102,0.065308996
37103,0.10909548
37104,0.049408235
37105,0.10380813
37106,0.042163868
37107,0.030428886
37108,0.019022176
37109,0.12767093
37110,0.05931564
37111,0.021647226
37112,0.018532654
37113,0.034489997
37114,0.06122101
37115,0.0778787
37116,0.10599997
37117,0.09651769
37118,0.2491152
37119,0.24165411
37120,0.15809931
37121,0.011697961
37122,0.08000386
37123,0.004986275
37124,0.051972333
37125,0.04661531
37126,0.082959466
37127,0.031289726
37128,0.06449353
37129,0.05436844
37130,0.042613458
37131,0.059910476
37132,0.029960195
37133,0.05359235
37134,0.0040226425
37135,0.07633995
37136,0.01203792
37137,0.040088847
37138,0.11511817
37139,0.058902323
37140,0.1162999
37141,0.4373291
37142,0.10341512
37143,0.116549365
37144,0.067207456
37145,0.09121092
37146,0.06768094
37147,0.07374105
37148,0.049466424
37149,0.0108203
37150,0.012515648
37151,0.030623209
37152,0.2507362
37153,0.08427901
37154,0.06409287
37155,0.05052389
37156,0.05297146
37157,0.017352121
37158,0.021753548
37159,0.017081883
37160,0.048975863
37161,0.4485745
37162,0.059966534
37163,0.046222746
37164,0.091024205
37165,0.8409837
37166,0.09612367
37167,0.11237398
37168,0.07165096
37169,0.2598041
37170,0.36773145
37171,0.060662597
37172,0.021799736
37173,0.05379832
37174,0.07170278
37175,0.09921484
37176,0.15104274
37177,0.04392913
37178,0.23444568
37179,0.0641411
37180,0.06203175
37181,0.009420295
37182,0.022521904
37183,0.05621772
37184,0.060046952
37185,0.014849392
37186,0.11206921
37187,0.12932979
37188,0.27659625
37189,0.08852587
37190,0.03419434
37191,0.112959884
37192,0.159435
37193,0.18585987
37194,0.061702203
37195,0.057388064
37196,0.032168414
37197,0.070828214
37198,0.5245204
37199,0.038119324
37200,0.13322589
37201,0.3915923
37202,0.14420305
37203,0.011333093
37204,0.007392114
37205,0.005692197
37206,0.044117127
37207,0.044319954
37208,0.25378782
37209,0.4672514
37210,0.092354044
37211,0.08987734
37212,0.12872261
37213,0.1218421
37214,0.115042984
37215,0.17886263
37216,0.37133634
37217,0.0770596
37218,0.018266123
37219,0.0629535
37220,0.10480438
37221,0.06780739
37222,0.29720482
37223,0.92327476
37224,0.057707254
37225,0.3972839
37226,0.0099408375
37227,0.044622563
37228,0.2077695
37229,0.012268662
37230,0.0419209
37231,0.07031291
37232,0.01386498
37233,0.047659986
37234,0.46910417
37235,0.055118863
37236,0.08765714
37237,0.2517952
37238,0.122534744
37239,0.19365822
37240,0.28671238
37241,0.27816823
37242,0.021971202
37243,0.29741943
37244,0.122796476
37245,0.11459226
37246,0.9928389
37247,0.3994793
37248,0.31632963
37249,0.018941736
37250,0.13482532
37251,0.073323905
37252,0.02302182
37253,0.016321972
37254,0.044307187
37255,0.0070664897
37256,0.015019231
37257,0.041360307
37258,0.072111115
37259,0.10038235
37260,0.07587101
37261,0.10440847
37262,0.07630696
37263,0.12776646
37264,0.10148205
37265,0.029044293
37266,0.10290952
37267,0.30874425
37268,0.06295679
37269,0.98962426
37270,0.95802623
37271,0.53072286
37272,0.0
37273,0.019983493
37274,0.012183033
37275,0.084322944
37276,0.40252015
37277,0.08013494
37278,0.051801708
37279,0.0034515685
37280,0.0029613054
37281,0.058876634
37282,0.048991576
37283,0.052198693
37284,0.0033733936
37285,0.43974468
37286,0.017237071
37287,0.04215131
37288,0.22692057
37289,0.08423181
37290,0.049310967
37291,0.054333955
37292,0.24318336
37293,0.07972207
37294,0.11734073
37295,0.0938815
37296,0.094749644
37297,1.0
37298,0.89877385
37299,0.48265755
37300,0.015006546
37301,0.08222885
37302,0.021662172
37303,0.0
37304,0.44102418
37305,0.07002387
37306,0.29463112
37307,0.048844993
37308,0.10633102
37309,0.012141019
37310,0.09780858
37311,0.101303004
37312,0.10971913
37313,0.13900594
37314,0.5369335
37315,0.5510694
37316,0.12737873
37317,0.12309998
37318,0.08569314
37319,0.0505419
37320,0.10030382
37321,0.048068203
37322,0.03473505
37323,0.14471824
37324,0.13562074
37325,0.04271348
37326,0.10231624
37327,0.021025263
37328,0.93834525
37329,0.9879146
37330,0.94349813
37331,0.059771676
37332,0.3741023
37333,0.40635318
37334,0.018018601
37335,0.006551182
37336,0.0074112923
37337,0.009753291
37338,0.03708561
37339,0.08288991
37340,0.049569994
37341,0.50063425
37342,0.9720124
37343,0.062954396
37344,0.10181183
37345,0.09653583
37346,0.11681837
37347,0.07150015
37348,0.1345461
37349,0.10802867
37350,0.041234538
37351,0.08258254
37352,0.09358256
37353,0.1062387
37354,0.04048431
37355,0.445797
37356,0.39122897
37357,0.13221148
37358,0.028373247
37359,0.095356435
37360,0.067631595
37361,0.1705754
37362,0.030899419
37363,0.047122456
37364,0.0315025
37365,0.010104074
37366,0.0111369565
37367,0.046423092
37368,0.047034137
37369,0.252814
37370,0.6763242
37371,0.17116246
37372,0.1560339
37373,0.115351066
37374,0.13122685
37375,0.13380553
37376,0.5494791
37377,0.07645024
37378,0.01961306
37379,0.14742444
37380,0.14412834
37381,0.2586402
37382,0.44159317
37383,0.25230277
37384,0.11941004
37385,0.97140354
37386,0.25602925
37387,0.11260263
37388,0.15626706
37389,0.019898115
37390,0.054361284
37391,0.45173463
37392,0.04265093
37393,0.027979584
37394,0.037213672
37395,0.05073388
37396,0.11518855
37397,0.44002956
37398,0.2531025
37399,0.28193977
37400,0.25911337
37401,0.13737181
37402,0.1447107
37403,0.2626627
37404,0.007129539
37405,0.015235005
37406,0.15015434
37407,0.07556791
37408,0.05611225
37409,0.43157032
37410,0.43014917
37411,0.059001897
37412,0.51731026
37413,0.28656358
37414,0.010953578
37415,0.084154055
37416,0.11732638
37417,0.08587153
37418,0.0018252892
37419,0.04651176
37420,0.07431101
37421,0.0849375
37422,0.096790746
37423,0.4116686
37424,0.7301481
37425,0.42653912
37426,0.2772447
37427,0.5577016
37428,0.09275814
37429,0.011443548
37430,0.05495594
37431,0.059352677
37432,0.1351117
37433,0.26104248
37434,0.06382071
37435,0.019846799
37436,0.059088938
37437,0.13560991
37438,0.05209017
37439,0.09314757
37440,0.022001185
37441,0.041155312
37442,0.017004132
37443,0.0063482807
37444,0.027488237
37445,0.07090686
37446,0.051959183
37447,0.07349525
37448,0.4498859
37449,0.1460311
37450,0.39867795
37451,0.7972529
37452,0.66048616
37453,0.26877174
37454,0.10910476
37455,0.041888665
37456,0.04927143
37457,0.11508273
37458,0.01344925
37459,0.031991206
37460,0.9720977
37461,0.06899465
37462,0.07147778
37463,0.06794277
37464,0.25178638
37465,0.05073111
37466,0.05022931
37467,0.06333871
37468,0.0062937224
37469,0.00981919
37470,0.024045894
37471,0.07800867
37472,0.09427258
37473,0.59822565
37474,0.37120205
37475,0.25441375
37476,1.0
37477,0.4038658
37478,0.31803685
37479,0.15373485
37480,0.036373626
37481,0.025539486
37482,0.02866823
37483,0.052147847
37484,0.06140872
37485,0.034163732
37486,0.060204703
37487,0.44253632
37488,0.23618701
37489,0.2775899
37490,0.02954884
37491,0.11533564
37492,0.124838
37493,0.15882821
37494,0.2660911
37495,0.05256639
37496,0.021978946
37497,0.040501416
37498,0.12836085
37499,0.953756
37500,0.39147934
37501,0.70381683
37502,0.42880362
37503,0.2615812
37504,0.13456841
37505,0.11186461
37506,0.05298221
37507,0.011052378
37508,0.025534676
37509,0.009920229
37510,0.035802748
37511,0.14946848
37512,0.11795404
37513,0.051943053
37514,0.1879701
37515,0.021818336
37516,0.08128492
37517,0.4106706
37518,0.057284545
37519,0.0014756966
37520,0.10417272
37521,0.2698759
37522,0.035496287
37523,0.1260356
37524,0.14121671
37525,0.0816796
37526,0.13286495
37527,0.08991998
37528,0.0810368
37529,0.0485662
37530,0.24083908
37531,0.123239465
37532,0.04672941
37533,0.0070991176
37534,0.13354732
37535,0.1270404
37536,0.03264944
37537,0.10075399
37538,0.039568778
37539,0.07660764
37540,0.05954392
37541,0.16790183
37542,0.38025826
37543,0.5798434
37544,0.12137952
37545,0.009205608
37546,0.010155222
37547,0.017875973
37548,0.028943338
37549,0.06785497
37550,0.010220114
37551,0.06805157
37552,0.13476378
37553,0.010344757
37554,0.025414666
37555,0.018212035
37556,0.009516497
37557,0.02811603
37558,0.0712735
37559,0.06946487
37560,0.39383686
37561,0.013811342
37562,0.01353622
37563,0.048238408
37564,0.07243593
37565,0.089511685
37566,0.40066272
37567,0.1233316
37568,0.009014071
37569,0.009953467
37570,0.25110075
37571,0.011468613
37572,0.081868544
37573,0.25157326
37574,0.05281126
37575,0.0044501056
37576,0.00974299
37577,0.28154013
37578,0.021698713
37579,0.023736592
37580,0.11694948
37581,0.05394263
37582,0.044887096
37583,0.02349631
37584,0.06340107
37585,0.14980069
37586,0.034492705
37587,0.02000574
37588,0.029274857
37589,0.04620115
37590,0.07094845
37591,0.2710988
37592,0.07188635
37593,0.27141845
37594,0.08416589
37595,0.027930094
37596,0.015206602
37597,0.050756726
37598,0.07102244
37599,0.026032181
37600,0.37242192
37601,0.29918468
37602,0.009286851
37603,0.08316207
37604,0.04377407
37605,0.0054418454
37606,0.4018762
37607,0.53250474
37608,0.120175876
37609,0.11914389
37610,0.088403404
37611,0.06198593
37612,0.067309104
37613,0.08511569
37614,0.084549285
37615,0.11412113
37616,0.97767264
37617,0.07671039
37618,0.013860761
37619,0.07601569
37620,0.07714938
37621,0.04352657
37622,0.1400385
37623,0.43797082
37624,0.07181505
37625,0.2774694
37626,0.031692583
37627,0.02233752
37628,0.11966822
37629,0.014864478
37630,0.07410573
37631,0.02248371
37632,0.023005541
37633,0.06295146
37634,0.07408881
37635,0.02460124
37636,0.06812633
37637,0.1747774
37638,0.04360569
37639,0.06645836
37640,0.032024633
37641,0.08757154
37642,0.09970702
37643,0.025382474
37644,0.02280431
37645,0.06065192
37646,0.97546595
37647,0.075543076
37648,0.1479791
37649,0.07404195
37650,0.056163184
37651,0.032038193
37652,0.038208086
37653,0.007441788
37654,0.28796855
37655,0.023253337
37656,0.0021704899
37657,0.01195033
37658,0.050134167
37659,0.39759204
37660,0.01040351
37661,0.11968021
37662,0.035707384
37663,0.0068014828
37664,0.056920018
37665,0.2890368
37666,0.028307619
37667,0.023664813
37668,0.045019932
37669,0.024971325
37670,0.033756252
37671,0.14108439
37672,0.07303692
37673,0.015825294
37674,0.0824364
37675,0.26547182
37676,0.11156435
37677,0.10531623
37678,0.074406214
37679,0.030310038
37680,0.064518176
37681,0.09399699
37682,0.29788196
37683,0.1485186
37684,0.008441065
37685,0.019689208
37686,0.014779339
37687,0.010458918
37688,0.02476566
37689,0.016725682
37690,0.040259298
37691,0.08250206
37692,0.07585861
37693,0.11204499
37694,0.14214076
37695,0.01397401
37696,0.37298235
37697,0.008258966
37698,0.020763608
37699,0.01895361
37700,0.013457226
37701,0.01623961
37702,0.018253215
37703,0.008729299
37704,0.0148446495
37705,0.029448528
37706,0.014661226
37707,0.017476555
37708,0.016757896
37709,0.071267
37710,0.029013088
37711,0.06364448
37712,0.06802414
37713,0.010571145
37714,0.003807595
37715,0.12379993
37716,0.027801797
37717,0.04232295
37718,0.037924804
37719,0.016146284
37720,0.019982833
37721,0.11176715
37722,0.30624914
37723,0.068161115
37724,0.07256753
37725,0.07874422
37726,0.056727823
37727,0.025865905
37728,0.09532334
37729,0.017970452
37730,0.14267291
37731,0.16888505
37732,0.025241105
37733,0.016019534
37734,0.040629555
37735,0.025461162
37736,0.020309098
37737,0.008652844
37738,0.039951928
37739,0.13646764
37740,0.08927928
37741,0.006061425
37742,0.28766218
37743,0.015341696
37744,0.022818645
37745,0.015746078
37746,0.01972134
37747,0.047623593
37748,0.029298097
37749,0.04801915
37750,0.02002585
37751,0.019110803
37752,0.1619925
37753,0.27399045
37754,0.023011127
37755,0.12310589
37756,0.013342683
37757,0.02693935
37758,0.04123792
37759,0.0150833065
37760,0.03033754
37761,0.041561194
37762,0.048446707
37763,0.05633457
37764,0.0360211
37765,0.028290259
37766,0.07575712
37767,0.018912902
37768,0.045114215
37769,0.03352629
37770,0.45633686
37771,0.010921967
37772,0.002443884
37773,0.13446599
37774,0.15024734
37775,0.029563224
37776,0.035518624
37777,0.28460076
37778,0.043328643
37779,0.45854586
37780,0.05544412
37781,0.11907839
37782,0.07137059
37783,0.09238847
37784,0.1704056
37785,0.02656079
37786,0.8498289
37787,0.14265184
37788,0.047573127
37789,0.2798469
37790,0.0619623
37791,0.00698371
37792,0.02277126
37793,0.032509685
37794,0.111975685
37795,0.14309482
37796,0.6287226
37797,0.5262121
37798,0.04480853
37799,0.13935311
37800,0.13878989
37801,0.007053522
37802,0.04126174
37803,0.034780327
37804,0.06474064
37805,0.01117878
37806,0.11582791
37807,0.04087128
37808,0.5058556
37809,0.12819521
37810,0.2499172
37811,0.58149755
37812,0.263629
37813,0.028506262
37814,0.582973
37815,0.01804009
37816,0.07734893
37817,0.13404979
37818,0.04324149
37819,0.047572557
37820,0.030332664
37821,0.07187548
37822,0.03001967
37823,0.097391255
37824,0.119645245
37825,0.11912279
37826,0.09140588
37827,0.40006095
37828,0.055659816
37829,0.03265884
37830,0.060062625
37831,0.053578302
37832,0.07279654
37833,0.033957586
37834,0.032367602
37835,0.05043387
37836,0.12887475
37837,0.05214814
37838,0.3069517
37839,0.07110378
37840,0.041822135
37841,0.024017863
37842,0.5116849
37843,0.41456497
37844,0.08859285
37845,0.41819036
37846,0.5047431
37847,0.013482926
37848,0.087020054
37849,0.06983136
37850,0.048787355
37851,0.052280556
37852,0.056711186
37853,0.10452346
37854,0.17960055
37855,0.49541518
37856,0.1649665
37857,0.04878206
37858,0.025717668
37859,0.03301641
37860,0.3028478
37861,0.012898988
37862,0.040990222
37863,0.006932092
37864,0.17906086
37865,0.043623168
37866,0.27739975
37867,0.58070004
37868,0.108546644
37869,0.027118476
37870,0.047151625
37871,0.07075281
37872,0.026044367
37873,0.114438556
37874,0.16250037
37875,0.08501702
37876,0.090781376
37877,0.055494074
37878,0.03712209
37879,0.031344492
37880,0.0287113
37881,0.028644461
37882,0.26278192
37883,0.05821577
37884,0.13068132
37885,0.019164655
37886,0.060105834
37887,0.03337543
37888,0.02352495
37889,0.021204464
37890,0.026520425
37891,0.05083031
37892,0.02697759
37893,0.074694306
37894,0.51792085
37895,0.43389556
37896,0.04347866
37897,0.04287615
37898,0.10079934
37899,0.051750284
37900,0.009711009
37901,0.054826915
37902,0.011391435
37903,0.18025069
37904,0.0296094
37905,0.03166891
37906,0.032497615
37907,0.07631522
37908,0.075227834
37909,0.15458217
37910,0.16239919
37911,0.26101223
37912,0.06486591
37913,0.044646136
37914,0.022070188
37915,0.06409478
37916,0.041683886
37917,0.013801579
37918,0.29676524
37919,0.05199427
37920,0.57829446
37921,0.1009558
37922,0.016059939
37923,0.094096094
37924,0.044727605
37925,0.047659952
37926,0.021916907
37927,0.0
37928,0.00728864
37929,0.058021497
37930,0.01585837
37931,0.016093336
37932,0.016389495
37933,0.08386964
37934,0.033070993
37935,0.083431296
37936,0.05992323
37937,0.11088057
37938,0.15048447
37939,0.51636404
37940,0.074933924
37941,0.03098668
37942,0.07722962
37943,0.01570593
37944,0.037711017
37945,0.008883377
37946,0.10637577
37947,0.053169042
37948,0.10334611
37949,0.050640635
37950,0.0893254
37951,0.039341725
37952,0.057287835
37953,0.032782633
37954,0.1337586
37955,0.006965297
37956,0.05875502
37957,0.019524395
37958,0.025057575
37959,0.033437397
37960,0.053489164
37961,0.07582916
37962,0.10191075
37963,0.093517415
37964,0.26856595
37965,0.23671782
37966,0.14929321
37967,0.01563319
37968,0.083101265
37969,0.008375281
37970,0.051466372
37971,0.046030913
37972,0.07943127
37973,0.027428413
37974,0.022187429
37975,0.060845263
37976,0.042069975
37977,0.04874571
37978,0.058350686
37979,0.026271848
37980,0.057556786
37981,0.0015362784
37982,0.080806516
37983,0.009206264
37984,0.044851813
37985,0.24182859
37986,0.056603625
37987,0.11193381
37988,0.5185176
37989,0.11292406
37990,0.10804031
37991,0.06895803
37992,0.08585123
37993,0.07497429
37994,0.082179435
37995,0.051765244
37996,0.012488156
37997,0.029335154
37998,0.2844504
37999,0.06881891
38000,0.05087712
38001,0.040741995
38002,0.044940114
38003,0.014252505
38004,0.019898977
38005,0.010666762
38006,0.018482326
38007,0.049670413
38008,0.4665352
38009,0.06421141
38010,0.038018078
38011,0.09238584
38012,0.86469954
38013,0.1002143
38014,0.020637449
38015,0.1002186
38016,0.06908934
38017,0.265599
38018,0.3653795
38019,0.063717745
38020,0.02380744
38021,0.055071585
38022,0.063903816
38023,0.09480938
38024,0.13394058
38025,0.042512245
38026,0.13874456
38027,0.051476836
38028,0.06412498
38029,0.008471973
38030,0.022951439
38031,0.059023555
38032,0.059992593
38033,0.019265622
38034,0.107690215
38035,0.122158796
38036,0.26630214
38037,0.08591922
38038,0.03195693
38039,0.10768301
38040,0.15607211
38041,0.26326567
38042,0.060096048
38043,0.05803844
38044,0.032726757
38045,0.06144676
38046,0.51260686
38047,0.0294502
38048,0.13245475
38049,0.41413838
38050,0.14120533
38051,0.009825502
38052,0.012669361
38053,0.0073121376
38054,0.04826673
38055,0.052999947
38056,0.268078
38057,0.4181053
38058,0.08862978
38059,0.08993799
38060,0.13107009
38061,0.11891573
38062,0.113475196
38063,0.17540212
38064,0.40098894
38065,0.06848112
38066,0.05616797
38067,0.10753063
38068,0.06756393
38069,0.1840138
38070,0.91598314
38071,0.05059217
38072,0.42793185
38073,0.043215863
38074,0.19892894
38075,0.013395759
38076,0.044148788
38077,0.063603684
38078,0.023495432
38079,0.04636023
38080,0.55517596
38081,0.048822816
38082,0.08923942
38083,0.25234997
38084,0.1425829
38085,0.19501804
38086,0.27519402
38087,0.26902947
38088,0.029812967
38089,0.17079127
38090,0.12888367
38091,0.11589922
38092,1.0
38093,0.44910273
38094,0.32233533
38095,0.018272173
38096,0.13272828
38097,0.07410551
38098,0.009515946
38099,0.0456163
38100,0.007997935
38101,0.01869002
38102,0.040077277
38103,0.067929566
38104,0.086830474
38105,0.083515495
38106,0.105747566
38107,0.074716285
38108,0.124995045
38109,0.10341319
38110,0.027255408
38111,0.10962418
38112,0.19106145
38113,0.0249329
38114,0.060522307
38115,0.998189
38116,0.99530935
38117,0.52655417
38118,0.0
38119,0.017338946
38120,0.013641016
38121,0.07229082
38122,0.4307492
38123,0.0840795
38124,0.055001065
38125,0.0
38126,0.012140403
38127,0.043780584
38128,0.049839463
38129,0.048957042
38130,0.009495744
38131,0.4714504
38132,0.018857298
38133,0.039371476
38134,0.10642835
38135,0.09628878
38136,0.05597046
38137,0.04837294
38138,0.25638673
38139,0.08923202
38140,0.12036632
38141,0.092801645
38142,0.09066658
38143,1.0
38144,0.9400782
38145,0.42292312
38146,0.0938273
38147,0.02622283
38148,0.44574633
38149,0.055934522
38150,0.2979976
38151,0.05015807
38152,0.10572374
38153,0.013555282
38154,0.09833941
38155,0.083946176
38156,0.10812463
38157,0.17224336
38158,0.59741545
38159,0.61341286
38160,0.124736466
38161,0.11835423
38162,0.07982113
38163,0.064324394
38164,0.10393033
38165,0.051102664
38166,0.030929934
38167,0.02435995
38168,0.11830308
38169,0.13391683
38170,0.04705666
38171,0.09104157
38172,0.030054674
38173,0.9564548
38174,0.9944048
38175,0.92442846
38176,0.06589635
38177,0.26687458
38178,0.47445345
38179,0.021213962
38180,0.0060301945
38181,0.03854547
38182,0.08842825
38183,0.060147524
38184,0.46504006
38185,1.0
38186,0.077847466
38187,0.10334522
38188,0.08858105
38189,0.11633302
38190,0.07774289
38191,0.13407968
38192,0.10199085
38193,0.044843465
38194,0.079592325
38195,0.09112673
38196,0.106788464
38197,0.041076094
38198,0.01745631
38199,0.43700618
38200,0.24395481
38201,0.13404423
38202,0.07264785
38203,0.028928548
38204,0.104537
38205,0.06650938
38206,0.1726381
38207,0.033511344
38208,0.045874357
38209,0.03330434
38210,0.007456135
38211,0.0143770855
38212,0.048700523
38213,0.044668373
38214,0.23948492
38215,0.7356728
38216,0.15752959
38217,0.25129575
38218,0.13087255
38219,0.14140424
38220,0.13413985
38221,0.60988617
38222,0.07853692
38223,0.016645249
38224,0.15011784
38225,0.14389805
38226,0.46000624
38227,0.45616284
38228,0.24016877
38229,0.11753975
38230,1.0
38231,0.25301838
38232,0.1222318
38233,0.24401014
38234,0.018183144
38235,0.053317025
38236,0.46914804
38237,0.052100144
38238,0.030052243
38239,0.041158907
38240,0.051446673
38241,0.10482347
38242,0.46328065
38243,0.2519754
38244,0.525044
38245,0.27939463
38246,0.13081768
38247,0.14534317
38248,0.2727655
38249,0.006253868
38250,0.14592479
38251,0.06658121
38252,0.049875557
38253,0.4039892
38254,0.26610062
38255,0.050884597
38256,0.51464283
38257,0.29139453
38258,0.07278251
38259,0.120476134
38260,0.07901511
38261,0.05724336
38262,0.024919601
38263,0.05119609
38264,0.07620698
38265,0.08464149
38266,0.09472485
38267,0.41231236
38268,0.71749896
38269,0.43759453
38270,0.27146372
38271,0.5882735
38272,0.08992999
38273,0.0075648027
38274,0.054178733
38275,0.054093886
38276,0.13488095
38277,0.27258757
38278,0.06420779
38279,0.030124517
38280,0.061237425
38281,0.13910173
38282,0.019795246
38283,0.04366074
38284,0.088624105
38285,0.024292184
38286,0.018179713
38287,0.04363664
38288,0.008743342
38289,0.02854643
38290,0.06939592
38291,0.051167544
38292,0.0820697
38293,0.25530732
38294,0.23837832
38295,0.41723582
38296,0.800127
38297,0.67310214
38298,0.27248994
38299,0.11292759
38300,0.041694023
38301,0.011960648
38302,0.053624254
38303,0.11016477
38304,0.043727446
38305,0.98415405
38306,0.05947699
38307,0.022307573
38308,0.07178493
38309,0.06504554
38310,0.32319
38311,0.0498997
38312,0.049080636
38313,0.018495178
38314,0.04591646
38315,0.0054753195
38316,0.028895652
38317,0.078421764
38318,0.091878
38319,0.62038803
38320,0.4046662
38321,0.26561394
38322,1.0
38323,0.42662156
38324,0.32771927
38325,0.16172425
38326,0.03168935
38327,0.019035593
38328,0.024114324
38329,0.057568725
38330,0.056453634
38331,0.035109416
38332,0.060794633
38333,0.4335174
38334,0.2394369
38335,0.2621085
38336,0.036214467
38337,0.24800621
38338,0.13579713
38339,0.14464991
38340,0.16214827
38341,0.04800077
38342,0.022377273
38343,0.037563723
38344,0.1269209
38345,0.9937191
38346,0.42267057
38347,0.77726334
38348,0.41676563
38349,0.27817717
38350,0.1377933
38351,0.11415849
38352,0.0061890804
38353,0.019929916
38354,0.0075727953
38355,0.013204093
38356,0.13759863
38357,0.11080654
38358,0.058130715
38359,0.2954812
38360,0.024860438
38361,0.081158385
38362,0.2994581
38363,0.052707803
38364,0.0066166753
38365,0.0060826996
38366,0.09550935
38367,0.25490054
38368,0.0351305
38369,0.12105403
38370,0.15644
38371,0.082252465
38372,0.14354913
38373,0.028685952
38374,0.08659193
38375,0.07605291
38376,0.048288867
38377,0.24523517
38378,0.11870664
38379,0.046377867
38380,0.0082453275
38381,0.12922205
38382,0.012362014
38383,0.11884621
38384,0.04877018
38385,0.03422105
38386,0.10048478
38387,0.02958709
38388,0.056331713
38389,0.059797212
38390,0.17683023
38391,0.2664511
38392,0.6052185
38393,0.13440573
38394,0.013116307
38395,0.015418808
38396,0.02089851
38397,0.058588635
38398,0.014424702
38399,0.06514433
38400,0.14096628
38401,0.011761318
38402,0.025363944
38403,0.015126689
38404,0.027701406
38405,0.071189374
38406,0.075051844
38407,0.47974697
38408,0.011641238
38409,0.016782755
38410,0.048812553
38411,0.06581586
38412,0.093876585
38413,0.41034386
38414,0.13034083
38415,0.009777201
38416,0.25226602
38417,0.08282751
38418,0.12633958
38419,0.050022323
38420,0.0067480034
38421,0.28440654
38422,0.021163227
38423,0.117006116
38424,0.055815313
38425,0.041423786
38426,0.015292921
38427,0.025828283
38428,0.0636666
38429,0.27475443
38430,0.024633251
38431,0.019839495
38432,0.03405977
38433,0.042512424
38434,0.07969597
38435,0.27262577
38436,0.07073725
38437,0.17210053
38438,0.096371114
38439,0.02708258
38440,0.04941229
38441,0.026944993
38442,0.40535125
38443,0.42162776
38444,0.01185964
38445,0.08630465
38446,0.038113736
38447,0.011154445
38448,0.42297372
38449,0.630229
38450,0.11980995
38451,0.119647674
38452,0.011816363
38453,0.086961456
38454,0.06348756
38455,0.053884838
38456,0.09846374
38457,0.08478223
38458,0.10461162
38459,1.0
38460,0.08081944
38461,0.015395428
38462,0.074830316
38463,0.077310756
38464,0.013288016
38465,0.035146277
38466,0.1405286
38467,0.5195159
38468,0.06596354
38469,0.26368994
38470,0.026788343
38471,0.120055124
38472,0.0054601845
38473,0.015535691
38474,0.07259731
38475,0.024838233
38476,0.024100544
38477,0.061725307
38478,0.07696664
38479,0.023322182
38480,0.06499964
38481,0.013301712
38482,0.017471801
38483,0.17235789
38484,0.050004326
38485,0.057869203
38486,0.086036004
38487,0.1006029
38488,0.020480668
38489,0.055473574
38490,1.0
38491,0.066550076
38492,0.13615829
38493,0.07573738
38494,0.053836085
38495,0.036479082
38496,0.03730318
38497,0.0079067135
38498,0.29873478
38499,0.024089504
38500,0.008633287
38501,0.01669369
38502,0.05304019
38503,0.394531
38504,0.018442234
38505,0.11249524
38506,0.043395847
38507,0.05488484
38508,0.44645852
38509,0.022112528
38510,0.024879396
38511,0.021384494
38512,0.031711597
38513,0.03455607
38514,0.1369153
38515,0.06720955
38516,0.016517108
38517,0.09141502
38518,0.29100838
38519,0.10183877
38520,0.10955865
38521,0.069198936
38522,0.02623358
38523,0.06652268
38524,0.02288941
38525,0.089761615
38526,0.163286
38527,0.24706309
38528,0.010376561
38529,0.022305239
38530,0.016244635
38531,0.013194011
38532,0.018093448
38533,0.020200755
38534,0.016361639
38535,0.039022885
38536,0.08820609
38537,0.066944726
38538,0.095018536
38539,0.14676684
38540,0.29518473
38541,0.024321761
38542,0.01353085
38543,0.017173039
38544,0.019127103
38545,0.009384545
38546,0.01400467
38547,0.068505876
38548,0.023217842
38549,0.080079265
38550,0.063867874
38551,0.018577868
38552,0.120117426
38553,0.02987291
38554,0.041457787
38555,0.010520397
38556,0.03881386
38557,0.019145308
38558,0.11395796
38559,0.31143194
38560,0.068420365
38561,0.07170864
38562,0.07870874
38563,0.060676835
38564,0.02622984
38565,0.08670113
38566,0.016409418
38567,0.12667494
38568,0.169321
38569,0.018374808
38570,0.03727378
38571,0.04233291
38572,0.021263456
38573,0.021958979
38574,0.011953072
38575,0.03264292
38576,0.13634275
38577,0.09818111
38578,0.040695626
38579,0.1818279
38580,0.022978095
38581,0.04728341
38582,0.025573976
38583,0.04756615
38584,0.04081646
38585,0.16399966
38586,0.17763755
38587,0.019985892
38588,0.13295998
38589,0.0074503836
38590,0.01899009
38591,0.028928485
38592,0.0222605
38593,0.028395697
38594,0.043251462
38595,0.03621644
38596,0.03538054
38597,0.044137113
38598,0.053615734
38599,0.012123949
38600,0.07119474
38601,0.04827481
38602,0.025742251
38603,0.49001685
38604,0.017709676
38605,0.03355311
38606,0.27346507
38607,0.29780313
38608,0.02838064
38609,0.035142366
38610,0.25877717
38611,0.06930037
38612,0.4380957
38613,0.024163498
38614,0.2602099
38615,0.06184618
38616,0.0059058
38617,0.0054328814
38618,0.0030835643
38619,0.14847073
38620,0.95796883
38621,0.25053918
38622,0.053747576
38623,0.43202126
38624,0.052336574
38625,0.021936988
38626,0.010088271
38627,0.082562976
38628,0.17710546
38629,0.59363455
38630,0.57404995
38631,0.054670412
38632,0.066575065
38633,0.26410306
38634,0.15776199
38635,0.031337008
38636,0.02152768
38637,0.056456685
38638,0.011091729
38639,0.1384849
38640,0.5201458
38641,0.24326141
38642,0.24869634
38643,0.5410057
38644,0.093887955
38645,0.026030554
38646,0.4254423
38647,0.073639266
38648,0.13874352
38649,0.037277307
38650,0.035630956
38651,0.028237198
38652,0.06901882
38653,0.08625444
38654,0.10345879
38655,0.10055628
38656,0.029750183
38657,0.08836706
38658,0.40793213
38659,0.051309966
38660,0.06562166
38661,0.03766496
38662,0.06398027
38663,0.029483894
38664,0.04981043
38665,0.14359452
38666,0.28860503
38667,0.062540725
38668,0.123419985
38669,0.041567687
38670,0.02415563
38671,0.5012167
38672,0.08993104
38673,0.07788621
38674,0.40187585
38675,0.432177
38676,0.08133807
38677,0.067970864
38678,0.021842845
38679,0.009216539
38680,0.027094409
38681,0.06907884
38682,0.08987402
38683,0.279458
38684,0.44224375
38685,0.13287713
38686,0.053640902
38687,0.011236287
38688,0.03016367
38689,0.27931377
38690,0.010198505
38691,0.032075286
38692,0.06277357
38693,0.040038094
38694,0.023780959
38695,0.27161962
38696,0.40491462
38697,0.12034239
38698,0.029370766
38699,0.053830083
38700,0.063351564
38701,0.0046659964
38702,0.008898413
38703,0.018896801
38704,0.10919139
38705,0.16416857
38706,0.07281463
38707,0.08332894
38708,0.047141585
38709,0.035834722
38710,0.03644174
38711,0.27644658
38712,0.065839015
38713,0.118370004
38714,0.023806525
38715,0.064812645
38716,0.03363487
38717,0.024660425
38718,0.023134189
38719,0.02558792
38720,0.040598616
38721,0.028884005
38722,0.07297021
38723,0.521999
38724,0.43777618
38725,0.038478907
38726,0.03628009
38727,0.027602658
38728,0.0802302
38729,0.04512468
38730,0.048491035
38731,0.009469042
38732,0.023870012
38733,0.16502608
38734,0.030375209
38735,0.02632555
38736,0.03339713
38737,0.06273552
38738,0.071570024
38739,0.15841137
38740,0.29067427
38741,0.25794458
38742,0.06802128
38743,0.048767515
38744,0.01813428
38745,0.051517636
38746,0.043930065
38747,0.017725738
38748,0.2751315
38749,0.054103788
38750,0.5749164
38751,0.09085215
38752,0.09302759
38753,0.03409261
38754,0.04260741
38755,0.043591358
38756,0.016847217
38757,0.012776615
38758,0.020380335
38759,0.022792052
38760,0.0881326
38761,0.039753072
38762,0.08177934
38763,0.05746075
38764,0.10697817
38765,0.14600241
38766,0.5274609
38767,0.07231712
38768,0.029859005
38769,0.080377705
38770,0.016915476
38771,0.038001847
38772,0.10269502
38773,0.05929078
38774,0.10281976
38775,0.037264768
38776,0.09189396
38777,0.04437617
38778,0.022583641
38779,0.008743842
38780,0.13396485
38781,0.0042270026
38782,0.019610265
38783,0.053247165
38784,0.017583003
38785,0.028663844
38786,0.03515623
38787,0.05459621
38788,0.07054934
38789,0.10426532
38790,0.09083396
38791,0.17615974
38792,0.2560279
38793,0.2707905
38794,0.017617092
38795,0.08520626
38796,0.05125862
38797,0.04356392
38798,0.06587794
38799,0.05718532
38800,0.04444719
38801,0.04085584
38802,0.05305871
38803,0.022064313
38804,0.05046857
38805,0.08301986
38806,0.018181767
38807,0.044596735
38808,0.26687998
38809,0.051374067
38810,0.11504272
38811,0.33730695
38812,0.11139848
38813,0.10131956
38814,0.05988227
38815,0.084399536
38816,0.07054216
38817,0.07772
38818,0.057952967
38819,0.011780604
38820,0.017717537
38821,0.27832955
38822,0.0675656
38823,0.043495055
38824,0.049395625
38825,0.0395466
38826,0.015362054
38827,0.013476873
38828,0.048764437
38829,0.28725392
38830,0.062804125
38831,0.039238133
38832,0.0958975
38833,0.89195544
38834,0.100618415
38835,0.025539242
38836,0.10323524
38837,0.064048834
38838,0.1656234
38839,0.38570845
38840,0.065696016
38841,0.021928554
38842,0.055466115
38843,0.055843778
38844,0.10216429
38845,0.13136071
38846,0.034602135
38847,0.12631539
38848,0.045854013
38849,0.0600031
38850,0.004210072
38851,0.022769045
38852,0.053192288
38853,0.056415558
38854,0.023314599
38855,0.09344275
38856,0.12385912
38857,0.26175457
38858,0.08927991
38859,0.034567613
38860,0.07917125
38861,0.14288925
38862,0.16662751
38863,0.06286482
38864,0.05819628
38865,0.02787212
38866,0.008556063
38867,0.056023166
38868,0.53930664
38869,0.027252652
38870,0.1273077
38871,0.4290715
38872,0.11414138
38873,0.013971489
38874,0.010576063
38875,0.04489504
38876,0.044552106
38877,0.42689973
38878,0.2851225
38879,0.09106771
38880,0.08370729
38881,0.1345159
38882,0.12749206
38883,0.11690851
38884,0.18274131
38885,0.38144335
38886,0.07179204
38887,0.054110464
38888,0.102322064
38889,0.06008543
38890,0.25398913
38891,0.892593
38892,0.27593836
38893,0.008270724
38894,0.16507922
38895,0.19618247
38896,0.010489993
38897,0.017580733
38898,0.03875341
38899,0.07335873
38900,0.021612357
38901,0.048102725
38902,0.5228782
38903,0.048602685
38904,0.08916642
38905,0.26164508
38906,0.11417024
38907,0.1872859
38908,0.40389797
38909,0.16680565
38910,0.025495857
38911,0.18142737
38912,0.12009
38913,0.10616005
38914,0.98269755
38915,0.2967608
38916,0.292274
38917,0.0143272085
38918,0.1265713
38919,0.068591535
38920,0.012832711
38921,0.0023246973
38922,0.048820138
38923,0.009369764
38924,0.0170734
38925,0.040158983
38926,0.069290146
38927,0.10492547
38928,0.07709257
38929,0.1102645
38930,0.07404676
38931,0.12843297
38932,0.09142918
38933,0.09807553
38934,0.2716612
38935,0.019344863
38936,0.049904488
38937,1.0
38938,0.9963124
38939,0.4985781
38940,0.010273574
38941,0.0848962
38942,0.48147526
38943,0.08114791
38944,0.038809665
38945,0.04795275
38946,0.052481946
38947,0.04811324
38948,0.0057118894
38949,0.51731783
38950,0.018966038
38951,0.031663153
38952,0.09958663
38953,0.10268563
38954,0.04431755
38955,0.0359317
38956,0.2386377
38957,0.07722173
38958,0.10583048
38959,0.08564639
38960,0.080638535
38961,0.98687154
38962,0.90329695
38963,0.41343153
38964,0.067992754
38965,0.026333647
38966,0.47950533
38967,0.06169085
38968,0.2809262
38969,0.048002306
38970,0.1020275
38971,0.016426168
38972,0.09519064
38973,0.09499374
38974,0.105756395
38975,0.13207917
38976,0.6082105
38977,0.6443581
38978,0.13769715
38979,0.12823302
38980,0.068441965
38981,0.046288468
38982,0.09664105
38983,0.051923394
38984,0.030955214
38985,0.11412586
38986,0.12425721
38987,0.042763203
38988,0.09036804
38989,0.02308879
38990,0.98343664
38991,0.9700112
38992,0.96019995
38993,0.05774922
38994,0.05916879
38995,0.24282259
38996,0.0015381452
38997,0.45640963
38998,0.016342415
38999,0.012357042
39000,0.034444965
39001,0.08285457
39002,0.04985933
39003,0.5516795
39004,0.98158973
39005,0.058460012
39006,0.10222515
39007,0.098211624
39008,0.11990662
39009,0.060385812
39010,0.24025021
39011,0.094511576
39012,0.033678908
39013,0.061327655
39014,0.08799036
39015,0.09687
39016,0.03386425
39017,0.013739026
39018,0.2908739
39019,0.2634235
39020,0.12494692
39021,0.08526942
39022,0.056937486
39023,0.1745094
39024,0.02285738
39025,0.041731596
39026,0.012419105
39027,0.046032645
39028,0.04559725
39029,0.46270517
39030,0.7917521
39031,0.15561964
39032,0.13144067
39033,0.24960844
39034,0.1326372
39035,0.13062054
39036,0.6024268
39037,0.07023376
39038,0.030138876
39039,0.013208073
39040,0.13380334
39041,0.13106179
39042,0.47078946
39043,0.2929934
39044,0.17711107
39045,0.10890919
39046,0.9805462
39047,0.12277605
39048,0.23549677
39049,0.14004588
39050,0.018841268
39051,0.04158478
39052,0.30079737
39053,0.04478736
39054,0.031565607
39055,0.037214927
39056,0.046236627
39057,0.110312685
39058,0.51085943
39059,0.2693242
39060,0.28747705
39061,0.28427264
39062,0.12271958
39063,0.14930393
39064,0.26620468
39065,0.017302249
39066,0.13301909
39067,0.06940874
39068,0.051532775
39069,0.4651467
39070,0.24935338
39071,0.042436562
39072,0.46678355
39073,0.28267077
39074,0.08097192
39075,0.09985358
39076,0.08041571
39077,0.04963728
39078,0.024570897
39079,0.054302484
39080,0.07299325
39081,0.08628815
39082,0.100144506
39083,0.408485
39084,0.71595085
39085,0.4574024
39086,0.37592533
39087,0.5127964
39088,0.089434914
39089,0.011454741
39090,0.05204177
39091,0.07100545
39092,0.12997164
39093,0.27423796
39094,0.06923156
39095,0.024526693
39096,0.055492472
39097,0.13372771
39098,0.03539573
39099,0.09054067
39100,0.017473228
39101,0.03452486
39102,0.010875162
39103,0.0075696562
39104,0.02752112
39105,0.06658048
39106,0.046950642
39107,0.07249072
39108,0.5179257
39109,0.23660144
39110,0.37449738
39111,0.8345281
39112,0.6841722
39113,0.26616356
39114,0.09996407
39115,0.03045851
39116,0.012827712
39117,0.05050679
39118,0.099158704
39119,0.030647127
39120,0.9704442
39121,0.06610505
39122,0.024528423
39123,0.060495626
39124,0.056874033
39125,0.42145625
39126,0.045716844
39127,0.038879193
39128,0.008728725
39129,0.04635652
39130,0.0104226675
39131,0.0073914174
39132,0.024465922
39133,0.08054664
39134,0.0947414
39135,0.6108165
39136,0.42249933
39137,0.42091608
39138,1.0
39139,0.44643
39140,0.29206473
39141,0.14442898
39142,0.019895747
39143,0.02428455
39144,0.04524266
39145,0.057463974
39146,0.032834005
39147,0.061414186
39148,0.417052
39149,0.09925688
39150,0.27341175
39151,0.027897352
39152,0.11636975
39153,0.12373387
39154,0.13070683
39155,0.13680774
39156,0.046091393
39157,0.026739728
39158,0.0017132529
39159,0.042130604
39160,0.12277001
39161,0.97314304
39162,0.39495736
39163,0.8027173
39164,0.44004396
39165,0.2786046
39166,0.13474318
39167,0.097842105
39168,0.00850296
39169,0.024713684
39170,0.012973126
39171,0.051907104
39172,0.13063796
39173,0.07778189
39174,0.050327804
39175,0.19017227
39176,0.023650069
39177,0.065866135
39178,0.28299907
39179,0.04897872
39180,0.08676601
39181,0.26515874
39182,0.12670276
39183,0.15272969
39184,0.06387033
39185,0.13763687
39186,0.1080415
39187,0.08372035
39188,0.04382157
39189,0.10702982
39190,0.12063434
39191,0.005609902
39192,0.11305124
39193,0.009891017
39194,0.10943318
39195,0.049284045
39196,0.03005422
39197,0.09495674
39198,0.037609007
39199,0.05430025
39200,0.06245379
39201,0.1786851
39202,0.2756217
39203,0.6049025
39204,0.13009134
39205,0.0108189415
39206,0.015453534
39207,0.018193876
39208,0.02498549
39209,0.058956068
39210,0.060148355
39211,0.12234935
39212,0.02661754
39213,0.023910485
39214,0.010784965
39215,0.014044994
39216,0.043977346
39217,0.06671605
39218,0.072032385
39219,0.54251724
39220,0.011979414
39221,0.013898793
39222,0.049321312
39223,0.070542306
39224,0.08870251
39225,0.44727984
39226,0.13414939
39227,0.009814957
39228,0.25502008
39229,0.038533594
39230,0.014457329
39231,0.07653153
39232,0.120550595
39233,0.011120303
39234,0.27731353
39235,0.020387173
39236,0.11655629
39237,0.054583102
39238,0.04474266
39239,0.013002852
39240,0.031229137
39241,0.066473626
39242,0.43388438
39243,0.03677976
39244,0.015672611
39245,0.027829595
39246,0.040520623
39247,0.068277344
39248,0.17491661
39249,0.0633195
39250,0.2672417
39251,0.07984363
39252,0.032007787
39253,0.041555274
39254,0.058219213
39255,0.026258519
39256,0.28413364
39257,0.46377772
39258,0.07915142
39259,0.039223857
39260,0.44440746
39261,0.69200665
39262,0.12597002
39263,0.12556481
39264,0.010507732
39265,0.08175761
39266,0.04658137
39267,0.04883002
39268,0.10523232
39269,0.07616101
39270,0.09660358
39271,0.95578563
39272,0.066813655
39273,0.0697131
39274,0.0651028
39275,0.037735663
39276,0.1261356
39277,0.43520936
39278,0.056943342
39279,0.18041809
39280,0.027050521
39281,0.10924783
39282,0.015519936
39283,0.072606035
39284,0.028246002
39285,0.0029091898
39286,0.025526976
39287,0.058112197
39288,0.08247488
39289,0.022672167
39290,0.060086567
39291,0.007794191
39292,0.012882124
39293,0.16564804
39294,0.045653183
39295,0.051726665
39296,0.034279473
39297,0.06673396
39298,0.0923394
39299,0.041191865
39300,0.9942693
39301,0.059291508
39302,0.12650022
39303,0.061916105
39304,0.041378975
39305,0.03748743
39306,0.038291153
39307,0.014234383
39308,0.013155609
39309,0.29608655
39310,0.023039503
39311,0.009351867
39312,0.013310461
39313,0.12072537
39314,0.021511985
39315,0.09703711
39316,0.04056954
39317,0.04467774
39318,0.46262142
39319,0.023717683
39320,0.014930109
39321,0.023368763
39322,0.032010555
39323,0.030194089
39324,0.12506606
39325,0.0641885
39326,0.012672392
39327,0.0066694994
39328,0.08439944
39329,0.27799097
39330,0.082666285
39331,0.08642336
39332,0.06820464
39333,0.020483254
39334,0.06615091
39335,0.07902874
39336,0.3108677
39337,0.14025918
39338,0.013247326
39339,0.01577618
39340,0.012126133
39341,0.0086786235
39342,0.015825143
39343,0.0117530795
39344,0.01733671
39345,0.027633168
39346,0.07944998
39347,0.050720785
39348,0.08910362
39349,0.14909628
39350,0.2717008
39351,0.013978908
39352,0.019291583
39353,0.011024317
39354,0.017321857
39355,0.01803226
39356,0.012365854
39357,0.0271141
39358,0.014220567
39359,0.014101421
39360,0.016822215
39361,0.057937987
39362,0.057159863
39363,0.015205651
39364,0.052117687
39365,0.115115434
39366,0.033195406
39367,0.031660724
39368,0.014766472
39369,0.12358374
39370,0.015448364
39371,0.47466806
39372,0.07394705
39373,0.056108564
39374,0.07483105
39375,0.005932953
39376,0.06008158
39377,0.024701672
39378,0.0071319574
39379,0.100335345
39380,0.01786809
39381,0.12465804
39382,0.18721741
39383,0.029275345
39384,0.036691472
39385,0.015967581
39386,0.0074286126
39387,0.012266475
39388,0.030182332
39389,0.013578039
39390,0.1284238
39391,0.084504984
39392,0.2049634
39393,0.011973691
39394,0.01005418
39395,0.042965487
39396,0.024664761
39397,0.015311114
39398,0.04245237
39399,0.033640023
39400,0.3049546
39401,0.25861803
39402,0.017369142
39403,0.12076757
39404,0.009827903
39405,0.0136323655
39406,0.04386742
39407,0.03216578
39408,0.04776812
39409,0.036277056
39410,0.04240534
39411,0.035045378
39412,0.04125211
39413,0.029092632
39414,0.034685157
39415,0.068828635
39416,0.019495608
39417,0.037620626
39418,0.031644624
39419,0.28876066
39420,0.042121172
39421,0.0336771
39422,0.024043469
39423,0.16027103
39424,0.2887145
39425,0.022549083
39426,0.043912422
39427,0.25751147
39428,0.03277721
39429,0.25112453
39430,0.2605818
39431,0.06130231
39432,0.027112572
39433,0.003996276
39434,0.012244712
39435,0.006462569
39436,0.14717045
39437,0.048423603
39438,0.88510674
39439,0.124907784
39440,0.058147985
39441,0.29187104
39442,0.049335413
39443,0.016532023
39444,0.01971783
39445,0.06630189
39446,0.15144372
39447,0.5359785
39448,0.5787878
39449,0.047300026
39450,0.077471696
39451,0.13929081
39452,0.2748826
39453,0.009657715
39454,0.032692377
39455,0.020911708
39456,0.04850496
39457,0.120155856
39458,0.517932
39459,0.111652285
39460,0.2434305
39461,0.56375355
39462,0.25096428
39463,0.026905397
39464,0.45169303
39465,0.07845714
39466,0.10555882
39467,0.038429126
39468,0.034662668
39469,0.029563637
39470,0.06618449
39471,0.1011311
39472,0.11468094
39473,0.11470456
39474,0.11708049
39475,0.4008831
39476,0.04891784
39477,0.034420226
39478,0.057665125
39479,0.047049765
39480,0.06423893
39481,0.029120753
39482,0.024506867
39483,0.0367372
39484,0.05636343
39485,0.13569027
39486,0.16444857
39487,0.04597534
39488,0.006426681
39489,0.51064885
39490,0.10528392
39491,0.1981316
39492,0.41508847
39493,0.39592788
39494,0.0076351617
39495,0.08339835
39496,0.06932501
39497,0.00913755
39498,0.036722325
39499,0.063867815
39500,0.077360414
39501,0.08873325
39502,0.15790382
39503,0.403722
39504,0.01877344
39505,0.14609315
39506,0.048831645
39507,0.024642797
39508,0.27762896
39509,0.034030315
39510,0.06087554
39511,0.03620465
39512,0.1306388
39513,0.43527526
39514,0.12103945
39515,0.021935882
39516,0.025531173
39517,0.053091098
39518,0.061344914
39519,0.009741314
39520,0.01528488
39521,0.0905504
39522,0.15538816
39523,0.079689495
39524,0.078550026
39525,0.04900696
39526,0.031063678
39527,0.035376344
39528,0.0347742
39529,0.036994185
39530,0.14249346
39531,0.065620326
39532,0.12605816
39533,0.016477887
39534,0.06019684
39535,0.03534124
39536,0.026815277
39537,0.023990277
39538,0.05680044
39539,0.0270837
39540,0.07661422
39541,0.44568
39542,0.4273
39543,0.036083248
39544,0.03855253
39545,0.07299984
39546,0.04245394
39547,0.009817166
39548,0.045711067
39549,0.012430641
39550,0.15443376
39551,0.03247506
39552,0.03003943
39553,0.034720514
39554,0.0
39555,0.0617426
39556,0.06939228
39557,0.26215455
39558,0.42290896
39559,0.25536823
39560,0.06799607
39561,0.046979897
39562,0.0230632
39563,0.05009305
39564,0.047087442
39565,0.013890004
39566,0.3914219
39567,0.04882864
39568,0.53959835
39569,0.09335917
39570,0.0041326997
39571,0.07971171
39572,0.03789067
39573,0.03909061
39574,0.0021236606
39575,0.04238994
39576,0.019277256
39577,0.012913823
39578,0.022000274
39579,0.023822127
39580,0.08533816
39581,0.030502172
39582,0.083390005
39583,0.059261918
39584,0.09899733
39585,0.2724352
39586,0.5209186
39587,0.07816638
39588,0.07923487
39589,0.016691346
39590,0.03871933
39591,0.09563331
39592,0.039463595
39593,0.098268844
39594,0.04174957
39595,0.08478657
39596,0.0425797
39597,0.0138214305
39598,0.012176964
39599,0.12759951
39600,0.0059356065
39601,0.044156063
39602,0.02259701
39603,0.026681878
39604,0.040057953
39605,0.064440385
39606,0.07555611
39607,0.10105662
39608,0.094476625
39609,0.27326843
39610,0.26063985
39611,0.15910932
39612,0.015726432
39613,0.0828561
39614,0.012783932
39615,0.05349189
39616,0.043855894
39617,0.07138524
39618,0.020031389
39619,0.020134019
39620,0.05379599
39621,0.03648853
39622,0.007922529
39623,0.055105582
39624,0.046918552
39625,0.07771576
39626,0.05098866
39627,0.28023866
39628,0.061760813
39629,0.122159004
39630,0.3412326
39631,0.1047016
39632,0.09856872
39633,0.07032318
39634,0.087424874
39635,0.07453908
39636,0.08092403
39637,0.04711197
39638,0.01672445
39639,0.25555527
39640,0.062101416
39641,0.057387043
39642,0.03553531
39643,0.04428295
39644,0.019450229
39645,0.01847247
39646,0.05178018
39647,0.4813176
39648,0.05861674
39649,0.04029582
39650,0.09683299
39651,0.93320704
39652,0.099828735
39653,0.028978959
39654,0.105596766
39655,0.06807741
39656,0.26728636
39657,0.4256418
39658,0.063879415
39659,0.024765402
39660,0.051435653
39661,0.045815162
39662,0.0901344
39663,0.23514085
39664,0.040710174
39665,0.124765955
39666,0.04873104
39667,0.046981495
39668,0.019626068
39669,0.060086295
39670,0.06141334
39671,0.020536203
39672,0.11537236
39673,0.12798844
39674,0.28368834
39675,0.09283119
39676,0.034620326
39677,0.08671268
39678,0.15766937
39679,0.26282492
39680,0.057051696
39681,0.030156123
39682,0.014246388
39683,0.04731292
39684,0.52774286
39685,0.023629403
39686,0.1312798
39687,0.41143015
39688,0.12714463
39689,0.0075050895
39690,0.014596091
39691,0.043429513
39692,0.04939927
39693,0.50315964
39694,0.2710287
39695,0.09266769
39696,0.09055506
39697,0.12736088
39698,0.122082494
39699,0.10275343
39700,0.17983334
39701,0.25156578
39702,0.07044998
39703,0.05067137
39704,0.098660946
39705,0.05399514
39706,0.18950114
39707,0.85971165
39708,0.042507023
39709,0.27145848
39710,0.04014457
39711,0.1994936
39712,0.012566988
39713,0.043786373
39714,0.08089644
39715,0.021527896
39716,0.04913311
39717,0.5477391
39718,0.055154346
39719,0.08024249
39720,0.25713798
39721,0.1279098
39722,0.18031244
39723,0.25994325
39724,0.16367552
39725,0.027049031
39726,0.17587768
39727,0.119521715
39728,0.108820215
39729,0.99489206
39730,0.40989706
39731,0.2935793
39732,0.010892017
39733,0.152388
39734,0.064789265
39735,0.02258902
39736,0.009086165
39737,0.005793348
39738,0.049514815
39739,0.013340136
39740,0.018935423
39741,0.048511017
39742,0.06690838
39743,0.09314353
39744,0.07970758
39745,0.111698404
39746,0.080096275
39747,0.12527388
39748,0.09368819
39749,0.085564926
39750,0.18603602
39751,0.020209767
39752,0.05498861
39753,0.99235845
39754,0.9506153
39755,0.5154184
39756,0.02110786
39757,0.014655271
39758,0.09203254
39759,0.49855846
39760,0.07781168
39761,0.0013356308
39762,0.048393335
39763,0.04659181
39764,0.04572323
39765,0.44763312
39766,0.020989329
39767,0.041731656
39768,0.09725201
39769,0.08882988
39770,0.058574066
39771,0.042546336
39772,0.40305802
39773,0.07825133
39774,0.10352129
39775,0.09503218
39776,0.08966267
39777,0.9823212
39778,0.91711974
39779,0.33247203
39780,0.07618505
39781,0.023341851
39782,0.0034877462
39783,0.47422943
39784,0.0633498
39785,0.2014552
39786,0.044038747
39787,0.10228005
39788,0.017551186
39789,0.094923966
39790,0.09563579
39791,0.11394521
39792,0.13817033
39793,0.53132117
39794,0.57638645
39795,0.11884008
39796,0.13208222
39797,0.08284376
39798,0.046206348
39799,0.08770629
39800,0.04552211
39801,0.030767577
39802,0.021404536
39803,0.11617402
39804,0.12432841
39805,0.097030744
39806,0.022410912
39807,0.91915566
39808,0.97408247
39809,0.9241488
39810,0.04799802
39811,0.13250858
39812,0.0048932624
39813,0.46987918
39814,0.018287595
39815,0.017146459
39816,0.013054885
39817,0.03889669
39818,0.08681108
39819,0.054597303
39820,0.47871482
39821,1.0
39822,0.064878896
39823,0.11271668
39824,0.091642745
39825,0.11543869
39826,0.0666118
39827,0.13283482
39828,0.1042036
39829,0.039220568
39830,0.07235718
39831,0.08277743
39832,0.09676398
39833,0.28536433
39834,0.2615129
39835,0.11942049
39836,0.05512927
39837,0.09382888
39838,0.06412926
39839,0.17073524
39840,0.024582695
39841,0.04816429
39842,0.03584341
39843,0.012172289
39844,0.011336444
39845,0.053413436
39846,0.04591426
39847,0.2610864
39848,0.74112564
39849,0.17396928
39850,0.13715783
39851,0.09799366
39852,0.12158338
39853,0.12606765
39854,0.5980228
39855,0.06633029
39856,0.033032626
39857,0.15439291
39858,0.14560609
39859,0.25097033
39860,0.42824206
39861,0.1849677
39862,0.10038291
39863,0.9554743
39864,0.13825817
39865,0.0150462715
39866,0.2410042
39867,0.1538028
39868,0.012526476
39869,0.56632775
39870,0.045270756
39871,0.032135874
39872,0.045683738
39873,0.054255888
39874,0.11376569
39875,0.44515505
39876,0.26877517
39877,0.30118543
39878,0.26580656
39879,0.13069953
39880,0.14509651
39881,0.2676856
39882,0.013661558
39883,0.12751065
39884,0.07961547
39885,0.056630738
39886,0.44929805
39887,0.26857275
39888,0.4584731
39889,0.26107094
39890,0.07459246
39891,0.10842866
39892,0.08478767
39893,0.04202395
39894,0.012996099
39895,0.022211129
39896,0.049868397
39897,0.07839701
39898,0.08501141
39899,0.22410206
39900,0.44051287
39901,0.75357807
39902,0.4448771
39903,0.2959606
39904,0.60413074
39905,0.09282893
39906,0.05015948
39907,0.064513594
39908,0.13354221
39909,0.26192504
39910,0.06686108
39911,0.023621196
39912,0.05611662
39913,0.13756971
39914,0.04091272
39915,0.08832859
39916,0.018920032
39917,0.0077645103
39918,0.025893677
39919,0.06672852
39920,0.05207538
39921,0.07175191
39922,0.2629141
39923,0.26449427
39924,0.39626506
39925,0.7915689
39926,0.62909615
39927,0.26533866
39928,0.09429044
39929,0.03836733
39930,0.014886307
39931,0.04742295
39932,0.07970888
39933,0.03437196
39934,0.97163427
39935,0.06118147
39936,0.024531296
39937,0.064789176
39938,0.054070942
39939,0.40044612
39940,0.04860454
39941,0.040748026
39942,0.009583284
39943,0.043331366
39944,0.012560985
39945,0.0073241796
39946,0.029852247
39947,0.07536155
39948,0.09113489
39949,0.6487597
39950,0.4410568
39951,0.3911188
39952,1.0
39953,0.44911605
39954,0.30175886
39955,0.14031814
39956,0.027634678
39957,0.027367761
39958,0.04171593
39959,0.049898483
39960,0.03220041
39961,0.05446914
39962,0.40407285
39963,0.09519535
39964,0.25688764
39965,0.029702809
39966,0.11966818
39967,0.120773636
39968,0.12715715
39969,0.15720786
39970,0.04282635
39971,0.025333969
39972,0.039447043
39973,0.12608556
39974,0.95702827
39975,0.3827613
39976,0.7097331
39977,0.46154493
39978,0.27120033
39979,0.12988177
39980,0.104183
39981,0.025701677
39982,0.045200765
39983,0.029359331
39984,0.11002516
39985,0.10679474
39986,0.18208426
39987,0.020577878
39988,0.06776208
39989,0.2881066
39990,0.069829814
39991,0.09354328
39992,0.15898867
39993,0.035496674
39994,0.11895968
39995,0.14295988
39996,0.06977537
39997,0.1394537
39998,0.02931132
39999,0.11391401
40000,0.07985467
40001,0.049826533
40002,0.101079166
40003,0.11474916
40004,0.10061343
40005,0.0065830597
40006,0.10435114
40007,0.039819226
40008,0.030915545
40009,0.10231382
40010,0.033608265
40011,0.05372482
40012,0.060363837
40013,0.19418354
40014,0.2774786
40015,0.6357193
40016,0.12288373
40017,0.01506575
40018,0.017303376
40019,0.026996125
40020,0.060023893
40021,0.06660298
40022,0.13684517
40023,0.01294823
40024,0.023983998
40025,0.028235141
40026,0.07153859
40027,0.07890541
40028,0.5096053
40029,0.015362402
40030,0.018114438
40031,0.051193736
40032,0.06899743
40033,0.09915571
40034,0.4134709
40035,0.12718585
40036,0.15269165
40037,0.039249647
40038,0.017608875
40039,0.07356877
40040,0.24569154
40041,0.05077036
40042,0.26785004
40043,0.02257137
40044,0.0228357
40045,0.10904032
40046,0.058119964
40047,0.047629144
40048,0.029834203
40049,0.06318696
40050,0.2821846
40051,0.03491659
40052,0.017905341
40053,0.027851922
40054,0.03555925
40055,0.07104298
40056,0.2657485
40057,0.050023753
40058,0.19495699
40059,0.096184805
40060,0.021723626
40061,0.015832832
40062,0.029360134
40063,0.044953935
40064,0.023342963
40065,0.29772565
40066,0.280452
40067,0.017130997
40068,0.08281059
40069,0.041947402
40070,0.012137398
40071,0.44473392
40072,0.69004065
40073,0.13200296
40074,0.12149482
40075,0.011420493
40076,0.09516301
40077,0.058558002
40078,0.05058979
40079,0.09256771
40080,0.07384599
40081,0.108455874
40082,1.0
40083,0.07785036
40084,0.079286754
40085,0.08352707
40086,0.0115482155
40087,0.036237262
40088,0.1235409
40089,0.4309142
40090,0.06450294
40091,0.17995912
40092,0.025660275
40093,0.10975642
40094,0.019510467
40095,0.0751667
40096,0.021810615
40097,0.004474978
40098,0.032146472
40099,0.061643388
40100,0.07522567
40101,0.031524334
40102,0.019163005
40103,0.06830586
40104,0.016870782
40105,0.17487317
40106,0.04140246
40107,0.05010361
40108,0.017031278
40109,0.033954863
40110,0.08019536
40111,0.08835153
40112,0.019575551
40113,0.040968385
40114,0.97837454
40115,0.058577262
40116,0.113032416
40117,0.032447487
40118,0.03490382
40119,0.028442739
40120,0.2889369
40121,0.02719352
40122,0.010449653
40123,0.010909705
40124,0.004309827
40125,0.10859213
40126,0.10646316
40127,0.46331283
40128,0.022959769
40129,0.016209794
40130,0.0077906144
40131,0.031933665
40132,0.026578354
40133,0.1546449
40134,0.05727108
40135,0.00083120016
40136,0.010833792
40137,0.08116242
40138,0.16174446
40139,0.08444253
40140,0.079914205
40141,0.07278423
40142,0.020848803
40143,0.04908269
40144,0.06115727
40145,0.14880477
40146,0.12825243
40147,0.018668324
40148,0.010407041
40149,0.010151784
40150,0.017496524
40151,0.012777318
40152,0.008842834
40153,0.010339311
40154,0.010662681
40155,0.033996478
40156,0.0726464
40157,0.04764833
40158,0.085852705
40159,0.0122064585
40160,0.13097008
40161,0.2693703
40162,0.00674212
40163,0.016179623
40164,0.010352682
40165,0.0
40166,0.010193875
40167,0.022799363
40168,0.011987199
40169,0.05369417
40170,0.013792634
40171,0.04739691
40172,0.09411042
40173,0.024329899
40174,0.034067746
40175,0.0076975375
40176,0.031605065
40177,0.014565633
40178,0.11825673
40179,0.43219745
40180,0.06302185
40181,0.04457714
40182,0.056045514
40183,0.06038805
40184,0.022337994
40185,0.009607713
40186,0.094369285
40187,0.015291534
40188,0.11237714
40189,0.1752947
40190,0.024635008
40191,0.024463248
40192,0.02567224
40193,0.028691635
40194,0.016748527
40195,0.010779594
40196,0.029701065
40197,0.013953277
40198,0.11943954
40199,0.08930063
40200,0.16697995
40201,0.01614838
40202,0.021089673
40203,0.01878302
40204,0.016207099
40205,0.048155386
40206,0.022486726
40207,0.04503222
40208,0.17285402
40209,0.25000107
40210,0.1084496
40211,0.017748276
40212,0.028456854
40213,0.018322598
40214,0.039573357
40215,0.01903632
40216,0.029588271
40217,0.011296107
40218,0.000925986
40219,0.037498128
40220,0.038237527
40221,0.04398577
40222,0.04045328
40223,0.026157107
40224,0.06293507
40225,0.019424107
40226,0.03700041
40227,0.030951511
40228,0.29951575
40229,0.019938841
40230,0.15620404
40231,0.13386257
40232,0.15817979
40233,0.03949553
40234,0.1488268
40235,0.38425073
40236,0.03169753
40237,0.105480306
40238,0.05350654
40239,0.027322968
40240,0.024349567
40241,0.0031359375
40242,0.13262464
40243,0.80948365
40244,0.116682746
40245,0.04015602
40246,0.044871625
40247,0.11801477
40248,0.06704392
40249,0.021897838
40250,0.01962596
40251,0.07661505
40252,0.13599509
40253,0.5147131
40254,0.45768097
40255,0.049767185
40256,0.051089607
40257,0.12766226
40258,0.26190934
40259,0.034234114
40260,0.041552648
40261,0.08034505
40262,0.033608396
40263,0.49274355
40264,0.12261791
40265,0.13810222
40266,0.6160263
40267,0.26318055
40268,0.03064633
40269,0.47317076
40270,0.07934363
40271,0.08980446
40272,0.027183652
40273,0.02307564
40274,0.07299474
40275,0.08581393
40276,0.121332146
40277,0.09906121
40278,0.025463248
40279,0.06794615
40280,0.38322616
40281,0.04880336
40282,0.060969926
40283,0.049748447
40284,0.024601897
40285,0.036749806
40286,0.054185852
40287,0.14451818
40288,0.1547546
40289,0.04588978
40290,0.26922664
40291,0.2601174
40292,0.08172473
40293,0.45574173
40294,0.44019133
40295,0.008188353
40296,0.07424826
40297,0.058872268
40298,0.011472247
40299,0.008484609
40300,0.0
40301,0.034995228
40302,0.06527065
40303,0.0767021
40304,0.09334083
40305,0.15581642
40306,0.40968588
40307,0.02616768
40308,0.05104605
40309,0.029145714
40310,0.37913442
40311,0.03517241
40312,0.047035072
40313,0.04511885
40314,0.028284147
40315,0.12364766
40316,0.48042697
40317,0.11112685
40318,0.019939922
40319,0.028989067
40320,0.04769006
40321,0.06411371
40322,0.013313735
40323,0.11113792
40324,0.16844356
40325,0.07699684
40326,0.07477826
40327,0.0380906
40328,0.033059776
40329,0.03345197
40330,0.027779285
40331,0.14298527
40332,0.07251888
40333,0.11312085
40334,0.01910687
40335,0.06471818
40336,0.03774076
40337,0.024700537
40338,0.026088014
40339,0.019481743
40340,0.049284022
40341,0.083259
40342,0.4716816
40343,0.4313181
40344,0.0354142
40345,0.03608813
40346,0.026874008
40347,0.06638135
40348,0.03903479
40349,0.0060442346
40350,0.043546822
40351,0.01651377
40352,0.25356457
40353,0.026176747
40354,0.029189827
40355,0.029104065
40356,0.07089877
40357,0.06950762
40358,0.1541651
40359,0.28679362
40360,0.27439356
40361,0.05884677
40362,0.045528334
40363,0.02884579
40364,0.055782504
40365,0.042041186
40366,0.2673941
40367,0.05407406
40368,0.59746134
40369,0.08026757
40370,0.07464536
40371,0.03739982
40372,0.03928215
40373,0.017946284
40374,0.08117298
40375,0.08401886
40376,0.06650022
40377,0.13930385
40378,0.25709075
40379,0.5590743
40380,0.07075265
40381,0.035938673
40382,0.07894403
40383,0.018208208
40384,0.10494192
40385,0.035266805
40386,0.09925135
40387,0.04019813
40388,0.07525677
40389,0.03073341
40390,0.041123144
40391,0.030297663
40392,0.0061560017
40393,0.12911767
40394,0.00019565414
40395,0.041691393
40396,0.02046056
40397,0.026460981
40398,0.03679297
40399,0.05939459
40400,0.06907334
40401,0.11327547
40402,0.09736887
40403,0.27186546
40404,0.14489242
40405,0.1484589
40406,0.020699564
40407,0.083829954
40408,0.049837247
40409,0.046478596
40410,0.070978716
40411,0.011509881
40412,0.03666646
40413,0.042708203
40414,0.04182091
40415,0.056958366
40416,0.020754471
40417,0.05188927
40418,0.064090155
40419,0.0407906
40420,0.11872958
40421,0.063360445
40422,0.119738586
40423,0.5564925
40424,0.1138637
40425,0.10680122
40426,0.064268224
40427,0.09017675
40428,0.06888996
40429,0.077292345
40430,0.044543497
40431,0.022111332
40432,0.2574607
40433,0.06613162
40434,0.057935268
40435,0.039889667
40436,0.04163893
40437,0.013854413
40438,0.05104447
40439,0.27984583
40440,0.05954111
40441,0.047227006
40442,0.093454316
40443,0.9481907
40444,0.100662544
40445,0.02825083
40446,0.11134185
40447,0.069869995
40448,0.16530867
40449,0.2898884
40450,0.061562654
40451,0.022151679
40452,0.05843647
40453,0.046203237
40454,0.081358574
40455,0.2361094
40456,0.025174832
40457,0.13247544
40458,0.05100137
40459,0.049210224
40460,0.004431551
40461,0.018273456
40462,0.023085285
40463,0.054845337
40464,0.06305931
40465,0.027844012
40466,0.11735954
40467,0.13866319
40468,0.27622417
40469,0.091609605
40470,0.036153756
40471,0.07046631
40472,0.15908614
40473,0.259078
40474,0.054750845
40475,0.053490065
40476,0.011805004
40477,0.057901416
40478,0.48257872
40479,0.026538368
40480,0.13491733
40481,0.40897712
40482,0.10615641
40483,0.04308048
40484,0.047227956
40485,0.26475924
40486,0.2733107
40487,0.09547861
40488,0.0951541
40489,0.13334188
40490,0.122153044
40491,0.10949361
40492,0.17372636
40493,0.26733258
40494,0.07092061
40495,0.047228564
40496,0.09207323
40497,0.055459224
40498,0.18700254
40499,0.91617435
40500,0.050603807
40501,0.25929257
40502,0.007447495
40503,0.03790357
40504,0.19394091
40505,0.045583036
40506,0.068056785
40507,0.023014154
40508,0.045577224
40509,0.5351461
40510,0.05814812
40511,0.08923427
40512,0.16265142
40513,0.12938674
40514,0.17411165
40515,0.26294154
40516,0.1613356
40517,0.029144067
40518,0.16374515
40519,0.117270775
40520,0.08633698
40521,1.0
40522,0.41021532
40523,0.29362306
40524,0.019757515
40525,0.14521918
40526,0.00050186826
40527,0.06797167
40528,0.012203608
40529,0.04013587
40530,0.013102436
40531,0.026921714
40532,0.040433653
40533,0.062709875
40534,0.097413674
40535,0.07897954
40536,0.10710055
40537,0.077706836
40538,0.12524027
40539,0.08775298
40540,0.02682935
40541,0.08072642
40542,0.28548855
40543,0.04647057
40544,1.0
40545,0.98512155
40546,0.5908245
40547,0.023758406
40548,0.08051431
40549,0.46546355
40550,0.07972204
40551,0.036706865
40552,0.0
40553,0.047049727
40554,0.05244379
40555,0.04754307
40556,0.008605167
40557,0.46827188
40558,0.021808874
40559,0.037218664
40560,0.10772808
40561,0.109495245
40562,0.04866788
40563,0.041968305
40564,0.14317428
40565,0.07542957
40566,0.107226
40567,0.08593606
40568,0.08676709
40569,0.9743885
40570,0.92356324
40571,0.3941687
40572,0.065209314
40573,0.025051683
40574,0.000396638
40575,0.46073967
40576,0.070926115
40577,0.29655448
40578,0.04481822
40579,0.09844214
40580,0.097054094
40581,0.08752042
40582,0.11695571
40583,0.13102119
40584,0.5325194
40585,0.62457293
40586,0.15069532
40587,0.124209486
40588,0.08742833
40589,0.060798958
40590,0.09201482
40591,0.042822503
40592,0.031252738
40593,0.020077601
40594,0.11602282
40595,0.13162467
40596,0.04377805
40597,0.09428951
40598,0.018786723
40599,0.90183157
40600,0.9568187
40601,0.9719317
40602,0.055260483
40603,0.13239607
40604,0.0031647892
40605,0.40543848
40606,0.024478199
40607,0.016740896
40608,0.038783103
40609,0.08776296
40610,0.053644884
40611,0.49433255
40612,1.0
40613,0.056283504
40614,0.09428112
40615,0.08213335
40616,0.12352509
40617,0.06188803
40618,0.13538106
40619,0.099655256
40620,0.029973276
40621,0.079465695
40622,0.08186168
40623,0.103304565
40624,0.038100492
40625,0.2752672
40626,0.17925206
40627,0.116944686
40628,0.053784717
40629,0.030691016
40630,0.083721064
40631,0.05735156
40632,0.17431702
40633,0.019939134
40634,0.041106924
40635,0.06821901
40636,0.014508296
40637,0.015762137
40638,0.04448293
40639,0.0408895
40640,0.26288384
40641,0.7453359
40642,0.15310386
40643,0.2529495
40644,0.09746275
40645,0.14502138
40646,0.1323791
40647,0.5918194
40648,0.07057741
40649,0.033169057
40650,0.012277544
40651,0.14000525
40652,0.13393515
40653,0.25048688
40654,0.4521972
40655,0.16857554
40656,0.106074035
40657,1.0
40658,0.13326494
40659,0.019467898
40660,0.11761278
40661,0.23411219
40662,0.013173487
40663,0.041960765
40664,0.6179195
40665,0.048226222
40666,0.032191843
40667,0.045904636
40668,0.053339817
40669,0.118424214
40670,0.47842333
40671,0.423468
40672,0.29036984
40673,0.2590253
40674,0.13591889
40675,0.14689402
40676,0.26416618
40677,0.14006457
40678,0.07301039
40679,0.053000618
40680,0.43830913
40681,0.25727025
40682,0.040611275
40683,0.4756836
40684,0.26252055
40685,0.07100292
40686,0.106223635
40687,0.07609133
40688,0.045007057
40689,0.009810084
40690,0.023602098
40691,0.04839589
40692,0.07816682
40693,0.08727739
40694,0.101749174
40695,0.42581704
40696,0.70438385
40697,0.28545716
40698,0.2895369
40699,0.6205571
40700,0.08481585
40701,0.0077314037
40702,0.058383707
40703,0.06552149
40704,0.12932217
40705,0.2620725
40706,0.055915773
40707,0.01831245
40708,0.04686143
40709,0.14315075
40710,0.038318317
40711,0.07532469
40712,0.022302166
40713,0.031765625
40714,0.008360103
40715,0.012128925
40716,0.007569472
40717,0.024125367
40718,0.077190325
40719,0.048554044
40720,0.07484844
40721,0.2551404
40722,0.13716313
40723,0.40128893
40724,0.7843698
40725,0.65080583
40726,0.26271722
40727,0.10036864
40728,0.037235815
40729,0.013577144
40730,0.04629067
40731,0.098534815
40732,0.98806715
40733,0.059492495
40734,0.030450817
40735,0.06521917
40736,0.046431053
40737,0.24984266
40738,0.0433702
40739,0.038564123
40740,0.008454097
40741,0.045450598
40742,0.030906552
40743,0.07499588
40744,0.093080156
40745,0.60148245
40746,0.4066219
40747,0.4091558
40748,1.0
40749,0.27644256
40750,0.32317197
40751,0.14903517
40752,0.022571275
40753,0.05028842
40754,0.04004712
40755,0.039643094
40756,0.052110106
40757,0.4357861
40758,0.08864253
40759,0.2644159
40760,0.028786276
40761,0.118978724
40762,0.122107215
40763,0.12695247
40764,0.14895488
40765,0.044328757
40766,0.018992953
40767,0.036420405
40768,0.11898147
40769,0.9606868
40770,0.40471905
40771,0.8385169
40772,0.3741167
40773,0.18010542
40774,0.12926623
40775,0.105642915
40776,0.03582626
40777,0.012441071
40778,0.02884035
40779,0.011670561
40780,0.047975227
40781,0.12878151
40782,0.08611467
40783,0.058845546
40784,0.19556138
40785,0.013216189
40786,0.056896027
40787,0.27811137
40788,0.052677102
40789,0.085174635
40790,0.16307154
40791,0.036179267
40792,0.009241312
40793,0.13044989
40794,0.1479675
40795,0.07137383
40796,0.1378489
40797,0.09579501
40798,0.071199715
40799,0.05706297
40800,0.10144606
40801,0.10242739
40802,0.04805313
40803,0.007830126
40804,0.10701135
40805,0.0064653186
40806,0.1082504
40807,0.031996734
40808,0.09729507
40809,0.04084726
40810,0.049572658
40811,0.062167175
40812,0.16917306
40813,0.26483214
40814,0.7259287
40815,0.12268416
40816,0.032558594
40817,0.05986978
40818,0.017892756
40819,0.059458278
40820,0.1391972
40821,0.012564118
40822,0.023078432
40823,0.013784033
40824,0.008009452
40825,0.02411367
40826,0.06740535
40827,0.07759052
40828,0.40361014
40829,0.015349633
40830,0.018663596
40831,0.051650256
40832,0.06635306
40833,0.086930044
40834,0.3067283
40835,0.2752706
40836,0.013018541
40837,0.25470728
40838,0.0380622
40839,0.015917553
40840,0.070224136
40841,0.2548795
40842,0.037843507
40843,0.18419449
40844,0.024210915
40845,0.11465004
40846,0.059701174
40847,0.047853976
40848,0.015235711
40849,0.030247385
40850,0.060858667
40851,0.18623248
40852,0.03972141
40853,0.019688096
40854,0.023908557
40855,0.04731932
40856,0.06766137
40857,0.27712494
40858,0.06685718
40859,0.25512314
40860,0.09091084
40861,0.027364364
40862,0.04460101
40863,0.022782989
40864,0.28225923
40865,0.014972546
40866,0.28596613
40867,0.014951951
40868,0.08220834
40869,0.040423486
40870,0.014437367
40871,0.49671748
40872,0.79842556
40873,0.11465429
40874,0.12527046
40875,0.017296758
40876,0.08295262
40877,0.04446956
40878,0.05322408
40879,0.08331052
40880,0.078038156
40881,0.101348855
40882,1.0
40883,0.082575195
40884,0.0064458526
40885,0.06973468
40886,0.06866492
40887,0.012037037
40888,0.03324387
40889,0.11060152
40890,0.33317757
40891,0.050360277
40892,0.15758495
40893,0.14233463
40894,0.017660841
40895,0.07521121
40896,0.022968275
40897,0.02585302
40898,0.060928054
40899,0.080961585
40900,0.032611914
40901,0.053931683
40902,0.013659734
40903,0.277626
40904,0.048741832
40905,0.057941005
40906,0.014230745
40907,0.030683907
40908,0.07381138
40909,0.07801561
40910,0.0148300445
40911,0.044367015
40912,0.9903475
40913,0.06040366
40914,0.111099094
40915,0.05354031
40916,0.040192254
40917,0.037998226
40918,0.034306142
40919,0.014789126
40920,0.017469347
40921,0.28336602
40922,0.02743817
40923,0.0044484404
40924,0.009008731
40925,0.1128174
40926,0.018565688
40927,0.095604084
40928,0.041582707
40929,0.036971983
40930,0.2698755
40931,0.022544263
40932,0.020864945
40933,0.018644216
40934,0.024010224
40935,0.02881837
40936,0.14396128
40937,0.056905285
40938,0.007894625
40939,0.008277592
40940,0.06406246
40941,0.1663971
40942,0.08188554
40943,0.07920924
40944,0.05086278
40945,0.01792918
40946,0.051423434
40947,0.016510146
40948,0.06470537
40949,0.14607729
40950,0.15441267
40951,0.009386307
40952,0.031039689
40953,0.057706486
40954,0.043023437
40955,0.082727715
40956,0.01801938
40957,0.13639036
40958,0.28547314
40959,0.011396633
40960,0.016756376
40961,0.019205898
40962,0.020890774
40963,0.03549557
40964,0.01346726
40965,0.053749237
40966,0.0067574014
40967,0.045487657
40968,0.08987779
40969,0.023212135
40970,0.032129515
40971,0.008338817
40972,0.031150449
40973,0.10318282
40974,0.2928132
40975,0.05434334
40976,0.046255145
40977,0.05586113
40978,0.055733714
40979,0.02212603
40980,0.010511426
40981,0.07686015
40982,0.01526145
40983,0.10975329
40984,0.0075018494
40985,0.16865455
40986,0.017261654
40987,0.03537665
40988,0.012240138
40989,0.011907575
40990,0.024206674
40991,0.10892558
40992,0.09255725
40993,0.16703285
40994,0.014562133
40995,0.03916269
40996,0.021854812
40997,0.035994746
40998,0.28743324
40999,0.26721781
41000,0.10258942
41001,0.031798754
41002,0.041080836
41003,0.0
41004,0.028947888
41005,0.03442217
41006,0.036768936
41007,0.037343774
41008,0.1326444
41009,0.035202246
41010,0.0
41011,0.13987587
41012,0.16188267
41013,0.023453735
41014,0.027907755
41015,0.106437445
41016,0.17192718
41017,0.024675352
41018,0.09792532
41019,0.056912597
41020,0.0023110122
41021,0.11969183
41022,0.052450184
41023,0.81944543
41024,0.10972625
41025,0.2712914
41026,0.04281969
41027,0.014850094
41028,0.013212639
41029,0.005497741
41030,0.08936005
41031,0.47787628
41032,0.4912366
41033,0.036273073
41034,0.052479845
41035,0.019224482
41036,0.12252919
41037,0.12728141
41038,0.021041999
41039,0.017121797
41040,0.04095896
41041,0.10075966
41042,0.27532727
41043,0.12855707
41044,0.11372864
41045,0.5754722
41046,0.2566944
41047,0.48515597
41048,0.06262428
41049,0.104736656
41050,0.029910695
41051,0.023054877
41052,0.053698115
41053,0.07996326
41054,0.08024041
41055,0.092268616
41056,0.022394491
41057,0.03673936
41058,0.071181536
41059,0.25851208
41060,0.04962337
41061,0.034308046
41062,0.061535858
41063,0.041211117
41064,0.029081367
41065,0.04307967
41066,0.118469015
41067,0.15461697
41068,0.03594169
41069,0.009531181
41070,0.1473408
41071,0.09639968
41072,0.07585169
41073,0.42105132
41074,0.43868515
41075,0.07652197
41076,0.06620982
41077,0.011620569
41078,0.032662112
41079,0.058645036
41080,0.0803288
41081,0.1484966
41082,0.43685114
41083,0.028663345
41084,0.04263563
41085,0.019573769
41086,0.021532062
41087,0.026332114
41088,0.15486905
41089,0.035430532
41090,0.063985385
41091,0.042195737
41092,0.109155595
41093,0.43642777
41094,0.10398929
41095,0.020129133
41096,0.02787802
41097,0.05213637
41098,0.057185974
41099,0.09859685
41100,0.15733974
41101,0.07922475
41102,0.08389166
41103,0.042316545
41104,0.027992899
41105,0.032807175
41106,0.030075988
41107,0.026684482
41108,0.12970881
41109,0.073048055
41110,0.11227464
41111,0.026949944
41112,0.058219258
41113,0.034101136
41114,0.023291657
41115,0.023651889
41116,0.024413038
41117,0.043737706
41118,0.02392235
41119,0.06905461
41120,0.49369326
41121,0.43578157
41122,0.03430431
41123,0.02930278
41124,0.076337226
41125,0.027003301
41126,0.0098144235
41127,0.042626187
41128,0.007526628
41129,0.017916264
41130,0.26471755
41131,0.032257058
41132,0.029440342
41133,0.031532086
41134,0.065515295
41135,0.07050905
41136,0.15086251
41137,0.28577378
41138,0.24804677
41139,0.06909545
41140,0.048290126
41141,0.020590235
41142,0.052078925
41143,0.04328143
41144,0.3750767
41145,0.04635607
41146,0.60884863
41147,0.09363746
41148,0.0810684
41149,0.030094407
41150,0.03589918
41151,0.048441127
41152,0.011737887
41153,0.020452026
41154,0.06750115
41155,0.03648974
41156,0.08695893
41157,0.05500552
41158,0.10020064
41159,0.15291782
41160,0.509294
41161,0.06881996
41162,0.03272097
41163,0.07827004
41164,0.017712018
41165,0.030990122
41166,0.10667333
41167,0.044260625
41168,0.10453581
41169,0.036243994
41170,0.0718157
41171,0.034315087
41172,0.048746858
41173,0.017861988
41174,0.12003294
41175,0.04219831
41176,0.016210005
41177,0.024937421
41178,0.041401517
41179,0.05986803
41180,0.07187659
41181,0.103975885
41182,0.09709097
41183,0.26983234
41184,0.13056943
41185,0.25958893
41186,0.016404439
41187,0.07767925
41188,0.050879538
41189,0.04559925
41190,0.054879855
41191,0.018413175
41192,0.022803336
41193,0.048337877
41194,0.037237372
41195,0.020800933
41196,0.057060286
41197,0.001405562
41198,0.055160683
41199,0.043003365
41200,0.12255459
41201,0.057007093
41202,0.112061046
41203,0.5437523
41204,0.106313094
41205,0.108241305
41206,0.065147534
41207,0.083906285
41208,0.06288025
41209,0.074810036
41210,0.04404797
41211,0.014954082
41212,0.25212407
41213,0.06414725
41214,0.055991773
41215,0.040908325
41216,0.0494012
41217,0.014109512
41218,0.049012855
41219,0.16758904
41220,0.061252393
41221,0.03764078
41222,0.08521511
41223,0.96118796
41224,0.09303943
41225,0.023505352
41226,0.10363025
41227,0.06815397
41228,0.15499279
41229,0.2773262
41230,0.058106273
41231,0.026821181
41232,0.050062574
41233,0.054471422
41234,0.10099864
41235,0.11603567
41236,0.042750567
41237,0.23414363
41238,0.05228007
41239,0.05448842
41240,0.019217804
41241,0.021636434
41242,0.04985137
41243,0.060830332
41244,0.027213985
41245,0.105656
41246,0.14237884
41247,0.15804857
41248,0.09041472
41249,0.03557948
41250,0.08943795
41251,0.12917635
41252,0.26000983
41253,0.05397125
41254,0.05090418
41255,0.014074909
41256,0.047737293
41257,0.49824905
41258,0.2597396
41259,0.4883152
41260,0.10125682
41261,0.0073656533
41262,0.005141999
41263,0.0404712
41264,0.043692883
41265,0.452805
41266,0.2717354
41267,0.08756989
41268,0.08778436
41269,0.119739115
41270,0.13026297
41271,0.11677142
41272,0.16964707
41273,0.26338825
41274,0.06855067
41275,0.043834377
41276,0.09301036
41277,0.050036915
41278,0.15359671
41279,0.86715776
41280,0.052565902
41281,0.46230015
41282,0.035339434
41283,0.17180677
41284,0.014261817
41285,0.042587426
41286,0.06365843
41287,0.02846993
41288,0.04752936
41289,0.52843046
41290,0.052765835
41291,0.0818206
41292,0.16921344
41293,0.13195747
41294,0.17207678
41295,0.27446955
41296,0.15097709
41297,0.026079899
41298,0.28537017
41299,0.11837553
41300,0.11587879
41301,0.9828186
41302,0.44159466
41303,0.3053311
41304,0.0143441055
41305,0.25029233
41306,0.05674777
41307,0.01780191
41308,0.044316225
41309,0.04746861
41310,0.0644653
41311,0.08545585
41312,0.07672289
41313,0.10789571
41314,0.06965063
41315,0.12567313
41316,0.094743244
41317,0.026912156
41318,0.08881204
41319,0.4229872
41320,0.018138718
41321,0.048119374
41322,0.9738887
41323,0.9838629
41324,0.48613155
41325,0.0779585
41326,0.51505667
41327,0.07160722
41328,0.034214888
41329,0.041940104
41330,0.047419913
41331,0.048686624
41332,0.009040977
41333,0.42608842
41334,0.023192894
41335,0.054081652
41336,0.096948
41337,0.10579146
41338,0.061582893
41339,0.04027418
41340,0.13570265
41341,0.06839892
41342,0.012081817
41343,0.11257368
41344,0.07694801
41345,0.078353666
41346,1.0
41347,0.8807669
41348,0.42087513
41349,0.07380135
41350,0.015902614
41351,0.007852514
41352,0.524254
41353,0.05959118
41354,0.3072392
41355,0.045073215
41356,0.09398408
41357,0.01698448
41358,0.08475621
41359,0.0938062
41360,0.11093487
41361,0.12944926
41362,0.5930225
41363,0.6100585
41364,0.12275875
41365,0.12246959
41366,0.07313675
41367,0.052055202
41368,0.085178874
41369,0.042367134
41370,0.023585396
41371,0.02040211
41372,0.11557642
41373,0.12475832
41374,0.044892624
41375,0.0794781
41376,0.02963373
41377,0.9883473
41378,0.99645
41379,0.94110215
41380,0.051481217
41381,0.13814837
41382,0.5128166
41383,0.014794715
41384,0.011417369
41385,0.033688962
41386,0.07621103
41387,0.053254053
41388,0.4909597
41389,0.9985494
41390,0.06721739
41391,0.11121059
41392,0.0704345
41393,0.10535447
41394,0.05812179
41395,0.13339645
41396,0.09775281
41397,0.041843433
41398,0.06938594
41399,0.07569178
41400,0.10228302
41401,0.035713945
41402,0.2743741
41403,0.26110533
41404,0.110601194
41405,0.059647866
41406,0.09804102
41407,0.055666424
41408,0.25585258
41409,0.056680463
41410,0.043919098
41411,0.032298338
41412,0.011500311
41413,0.013400618
41414,0.04627412
41415,0.044232424
41416,0.26978692
41417,0.7299322
41418,0.13480173
41419,0.111731544
41420,0.11508658
41421,0.13909888
41422,0.122774094
41423,0.5734355
41424,0.066124864
41425,0.013935227
41426,0.12794948
41427,0.12651494
41428,0.25354674
41429,0.47189787
41430,0.2653323
41431,0.098667145
41432,1.0
41433,0.13319129
41434,0.016361935
41435,0.11614225
41436,0.15614396
41437,0.014380481
41438,0.040091228
41439,0.70515513
41440,0.045757603
41441,0.034964237
41442,0.03443784
41443,0.050200645
41444,0.11197019
41445,0.48431614
41446,0.2516778
41447,0.29319718
41448,0.2628788
41449,0.1128184
41450,0.1421685
41451,0.26337054
41452,0.013930494
41453,0.13623293
41454,0.07101728
41455,0.04423444
41456,0.50982064
41457,0.24469359
41458,0.034412842
41459,0.32212672
41460,0.41224036
41461,0.07008977
41462,0.11153515
41463,0.0803726
41464,0.013033813
41465,0.025456913
41466,0.03963856
41467,0.07408644
41468,0.07744413
41469,0.094485
41470,0.4237754
41471,0.7083194
41472,0.4711113
41473,0.16806689
41474,0.55230767
41475,0.08659176
41476,0.012382753
41477,0.04750004
41478,0.06303593
41479,0.13775261
41480,0.24644986
41481,0.05117412
41482,0.015487786
41483,0.04802684
41484,0.13145897
41485,0.04062147
41486,0.09547151
41487,0.01749537
41488,0.018314548
41489,0.032567747
41490,0.020117335
41491,0.014715525
41492,0.006762456
41493,0.024696391
41494,0.062779985
41495,0.048114862
41496,0.06971593
41497,0.270169
41498,0.13132341
41499,0.37821448
41500,0.8101518
41501,0.66922826
41502,0.1803146
41503,0.10635207
41504,0.05266169
41505,0.09580829
41506,0.01592367
41507,0.031265832
41508,0.98413414
41509,0.05590188
41510,0.06104701
41511,0.0534247
41512,0.2715653
41513,0.041883703
41514,0.008776956
41515,0.046828426
41516,0.0076066568
41517,0.02609193
41518,0.0741713
41519,0.08940482
41520,0.5972895
41521,0.4098376
41522,0.28009787
41523,1.0
41524,0.27194223
41525,0.30020308
41526,0.13940798
41527,0.03293038
41528,0.023426613
41529,0.02055379
41530,0.041539222
41531,0.04538904
41532,0.052324582
41533,0.4749388
41534,0.08200721
41535,0.4683934
41536,0.03055108
41537,0.1237535
41538,0.13442965
41539,0.13446715
41540,0.1406898
41541,0.042906333
41542,0.03492727
41543,0.11617373
41544,0.9977454
41545,0.50695354
41546,0.7275423
41547,0.42589518
41548,0.18029583
41549,0.11546251
41550,0.091496326
41551,0.03894308
41552,0.0220141
41553,0.01010218
41554,0.043540373
41555,0.13308118
41556,0.10178932
41557,0.04392562
41558,0.18398902
41559,0.061237197
41560,0.29832914
41561,0.039918136
41562,0.008689785
41563,0.08571579
41564,0.1396962
41565,0.037844576
41566,0.0066248807
41567,0.25731075
41568,0.14714585
41569,0.06649952
41570,0.12891285
41571,0.086069554
41572,0.0681039
41573,0.053985782
41574,0.1119621
41575,0.10447267
41576,0.04571027
41577,0.00038121967
41578,0.110181406
41579,0.0058972575
41580,0.090347186
41581,0.02958227
41582,0.09971744
41583,0.032298923
41584,0.04951484
41585,0.008375646
41586,0.05394712
41587,0.16513984
41588,0.2670682
41589,0.6448012
41590,0.113055736
41591,0.011478168
41592,0.026592147
41593,0.055611562
41594,0.01631988
41595,0.060578242
41596,0.13047844
41597,0.008677883
41598,0.022909295
41599,0.012618593
41600,0.005708435
41601,0.021755066
41602,0.058723792
41603,0.06887157
41604,0.48399356
41605,0.018265875
41606,0.019060563
41607,0.049443502
41608,0.06321669
41609,0.08534693
41610,0.47830355
41611,0.2809046
41612,0.005807576
41613,0.26034486
41614,0.035735223
41615,0.01890372
41616,0.066293046
41617,0.133004
41618,0.037818886
41619,0.19043764
41620,0.0098161865
41621,0.013057933
41622,0.021550931
41623,0.12111978
41624,0.052089695
41625,0.040516593
41626,0.01947608
41627,0.028212694
41628,0.06466324
41629,0.27617764
41630,0.03877591
41631,0.011285291
41632,0.015278861
41633,0.024426535
41634,0.06700004
41635,0.28261498
41636,0.060977634
41637,0.2690702
41638,0.08436041
41639,0.008705605
41640,0.035935365
41641,0.038632825
41642,0.013671558
41643,0.4756725
41644,0.26838914
41645,0.011868048
41646,0.077025756
41647,0.039239265
41648,0.009072868
41649,0.29296684
41650,0.6965238
41651,0.12192523
41652,0.113780126
41653,0.016050493
41654,0.071414955
41655,0.0452188
41656,0.053721968
41657,0.07458094
41658,0.06523093
41659,0.11714874
41660,1.0
41661,0.077492625
41662,0.06384882
41663,0.067206725
41664,0.10075015
41665,0.33697644
41666,0.06275989
41667,0.18410167
41668,0.10084563
41669,0.018922696
41670,0.06957948
41671,0.02496714
41672,0.023559136
41673,0.05791867
41674,0.08604825
41675,0.031706523
41676,0.056123078
41677,0.0069341166
41678,0.27548915
41679,0.038117107
41680,0.0541973
41681,0.011856799
41682,0.027119307
41683,0.07554278
41684,0.08318435
41685,0.039540846
41686,1.0
41687,0.05197072
41688,0.12009101
41689,0.04985168
41690,0.039745204
41691,0.032082126
41692,0.026264958
41693,0.015894353
41694,0.013184094
41695,0.30342743
41696,0.031557314
41697,0.018091686
41698,0.12701742
41699,0.085605964
41700,0.03356978
41701,0.035863
41702,0.26708752
41703,0.021653011
41704,0.028682925
41705,0.30179888
41706,0.05522612
41707,0.011117687
41708,0.00919685
41709,0.06388759
41710,0.1608949
41711,0.059351247
41712,0.07717279
41713,0.055693027
41714,0.0451775
41715,0.14297068
41716,0.23124681
41717,0.01575906
41718,0.009665194
41719,0.008220263
41720,0.012710736
41721,0.012119628
41722,0.007008723
41723,0.008708144
41724,0.03216351
41725,0.05702698
41726,0.048348103
41727,0.08251105
41728,0.12994908
41729,0.27213365
41730,0.009674386
41731,0.009998917
41732,0.018695343
41733,0.016463066
41734,0.007914829
41735,0.021738734
41736,0.0
41737,0.007271175
41738,0.006707394
41739,0.042275306
41740,0.017385129
41741,0.038814705
41742,0.009308132
41743,0.07901792
41744,0.029875595
41745,0.022299197
41746,0.09383563
41747,0.010204481
41748,0.28899282
41749,0.053330034
41750,0.040597152
41751,0.06678972
41752,0.045920406
41753,0.022613198
41754,0.07155194
41755,0.008638051
41756,0.11219246
41757,0.16029692
41758,0.011595057
41759,0.0025942011
41760,0.02669279
41761,0.030120458
41762,0.008997467
41763,0.013419074
41764,0.009953985
41765,0.099140435
41766,0.07435799
41767,0.027312163
41768,0.16309124
41769,0.017071439
41770,0.009974366
41771,0.036571242
41772,0.025936184
41773,0.2941608
41774,0.15460166
41775,0.0108387675
41776,0.100197986
41777,0.009662971
